# https://github.com/mikedh/trimesh
v 162.64595227 -211.44715718 172.11414848 1.00000000 0.09803922 0.13725490
v 162.30316683 -211.32726914 172.27968323 1.00000000 0.09803922 0.13725490
v 162.74883555 -210.96362598 172.84862611 1.00000000 0.09803922 0.13725490
v 163.05943061 -211.20720191 172.69086542 1.00000000 0.09803922 0.13725490
v 161.37818602 -212.00022182 171.99133714 1.00000000 0.09803922 0.13725490
v 160.99846235 -211.89776760 172.44947041 1.00000000 0.09803922 0.13725490
v 161.38462356 -211.65101691 172.43914509 1.00000000 0.09803922 0.13725490
v 161.78138684 -211.51037583 172.37924343 1.00000000 0.09803922 0.13725490
v 161.99343362 -211.91900532 171.98280215 1.00000000 0.09803922 0.13725490
v 162.52159710 -211.88231131 172.08506174 1.00000000 0.09803922 0.13725490
v 162.97659358 -211.65872382 172.46494705 1.00000000 0.09803922 0.13725490
v 160.08514073 -212.76590041 171.88332572 1.00000000 0.09803922 0.13725490
v 159.60914911 -212.59705395 172.42637973 1.00000000 0.09803922 0.13725490
v 160.00281283 -212.34219056 172.43143801 1.00000000 0.09803922 0.13725490
v 160.42246929 -212.19857768 172.44550896 1.00000000 0.09803922 0.13725490
v 160.83270782 -212.56580173 171.82903782 1.00000000 0.09803922 0.13725490
v 161.40888132 -212.57690208 171.88478505 1.00000000 0.09803922 0.13725490
v 161.77423872 -212.53461508 172.29805922 1.00000000 0.09803922 0.13725490
v 162.23655753 -212.29577975 172.45331898 1.00000000 0.09803922 0.13725490
v 162.72872797 -212.10528284 172.57527082 1.00000000 0.09803922 0.13725490
v 164.06800095 -212.59081608 172.28237748 1.00000000 0.09803922 0.13725490
v 163.90896431 -212.69303257 172.55465681 1.00000000 0.09803922 0.13725490
v 163.95989835 -212.42257526 172.54533028 1.00000000 0.09803922 0.13725490
v 164.22665047 -212.49047426 172.52500437 1.00000000 0.09803922 0.13725490
v 158.71188214 -213.23218718 172.14010617 1.00000000 0.09803922 0.13725490
v 158.40145733 -213.19511330 172.54164390 1.00000000 0.09803922 0.13725490
v 158.60914270 -213.03767102 172.38861215 1.00000000 0.09803922 0.13725490
v 159.01157977 -212.89747241 172.40717437 1.00000000 0.09803922 0.13725490
v 159.36256374 -213.26165659 171.95871811 1.00000000 0.09803922 0.13725490
v 160.07191946 -213.40373904 171.62624351 1.00000000 0.09803922 0.13725490
v 160.64158778 -213.30742801 171.60812936 1.00000000 0.09803922 0.13725490
v 161.21570761 -213.27212235 171.87543000 1.00000000 0.09803922 0.13725490
v 161.64786811 -213.11894112 172.42644057 1.00000000 0.09803922 0.13725490
v 164.17571643 -212.76093158 172.53433090 1.00000000 0.09803922 0.13725490
v 158.59788591 -213.57396196 172.63935187 1.00000000 0.09803922 0.13725490
v 159.31268191 -213.75165572 172.26287910 1.00000000 0.09803922 0.13725490
v 159.83387220 -213.79416601 171.94410676 1.00000000 0.09803922 0.13725490
v 159.61512614 -213.98537186 172.38432084 1.00000000 0.09803922 0.13725490
v 160.47728489 -213.88152200 171.82161430 1.00000000 0.09803922 0.13725490
v 161.10438448 -213.90084360 171.96999113 1.00000000 0.09803922 0.13725490
v 161.66795803 -213.91325761 172.75816975 1.00000000 0.09803922 0.13725490
v 160.01242184 -214.25371651 172.63144731 1.00000000 0.09803922 0.13725490
v 160.83804476 -214.34070063 172.43167383 1.00000000 0.09803922 0.13725490
v 161.34335392 -214.33263237 172.68521281 1.00000000 0.09803922 0.13725490
v 161.48669328 -210.02922708 173.58229356 1.00000000 0.09803922 0.13725490
v 161.04838236 -209.97981615 174.05042363 1.00000000 0.09803922 0.13725490
v 161.42430129 -209.55458583 174.30322389 1.00000000 0.09803922 0.13725490
v 161.70683687 -209.78614764 174.11136033 1.00000000 0.09803922 0.13725490
v 161.43279533 -210.54542625 173.38021333 1.00000000 0.09803922 0.13725490
v 160.98344224 -210.73403499 173.96117547 1.00000000 0.09803922 0.13725490
v 161.93702987 -210.07966940 173.79261565 1.00000000 0.09803922 0.13725490
v 161.99168741 -210.43469987 173.36725905 1.00000000 0.09803922 0.13725490
v 162.59817220 -210.19314008 174.23929249 1.00000000 0.09803922 0.13725490
v 162.53471429 -210.63593410 173.34964831 1.00000000 0.09803922 0.13725490
v 163.03564063 -210.54838158 173.96384370 1.00000000 0.09803922 0.13725490
v 161.30684085 -211.28396438 173.11655832 1.00000000 0.09803922 0.13725490
v 160.87979602 -211.27565474 173.88113378 1.00000000 0.09803922 0.13725490
v 162.05116121 -210.97007120 172.88894538 1.00000000 0.09803922 0.13725490
v 163.30593437 -210.86577028 173.56261230 1.00000000 0.09803922 0.13725490
v 163.52856186 -211.35691178 173.15541314 1.00000000 0.09803922 0.13725490
v 163.90463953 -210.86439887 173.93483663 1.00000000 0.09803922 0.13725490
v 164.24584542 -211.31883574 173.40716749 1.00000000 0.09803922 0.13725490
v 164.69010879 -210.86358073 174.23596887 1.00000000 0.09803922 0.13725490
v 164.75299449 -211.36266913 173.55256508 1.00000000 0.09803922 0.13725490
v 165.09407256 -211.21396423 174.15733675 1.00000000 0.09803922 0.13725490
v 160.02629815 -212.04041497 173.23011580 1.00000000 0.09803922 0.13725490
v 159.63924126 -211.90962853 173.98499990 1.00000000 0.09803922 0.13725490
v 160.04380871 -211.68523804 174.02689656 1.00000000 0.09803922 0.13725490
v 160.43999600 -211.52705846 174.01321722 1.00000000 0.09803922 0.13725490
v 160.71510748 -211.72184660 173.24477312 1.00000000 0.09803922 0.13725490
v 163.25458672 -212.01971779 172.96610951 1.00000000 0.09803922 0.13725490
v 164.03046787 -212.03015985 172.99749125 1.00000000 0.09803922 0.13725490
v 164.67071664 -211.90383425 173.35174279 1.00000000 0.09803922 0.13725490
v 165.08915090 -211.73429746 173.92250300 1.00000000 0.09803922 0.13725490
v 158.61343366 -212.73660154 173.15411672 1.00000000 0.09803922 0.13725490
v 158.20605741 -212.60479474 173.90267919 1.00000000 0.09803922 0.13725490
v 158.61154588 -212.34086682 173.92188639 1.00000000 0.09803922 0.13725490
v 159.03748137 -212.19356113 173.94149423 1.00000000 0.09803922 0.13725490
v 159.32486373 -212.41366282 173.18279497 1.00000000 0.09803922 0.13725490
v 162.09629660 -212.83906050 172.87549879 1.00000000 0.09803922 0.13725490
v 162.76043756 -212.60139106 173.05747316 1.00000000 0.09803922 0.13725490
v 163.55659011 -212.56739136 173.00760346 1.00000000 0.09803922 0.13725490
v 164.66618663 -212.71346433 173.17801980 1.00000000 0.09803922 0.13725490
v 165.14489853 -212.38105861 173.93454952 1.00000000 0.09803922 0.13725490
v 158.05211564 -213.17414283 173.32971717 1.00000000 0.09803922 0.13725490
v 157.65627141 -213.15479540 174.02667388 1.00000000 0.09803922 0.13725490
v 157.83679453 -212.91439265 173.90216032 1.00000000 0.09803922 0.13725490
v 162.07710443 -213.47991743 173.05178990 1.00000000 0.09803922 0.13725490
v 162.53462385 -213.20388561 173.27384633 1.00000000 0.09803922 0.13725490
v 163.15296627 -213.28665473 173.45751283 1.00000000 0.09803922 0.13725490
v 163.96988219 -213.10844427 173.20313188 1.00000000 0.09803922 0.13725490
v 164.61671197 -213.29789632 173.45510183 1.00000000 0.09803922 0.13725490
v 165.46818691 -212.87255756 174.23219491 1.00000000 0.09803922 0.13725490
v 165.20644312 -213.26064955 173.65312828 1.00000000 0.09803922 0.13725490
v 165.72421005 -213.24603442 174.22810848 1.00000000 0.09803922 0.13725490
v 157.84832920 -213.63420739 173.93632474 1.00000000 0.09803922 0.13725490
v 158.47060014 -213.94044810 173.41083251 1.00000000 0.09803922 0.13725490
v 158.17215423 -214.00225636 173.93545684 1.00000000 0.09803922 0.13725490
v 159.15783498 -214.04042064 172.97163641 1.00000000 0.09803922 0.13725490
v 162.09277166 -213.92727375 173.27396666 1.00000000 0.09803922 0.13725490
v 162.55034010 -213.80269119 173.56077382 1.00000000 0.09803922 0.13725490
v 163.05879920 -213.85200877 173.95859771 1.00000000 0.09803922 0.13725490
v 163.58757913 -213.67143478 174.00078803 1.00000000 0.09803922 0.13725490
v 164.25201779 -213.62572452 173.96860556 1.00000000 0.09803922 0.13725490
v 164.93297774 -213.62315731 173.95070273 1.00000000 0.09803922 0.13725490
v 165.50484114 -213.51586968 174.07183405 1.00000000 0.09803922 0.13725490
v 158.57910423 -214.27257881 174.15030050 1.00000000 0.09803922 0.13725490
v 159.40948351 -214.42594280 173.62380544 1.00000000 0.09803922 0.13725490
v 159.92512292 -214.61150232 173.45432720 1.00000000 0.09803922 0.13725490
v 159.61646164 -214.67564925 173.94161887 1.00000000 0.09803922 0.13725490
v 160.49962961 -214.67623205 173.21354232 1.00000000 0.09803922 0.13725490
v 161.14133457 -214.67504832 173.28024996 1.00000000 0.09803922 0.13725490
v 161.63312238 -214.53867632 173.57184974 1.00000000 0.09803922 0.13725490
v 162.17302485 -214.30748564 173.82819853 1.00000000 0.09803922 0.13725490
v 162.74330803 -214.18337759 174.15001701 1.00000000 0.09803922 0.13725490
v 159.97642582 -214.95244093 174.17442256 1.00000000 0.09803922 0.13725490
v 160.81501758 -215.00283664 173.97925821 1.00000000 0.09803922 0.13725490
v 161.38439580 -214.89327540 174.07269175 1.00000000 0.09803922 0.13725490
v 161.18449840 -209.31370386 174.77033546 1.00000000 0.09803922 0.13725490
v 160.97498168 -209.12756589 175.39136046 1.00000000 0.09803922 0.13725490
v 161.45306659 -208.83216125 175.80724086 1.00000000 0.09803922 0.13725490
v 161.66536438 -209.14735985 175.38964552 1.00000000 0.09803922 0.13725490
v 160.75481951 -209.70368156 174.85726367 1.00000000 0.09803922 0.13725490
v 160.35741134 -209.94700194 175.51489988 1.00000000 0.09803922 0.13725490
v 160.64545111 -209.48364018 175.38779722 1.00000000 0.09803922 0.13725490
v 162.01133027 -209.48756004 175.23834690 1.00000000 0.09803922 0.13725490
v 162.20804500 -209.84381640 174.56184781 1.00000000 0.09803922 0.13725490
v 162.64171378 -209.63907093 175.65146085 1.00000000 0.09803922 0.13725490
v 162.62304310 -209.86382935 174.91114045 1.00000000 0.09803922 0.13725490
v 163.02316825 -209.85039987 175.50861113 1.00000000 0.09803922 0.13725490
v 160.56470711 -210.47163397 174.70041153 1.00000000 0.09803922 0.13725490
v 160.16276196 -210.61298078 175.36196514 1.00000000 0.09803922 0.13725490
v 163.28705296 -210.18471010 175.08061333 1.00000000 0.09803922 0.13725490
v 163.58835967 -210.52128457 174.56462168 1.00000000 0.09803922 0.13725490
v 163.91434240 -210.17645198 175.46682005 1.00000000 0.09803922 0.13725490
v 164.23267544 -210.52100443 174.73180810 1.00000000 0.09803922 0.13725490
v 164.70282837 -210.17465005 175.77727128 1.00000000 0.09803922 0.13725490
v 164.70209139 -210.52005969 174.85271792 1.00000000 0.09803922 0.13725490
v 165.11504831 -210.51750435 175.41839837 1.00000000 0.09803922 0.13725490
v 160.05416145 -211.26362857 174.75141809 1.00000000 0.09803922 0.13725490
v 159.61678572 -211.22565954 175.70122424 1.00000000 0.09803922 0.13725490
v 159.88920234 -210.84747403 175.73536510 1.00000000 0.09803922 0.13725490
v 160.63313440 -211.06690841 174.38589269 1.00000000 0.09803922 0.13725490
v 165.46756906 -210.86089798 175.44435225 1.00000000 0.09803922 0.13725490
v 165.44160835 -211.43736377 174.78866272 1.00000000 0.09803922 0.13725490
v 165.79082912 -211.21534005 175.67247448 1.00000000 0.09803922 0.13725490
v 158.64086312 -212.04232839 174.69110151 1.00000000 0.09803922 0.13725490
v 158.31693829 -212.10617729 175.70335530 1.00000000 0.09803922 0.13725490
v 158.75732127 -211.74639055 175.86478422 1.00000000 0.09803922 0.13725490
v 159.17734069 -211.55542861 175.65546193 1.00000000 0.09803922 0.13725490
v 159.36444441 -211.72666929 174.72444347 1.00000000 0.09803922 0.13725490
v 165.42860645 -212.08715297 174.68585401 1.00000000 0.09803922 0.13725490
v 165.77585462 -211.75914342 175.49840760 1.00000000 0.09803922 0.13725490
v 157.85212009 -212.58877006 174.68657926 1.00000000 0.09803922 0.13725490
v 157.57976559 -212.77471313 175.77091940 1.00000000 0.09803922 0.13725490
v 157.92132269 -212.40398386 175.72744279 1.00000000 0.09803922 0.13725490
v 165.44701486 -212.54436642 174.59111989 1.00000000 0.09803922 0.13725490
v 165.78046363 -212.46185492 175.29217150 1.00000000 0.09803922 0.13725490
v 157.35702078 -213.16450668 174.91695433 1.00000000 0.09803922 0.13725490
v 157.07758134 -213.28039261 175.52138426 1.00000000 0.09803922 0.13725490
v 157.19051745 -213.10597128 175.73588214 1.00000000 0.09803922 0.13725490
v 166.02587113 -212.95163554 175.05528822 1.00000000 0.09803922 0.13725490
v 166.13749938 -213.45706028 174.69049361 1.00000000 0.09803922 0.13725490
v 166.62475835 -212.95210337 175.43573344 1.00000000 0.09803922 0.13725490
v 166.96276663 -213.37961109 174.90770426 1.00000000 0.09803922 0.13725490
v 167.41050663 -212.94221930 175.75031023 1.00000000 0.09803922 0.13725490
v 167.60998118 -213.45977742 174.96160229 1.00000000 0.09803922 0.13725490
v 167.88296959 -213.23194359 175.59144561 1.00000000 0.09803922 0.13725490
v 157.39336205 -213.55565500 175.55577141 1.00000000 0.09803922 0.13725490
v 157.86588259 -213.99331555 174.71496525 1.00000000 0.09803922 0.13725490
v 157.68901492 -213.93164655 175.78445943 1.00000000 0.09803922 0.13725490
v 163.35376788 -214.20033992 174.50304639 1.00000000 0.09803922 0.13725490
v 164.07261114 -214.07372361 174.52219828 1.00000000 0.09803922 0.13725490
v 164.76270366 -214.05291796 174.48312063 1.00000000 0.09803922 0.13725490
v 165.44110693 -213.88252474 174.48121617 1.00000000 0.09803922 0.13725490
v 165.97389261 -214.08930790 174.90468913 1.00000000 0.09803922 0.13725490
v 166.61977486 -213.86527551 174.90221958 1.00000000 0.09803922 0.13725490
v 167.31458365 -213.85735939 174.85722313 1.00000000 0.09803922 0.13725490
v 168.12407504 -213.51406503 175.24078350 1.00000000 0.09803922 0.13725490
v 168.08593344 -213.88165661 174.93749049 1.00000000 0.09803922 0.13725490
v 168.79149101 -213.61434970 175.66933736 1.00000000 0.09803922 0.13725490
v 168.69945472 -214.02069780 175.11027479 1.00000000 0.09803922 0.13725490
v 169.21769889 -214.05425211 175.89973483 1.00000000 0.09803922 0.13725490
v 158.09816383 -214.25870987 175.57378253 1.00000000 0.09803922 0.13725490
v 158.50931589 -214.59817112 174.99768819 1.00000000 0.09803922 0.13725490
v 158.39022393 -214.61367870 175.72220993 1.00000000 0.09803922 0.13725490
v 159.14643704 -214.71197533 174.51690407 1.00000000 0.09803922 0.13725490
v 161.97871403 -214.88974255 174.46300019 1.00000000 0.09803922 0.13725490
v 162.78270360 -214.66093975 174.56693382 1.00000000 0.09803922 0.13725490
v 163.47645836 -214.75569852 174.75482757 1.00000000 0.09803922 0.13725490
v 164.04390805 -214.65270669 174.75010808 1.00000000 0.09803922 0.13725490
v 164.72234170 -214.63235383 174.73105231 1.00000000 0.09803922 0.13725490
v 165.41440825 -214.55973971 174.88810885 1.00000000 0.09803922 0.13725490
v 165.89370106 -214.60035915 175.32963071 1.00000000 0.09803922 0.13725490
v 166.32518803 -214.35207066 175.42505134 1.00000000 0.09803922 0.13725490
v 166.95258383 -214.27753443 175.42926939 1.00000000 0.09803922 0.13725490
v 167.66199961 -214.28320253 175.37084923 1.00000000 0.09803922 0.13725490
v 168.35153151 -214.30345397 175.35457380 1.00000000 0.09803922 0.13725490
v 168.86830905 -214.32533358 175.61725947 1.00000000 0.09803922 0.13725490
v 158.78484671 -214.84187677 175.53355624 1.00000000 0.09803922 0.13725490
v 159.38681838 -215.06562922 175.24860123 1.00000000 0.09803922 0.13725490
v 159.88913828 -215.30055047 174.97743021 1.00000000 0.09803922 0.13725490
v 159.64374009 -215.36934431 175.94276855 1.00000000 0.09803922 0.13725490
v 160.45508021 -215.33742147 174.72106402 1.00000000 0.09803922 0.13725490
v 161.25950019 -215.26587583 174.75878036 1.00000000 0.09803922 0.13725490
v 162.02614603 -215.42760626 174.94449711 1.00000000 0.09803922 0.13725490
v 162.69809108 -215.32909822 174.73085532 1.00000000 0.09803922 0.13725490
v 163.27332094 -215.20273642 174.74907172 1.00000000 0.09803922 0.13725490
v 163.88160849 -215.34979976 174.90898230 1.00000000 0.09803922 0.13725490
v 164.57974959 -215.22359764 174.92737808 1.00000000 0.09803922 0.13725490
v 165.21657379 -215.22649301 175.03205912 1.00000000 0.09803922 0.13725490
v 165.78307680 -215.26357623 175.75225187 1.00000000 0.09803922 0.13725490
v 160.10232943 -215.53307186 175.44848862 1.00000000 0.09803922 0.13725490
v 160.70450342 -215.68013242 175.61468134 1.00000000 0.09803922 0.13725490
v 161.50989566 -215.66824015 175.49164524 1.00000000 0.09803922 0.13725490
v 162.08377933 -215.79617573 175.33763882 1.00000000 0.09803922 0.13725490
v 162.66891337 -215.98662297 174.88709258 1.00000000 0.09803922 0.13725490
v 162.32650718 -216.24679228 175.40840558 1.00000000 0.09803922 0.13725490
v 163.37219366 -215.92080404 174.88077566 1.00000000 0.09803922 0.13725490
v 163.85784113 -215.97695060 175.30010822 1.00000000 0.09803922 0.13725490
v 164.30369200 -215.73298035 175.40155744 1.00000000 0.09803922 0.13725490
v 164.93025132 -215.67440066 175.43595560 1.00000000 0.09803922 0.13725490
v 165.44544770 -215.68394162 175.68522830 1.00000000 0.09803922 0.13725490
v 162.72409911 -216.55920126 175.02316088 1.00000000 0.09803922 0.13725490
v 162.47144962 -216.64175044 175.42257047 1.00000000 0.09803922 0.13725490
v 163.17576052 -216.61553164 174.99110673 1.00000000 0.09803922 0.13725490
v 163.74475643 -216.65107697 175.72871644 1.00000000 0.09803922 0.13725490
v 162.75041863 -216.98771927 175.62151790 1.00000000 0.09803922 0.13725490
v 163.39527575 -217.09178079 175.65158318 1.00000000 0.09803922 0.13725490
v 185.40474797 -221.65483244 175.05168833 1.00000000 0.09803922 0.13725490
v 184.96031545 -221.58418859 175.50522769 1.00000000 0.09803922 0.13725490
v 185.33861006 -221.16839865 175.79026287 1.00000000 0.09803922 0.13725490
v 185.62455469 -221.41153529 175.60378105 1.00000000 0.09803922 0.13725490
v 185.32489420 -222.12895141 174.92907153 1.00000000 0.09803922 0.13725490
v 184.99414073 -222.22031864 175.45581436 1.00000000 0.09803922 0.13725490
v 185.81485317 -221.77724408 175.25011574 1.00000000 0.09803922 0.13725490
v 185.93545073 -222.24082628 174.90075967 1.00000000 0.09803922 0.13725490
v 186.21087604 -222.05906330 175.46832237 1.00000000 0.09803922 0.13725490
v 185.34253370 -222.57563438 175.24195957 1.00000000 0.09803922 0.13725490
v 185.80607914 -222.68675297 174.92204954 1.00000000 0.09803922 0.13725490
v 185.65708346 -222.98627645 175.45479773 1.00000000 0.09803922 0.13725490
v 186.63229293 -222.43916526 175.65936951 1.00000000 0.09803922 0.13725490
v 186.40480530 -222.83266390 175.09378637 1.00000000 0.09803922 0.13725490
v 186.97451443 -222.94780862 175.92585803 1.00000000 0.09803922 0.13725490
v 186.15810736 -223.17739739 175.41448730 1.00000000 0.09803922 0.13725490
v 186.62349191 -223.22375474 175.66642945 1.00000000 0.09803922 0.13725490
v 161.19542390 -208.60674946 176.30791888 1.00000000 0.09803922 0.13725490
v 160.96657059 -208.53628334 176.97672910 1.00000000 0.09803922 0.13725490
v 161.27323616 -208.30818484 177.34759344 1.00000000 0.09803922 0.13725490
v 161.59395496 -208.46954463 177.26620371 1.00000000 0.09803922 0.13725490
v 160.62161267 -209.13550658 176.14441497 1.00000000 0.09803922 0.13725490
v 160.26231893 -209.22908016 176.98986800 1.00000000 0.09803922 0.13725490
v 160.62291312 -208.82538419 177.44584573 1.00000000 0.09803922 0.13725490
v 161.89834699 -208.87909347 176.70467649 1.00000000 0.09803922 0.13725490
v 162.12919406 -209.19691949 176.28865906 1.00000000 0.09803922 0.13725490
v 162.32717715 -209.15356565 177.49613024 1.00000000 0.09803922 0.13725490
v 160.06575790 -209.69402237 176.41206776 1.00000000 0.09803922 0.13725490
v 159.75967181 -209.98497329 176.95899724 1.00000000 0.09803922 0.13725490
v 159.92796518 -209.53380147 177.47365950 1.00000000 0.09803922 0.13725490
v 162.67144975 -209.42537834 176.91642437 1.00000000 0.09803922 0.13725490
v 163.36764807 -209.57329811 176.94613168 1.00000000 0.09803922 0.13725490
v 163.61776305 -209.82577454 176.15209505 1.00000000 0.09803922 0.13725490
v 164.11071338 -209.57645757 177.21710572 1.00000000 0.09803922 0.13725490
v 164.26446847 -209.82141550 176.28668659 1.00000000 0.09803922 0.13725490
v 164.62114120 -209.64227080 177.03035078 1.00000000 0.09803922 0.13725490
v 164.71366940 -209.81954961 176.44886115 1.00000000 0.09803922 0.13725490
v 165.03932120 -209.86381426 177.27060433 1.00000000 0.09803922 0.13725490
v 159.93555178 -210.31928113 176.12098729 1.00000000 0.09803922 0.13725490
v 159.67408595 -210.57974577 176.87271120 1.00000000 0.09803922 0.13725490
v 165.34159738 -210.26784336 176.71419059 1.00000000 0.09803922 0.13725490
v 165.49381194 -210.51925574 176.18650662 1.00000000 0.09803922 0.13725490
v 165.74187469 -210.55270091 177.21775067 1.00000000 0.09803922 0.13725490
v 159.44328167 -211.11065580 176.89019645 1.00000000 0.09803922 0.13725490
v 166.00040412 -210.95248609 176.69246991 1.00000000 0.09803922 0.13725490
v 166.12149904 -211.42715085 176.37246836 1.00000000 0.09803922 0.13725490
v 166.30224092 -211.20630859 177.34068070 1.00000000 0.09803922 0.13725490
v 158.58409752 -211.90865821 176.24619629 1.00000000 0.09803922 0.13725490
v 158.83295601 -211.82657550 177.21787034 1.00000000 0.09803922 0.13725490
v 159.11120596 -211.45005931 176.86900012 1.00000000 0.09803922 0.13725490
v 166.24166504 -212.08893204 176.23303842 1.00000000 0.09803922 0.13725490
v 166.52716043 -211.67095606 177.26671439 1.00000000 0.09803922 0.13725490
v 157.87429653 -212.57890461 176.31140475 1.00000000 0.09803922 0.13725490
v 158.23031029 -212.57504740 177.04244855 1.00000000 0.09803922 0.13725490
v 158.55569283 -212.22141648 176.99343400 1.00000000 0.09803922 0.13725490
v 166.27492438 -212.60807853 175.82648512 1.00000000 0.09803922 0.13725490
v 166.76996439 -212.11286557 176.89067093 1.00000000 0.09803922 0.13725490
v 166.86321036 -212.52010903 176.23961748 1.00000000 0.09803922 0.13725490
v 167.42830209 -212.22266272 177.30272073 1.00000000 0.09803922 0.13725490
v 167.41167138 -212.58104594 176.42240363 1.00000000 0.09803922 0.13725490
v 167.83812372 -212.57957594 176.97261364 1.00000000 0.09803922 0.13725490
v 157.13824804 -213.28392817 175.92938045 1.00000000 0.09803922 0.13725490
v 157.49125770 -213.20927895 176.53641049 1.00000000 0.09803922 0.13725490
v 157.86807340 -212.91042631 177.03182392 1.00000000 0.09803922 0.13725490
v 168.10994265 -212.91933092 176.53452551 1.00000000 0.09803922 0.13725490
v 168.39524308 -213.26652705 176.02647277 1.00000000 0.09803922 0.13725490
v 168.82547184 -212.91084888 177.27440506 1.00000000 0.09803922 0.13725490
v 168.82318021 -213.27369591 176.35063416 1.00000000 0.09803922 0.13725490
v 169.22890702 -213.25946913 176.96935935 1.00000000 0.09803922 0.13725490
v 157.87703992 -213.97852878 176.34009367 1.00000000 0.09803922 0.13725490
v 157.85439602 -213.62190111 177.06232479 1.00000000 0.09803922 0.13725490
v 158.20292886 -213.98873791 177.01587848 1.00000000 0.09803922 0.13725490
v 169.59200775 -213.61506044 176.93326446 1.00000000 0.09803922 0.13725490
v 169.59529669 -213.97977029 176.48982253 1.00000000 0.09803922 0.13725490
v 169.95495489 -214.03385747 177.46658279 1.00000000 0.09803922 0.13725490
v 158.66227645 -214.72033274 176.36452915 1.00000000 0.09803922 0.13725490
v 158.43701683 -214.37741790 176.64468528 1.00000000 0.09803922 0.13725490
v 158.86196771 -214.55136963 177.52541153 1.00000000 0.09803922 0.13725490
v 166.11542463 -214.80420578 175.81856968 1.00000000 0.09803922 0.13725490
v 166.59638711 -214.76941171 176.21591982 1.00000000 0.09803922 0.13725490
v 167.30107891 -214.64746301 176.18904248 1.00000000 0.09803922 0.13725490
v 168.01411118 -214.64982580 176.14251179 1.00000000 0.09803922 0.13725490
v 168.66188499 -214.66946295 176.25110793 1.00000000 0.09803922 0.13725490
v 169.22181450 -214.68455306 176.93200935 1.00000000 0.09803922 0.13725490
v 169.58259867 -214.33525779 176.95389637 1.00000000 0.09803922 0.13725490
v 159.13397541 -215.02351438 176.57492693 1.00000000 0.09803922 0.13725490
v 159.56697344 -215.37937416 177.33925681 1.00000000 0.09803922 0.13725490
v 166.19698221 -215.18451212 176.35428644 1.00000000 0.09803922 0.13725490
v 166.52944968 -215.38276961 177.26487667 1.00000000 0.09803922 0.13725490
v 167.00677968 -215.05152258 176.99845808 1.00000000 0.09803922 0.13725490
v 167.66921512 -215.00526277 176.95875536 1.00000000 0.09803922 0.13725490
v 168.36500815 -215.03426205 176.96894369 1.00000000 0.09803922 0.13725490
v 168.88194807 -215.04244019 177.19475824 1.00000000 0.09803922 0.13725490
v 160.05504862 -215.70474803 176.55011985 1.00000000 0.09803922 0.13725490
v 160.56629439 -215.97712189 176.47776756 1.00000000 0.09803922 0.13725490
v 160.31043912 -216.03793820 177.41858680 1.00000000 0.09803922 0.13725490
v 161.23018015 -216.08694737 176.23950212 1.00000000 0.09803922 0.13725490
v 161.84835448 -216.02466419 175.82367932 1.00000000 0.09803922 0.13725490
v 164.07864442 -216.18387623 175.80038833 1.00000000 0.09803922 0.13725490
v 164.57462155 -216.14428996 176.17307904 1.00000000 0.09803922 0.13725490
v 165.23156508 -216.03888335 176.27528197 1.00000000 0.09803922 0.13725490
v 165.78976609 -216.05331063 176.98464351 1.00000000 0.09803922 0.13725490
v 166.12713109 -215.69083981 176.99578972 1.00000000 0.09803922 0.13725490
v 160.77137126 -216.21438015 176.99089740 1.00000000 0.09803922 0.13725490
v 161.25917673 -216.45778951 177.03518953 1.00000000 0.09803922 0.13725490
v 161.97065706 -216.54952639 176.17795512 1.00000000 0.09803922 0.13725490
v 161.63742341 -216.71390058 176.97071973 1.00000000 0.09803922 0.13725490
v 164.15827400 -216.55296598 176.34776740 1.00000000 0.09803922 0.13725490
v 164.50138411 -216.74542631 177.24285616 1.00000000 0.09803922 0.13725490
v 164.97406987 -216.42662643 176.96100911 1.00000000 0.09803922 0.13725490
v 165.44365227 -216.38293550 177.16561344 1.00000000 0.09803922 0.13725490
v 162.00522039 -217.06191033 176.91205261 1.00000000 0.09803922 0.13725490
v 162.64444008 -217.36633715 176.37275177 1.00000000 0.09803922 0.13725490
v 162.33748321 -217.41789258 176.88947448 1.00000000 0.09803922 0.13725490
v 163.19187926 -217.44287439 176.26740772 1.00000000 0.09803922 0.13725490
v 163.76138110 -217.43855260 176.96955543 1.00000000 0.09803922 0.13725490
v 164.08935923 -217.06005103 177.02032242 1.00000000 0.09803922 0.13725490
v 162.71293923 -217.71428162 177.15381295 1.00000000 0.09803922 0.13725490
v 163.38905760 -217.79719606 177.17185518 1.00000000 0.09803922 0.13725490
v 185.09912142 -220.93743154 176.28521540 1.00000000 0.09803922 0.13725490
v 184.89810125 -220.74800086 176.94398963 1.00000000 0.09803922 0.13725490
v 185.36394457 -220.45846833 177.35331350 1.00000000 0.09803922 0.13725490
v 185.58376040 -220.76476455 176.89319008 1.00000000 0.09803922 0.13725490
v 184.67027894 -221.32266256 176.34404170 1.00000000 0.09803922 0.13725490
v 184.29179024 -221.58394417 177.02308346 1.00000000 0.09803922 0.13725490
v 184.56272250 -221.10036247 176.92391502 1.00000000 0.09803922 0.13725490
v 185.84690727 -221.10952831 176.49463987 1.00000000 0.09803922 0.13725490
v 186.13415106 -221.59304015 176.06223417 1.00000000 0.09803922 0.13725490
v 186.54478082 -221.14720314 177.24561008 1.00000000 0.09803922 0.13725490
v 186.61151501 -221.65314589 176.61666350 1.00000000 0.09803922 0.13725490
v 186.94852253 -221.49617189 177.23932399 1.00000000 0.09803922 0.13725490
v 184.63372862 -222.10234726 176.16951378 1.00000000 0.09803922 0.13725490
v 184.21431375 -222.36746200 176.94251750 1.00000000 0.09803922 0.13725490
v 186.51508712 -222.00792407 176.06690804 1.00000000 0.09803922 0.13725490
v 186.96981381 -222.02402535 176.74615525 1.00000000 0.09803922 0.13725490
v 184.64909071 -222.82448234 176.51381852 1.00000000 0.09803922 0.13725490
v 184.29038267 -222.82043963 176.98875069 1.00000000 0.09803922 0.13725490
v 185.15732997 -222.82924704 175.89594726 1.00000000 0.09803922 0.13725490
v 187.23525006 -222.52891784 176.51502531 1.00000000 0.09803922 0.13725490
v 187.47106883 -222.82829658 176.45328550 1.00000000 0.09803922 0.13725490
v 187.91543040 -222.50357414 177.23074271 1.00000000 0.09803922 0.13725490
v 187.83991633 -222.88928356 176.70434889 1.00000000 0.09803922 0.13725490
v 188.25861738 -222.80713981 177.23395406 1.00000000 0.09803922 0.13725490
v 184.48962377 -223.20256613 177.15499100 1.00000000 0.09803922 0.13725490
v 185.08886950 -223.35778316 176.52797344 1.00000000 0.09803922 0.13725490
v 184.88892627 -223.53584509 177.02522994 1.00000000 0.09803922 0.13725490
v 185.74172136 -223.44095394 176.19228265 1.00000000 0.09803922 0.13725490
v 186.40853080 -223.53851096 176.29144419 1.00000000 0.09803922 0.13725490
v 186.90584417 -223.41330261 176.55518012 1.00000000 0.09803922 0.13725490
v 187.47211563 -223.18768866 176.74642753 1.00000000 0.09803922 0.13725490
v 188.04095106 -223.07453722 177.03828666 1.00000000 0.09803922 0.13725490
v 185.28879031 -223.80750526 177.21433296 1.00000000 0.09803922 0.13725490
v 186.11054934 -223.87572167 177.01788111 1.00000000 0.09803922 0.13725490
v 186.66160933 -223.76671314 177.10214416 1.00000000 0.09803922 0.13725490
v 185.24161219 -226.95619064 176.69792024 1.00000000 0.09803922 0.13725490
v 185.08983903 -226.84322859 176.95482124 1.00000000 0.09803922 0.13725490
v 185.25975096 -226.77149627 176.82336720 1.00000000 0.09803922 0.13725490
v 185.51278262 -227.01654307 177.28857013 1.00000000 0.09803922 0.13725490
v 185.13468386 -227.22045883 177.32471573 1.00000000 0.09803922 0.13725490
v 161.05848545 -208.53548008 178.46065332 1.00000000 0.09803922 0.13725490
v 161.39990454 -208.29181932 178.19017909 1.00000000 0.09803922 0.13725490
v 161.61266090 -208.41238878 178.37706468 1.00000000 0.09803922 0.13725490
v 160.33035619 -209.22689561 178.44523868 1.00000000 0.09803922 0.13725490
v 160.67087485 -208.88335666 178.68964439 1.00000000 0.09803922 0.13725490
v 161.88258359 -208.78683020 178.38119654 1.00000000 0.09803922 0.13725490
v 162.30068307 -209.15640449 178.43313410 1.00000000 0.09803922 0.13725490
v 159.72709947 -209.95752546 177.99493375 1.00000000 0.09803922 0.13725490
v 159.97645253 -209.58798444 178.57287468 1.00000000 0.09803922 0.13725490
v 162.63231765 -209.46391787 178.62257313 1.00000000 0.09803922 0.13725490
v 163.37749658 -209.58389814 178.30827832 1.00000000 0.09803922 0.13725490
v 164.07956245 -209.58005353 178.34506823 1.00000000 0.09803922 0.13725490
v 164.69002086 -209.61502299 178.06174371 1.00000000 0.09803922 0.13725490
v 165.06273083 -209.80808489 178.40381700 1.00000000 0.09803922 0.13725490
v 159.62010747 -210.64324286 178.58581185 1.00000000 0.09803922 0.13725490
v 165.35033372 -210.16746900 178.41736429 1.00000000 0.09803922 0.13725490
v 165.75298542 -210.50292570 178.42624950 1.00000000 0.09803922 0.13725490
v 159.29677894 -211.09444809 177.86693425 1.00000000 0.09803922 0.13725490
v 159.09512146 -211.38696375 178.12000887 1.00000000 0.09803922 0.13725490
v 159.32419332 -211.04520370 178.76094230 1.00000000 0.09803922 0.13725490
v 166.01215149 -210.86234230 178.36396990 1.00000000 0.09803922 0.13725490
v 166.46686732 -211.37761036 178.31316261 1.00000000 0.09803922 0.13725490
v 159.03806714 -211.78552089 178.47254495 1.00000000 0.09803922 0.13725490
v 166.91243415 -211.68391725 178.39268425 1.00000000 0.09803922 0.13725490
v 167.05652859 -211.87510861 177.67607200 1.00000000 0.09803922 0.13725490
v 167.35177103 -211.77587174 178.37194572 1.00000000 0.09803922 0.13725490
v 167.44140076 -211.89391218 177.92131295 1.00000000 0.09803922 0.13725490
v 167.64954243 -211.94394346 178.30547711 1.00000000 0.09803922 0.13725490
v 158.56978592 -212.55433779 177.79548850 1.00000000 0.09803922 0.13725490
v 158.87494324 -212.33430719 178.27644038 1.00000000 0.09803922 0.13725490
v 168.08045522 -212.29131147 178.51756884 1.00000000 0.09803922 0.13725490
v 168.43934674 -212.57206851 177.64965771 1.00000000 0.09803922 0.13725490
v 168.74407708 -212.44215295 178.39399611 1.00000000 0.09803922 0.13725490
v 168.84877222 -212.56483098 177.95049788 1.00000000 0.09803922 0.13725490
v 169.04390468 -212.62446267 178.30972544 1.00000000 0.09803922 0.13725490
v 157.85949884 -213.25813384 177.50595712 1.00000000 0.09803922 0.13725490
v 158.23724801 -213.18918061 178.07492298 1.00000000 0.09803922 0.13725490
v 158.64422559 -212.83176202 178.44865101 1.00000000 0.09803922 0.13725490
v 169.35021823 -212.97766578 178.42350313 1.00000000 0.09803922 0.13725490
v 169.59459086 -213.25275571 177.66966101 1.00000000 0.09803922 0.13725490
v 169.76853315 -213.30589646 178.22619943 1.00000000 0.09803922 0.13725490
v 158.59192053 -214.08952208 177.70841571 1.00000000 0.09803922 0.13725490
v 158.44048269 -213.68105129 178.17556124 1.00000000 0.09803922 0.13725490
v 158.85024154 -214.01256919 178.53229313 1.00000000 0.09803922 0.13725490
v 170.04902813 -213.68773815 178.45076081 1.00000000 0.09803922 0.13725490
v 170.30351691 -213.96183463 178.07312218 1.00000000 0.09803922 0.13725490
v 170.36247477 -213.96543408 178.48040061 1.00000000 0.09803922 0.13725490
v 159.08633854 -214.49565486 178.56796474 1.00000000 0.09803922 0.13725490
v 169.57366147 -214.67267693 177.66504686 1.00000000 0.09803922 0.13725490
v 169.86036800 -214.47268984 178.22033658 1.00000000 0.09803922 0.13725490
v 170.24978223 -214.13973799 178.26619814 1.00000000 0.09803922 0.13725490
v 159.24303282 -214.96801896 178.04672360 1.00000000 0.09803922 0.13725490
v 159.58003443 -215.25307056 178.93221839 1.00000000 0.09803922 0.13725490
v 166.87063198 -215.35989436 177.63457033 1.00000000 0.09803922 0.13725490
v 167.29736658 -215.35086542 177.76269252 1.00000000 0.09803922 0.13725490
v 167.98759315 -215.36722136 177.74648344 1.00000000 0.09803922 0.13725490
v 168.63850876 -215.38549470 177.82807150 1.00000000 0.09803922 0.13725490
v 169.14769565 -215.18402061 178.24177666 1.00000000 0.09803922 0.13725490
v 169.52748233 -214.85581037 178.22268901 1.00000000 0.09803922 0.13725490
v 159.91044152 -215.72134686 178.12264809 1.00000000 0.09803922 0.13725490
v 160.26066943 -216.05474028 178.86761244 1.00000000 0.09803922 0.13725490
v 166.12047040 -216.06579939 177.75129491 1.00000000 0.09803922 0.13725490
v 166.36119714 -215.92085359 178.24046717 1.00000000 0.09803922 0.13725490
v 166.81483961 -215.65376051 178.51651493 1.00000000 0.09803922 0.13725490
v 167.43146420 -215.54586739 178.77220640 1.00000000 0.09803922 0.13725490
v 168.17426622 -215.54409581 178.51736379 1.00000000 0.09803922 0.13725490
v 168.71349277 -215.50744496 178.59400698 1.00000000 0.09803922 0.13725490
v 160.72156099 -216.38237244 178.08526767 1.00000000 0.09803922 0.13725490
v 161.29796754 -216.74163037 177.71825078 1.00000000 0.09803922 0.13725490
v 160.99364961 -216.71492994 178.97213919 1.00000000 0.09803922 0.13725490
v 164.85451376 -216.72922356 177.60595775 1.00000000 0.09803922 0.13725490
v 165.24111422 -216.72451214 177.84484789 1.00000000 0.09803922 0.13725490
v 165.70655363 -216.60778092 178.21396411 1.00000000 0.09803922 0.13725490
v 166.09070130 -216.33166445 178.74802789 1.00000000 0.09803922 0.13725490
v 161.51615423 -217.06483801 178.48385990 1.00000000 0.09803922 0.13725490
v 162.01265281 -217.41344672 177.67276098 1.00000000 0.09803922 0.13725490
v 161.80444072 -217.35585258 178.72369084 1.00000000 0.09803922 0.13725490
v 164.08441074 -217.41939739 177.72923763 1.00000000 0.09803922 0.13725490
v 164.28018209 -217.29133594 178.13796553 1.00000000 0.09803922 0.13725490
v 164.74590880 -217.04358004 178.72560856 1.00000000 0.09803922 0.13725490
v 165.42477886 -216.91746710 178.86051056 1.00000000 0.09803922 0.13725490
v 162.21474985 -217.69712427 178.55723268 1.00000000 0.09803922 0.13725490
v 162.63247310 -218.07187686 177.96699139 1.00000000 0.09803922 0.13725490
v 162.51570740 -218.08051546 178.69574198 1.00000000 0.09803922 0.13725490
v 163.13560439 -218.12734302 177.81843214 1.00000000 0.09803922 0.13725490
v 163.65661759 -217.93173926 178.24603327 1.00000000 0.09803922 0.13725490
v 164.03010497 -217.60889902 178.23251655 1.00000000 0.09803922 0.13725490
v 162.83784751 -218.27338458 178.38228744 1.00000000 0.09803922 0.13725490
v 163.22345757 -218.24657628 178.60254075 1.00000000 0.09803922 0.13725490
v 185.14212588 -220.24001710 177.83254959 1.00000000 0.09803922 0.13725490
v 184.98854625 -220.16420714 178.38137661 1.00000000 0.09803922 0.13725490
v 185.26132860 -219.98122226 178.44121794 1.00000000 0.09803922 0.13725490
v 185.42802457 -220.15007379 178.46967521 1.00000000 0.09803922 0.13725490
v 184.57305047 -220.76863140 177.72746972 1.00000000 0.09803922 0.13725490
v 184.16209280 -220.86758815 178.37569354 1.00000000 0.09803922 0.13725490
v 184.60855506 -220.45408072 178.99648239 1.00000000 0.09803922 0.13725490
v 185.80069409 -220.44154292 178.38638304 1.00000000 0.09803922 0.13725490
v 186.13908409 -220.77096336 177.57685606 1.00000000 0.09803922 0.13725490
v 186.51425082 -220.41835397 178.90218989 1.00000000 0.09803922 0.13725490
v 186.55264144 -220.78548943 177.92448919 1.00000000 0.09803922 0.13725490
v 186.94374395 -220.78457740 178.42951918 1.00000000 0.09803922 0.13725490
v 182.73126147 -221.57905471 177.98648534 1.00000000 0.09803922 0.13725490
v 182.22997734 -221.59630523 178.50340444 1.00000000 0.09803922 0.13725490
v 182.54122897 -221.19784023 178.42338111 1.00000000 0.09803922 0.13725490
v 182.99601771 -221.11997168 178.45879916 1.00000000 0.09803922 0.13725490
v 183.35580544 -221.55297907 177.90948849 1.00000000 0.09803922 0.13725490
v 183.64563287 -221.06668969 178.44966977 1.00000000 0.09803922 0.13725490
v 183.96135149 -221.33697006 177.80764239 1.00000000 0.09803922 0.13725490
v 187.22068035 -221.13822604 178.06086060 1.00000000 0.09803922 0.13725490
v 187.46157201 -221.64368218 177.69754761 1.00000000 0.09803922 0.13725490
v 187.94954711 -221.13987332 178.76517785 1.00000000 0.09803922 0.13725490
v 187.98678087 -221.64080379 178.10521580 1.00000000 0.09803922 0.13725490
v 188.35001996 -221.48967753 178.73687996 1.00000000 0.09803922 0.13725490
v 182.57477433 -222.19247102 177.88085211 1.00000000 0.09803922 0.13725490
v 182.14028961 -222.35981363 178.38947206 1.00000000 0.09803922 0.13725490
v 183.17892738 -222.16348796 177.68638324 1.00000000 0.09803922 0.13725490
v 183.78167542 -222.00011605 177.49073933 1.00000000 0.09803922 0.13725490
v 187.46886299 -222.17489496 177.26602638 1.00000000 0.09803922 0.13725490
v 187.83825670 -222.01515283 177.70346734 1.00000000 0.09803922 0.13725490
v 188.33183089 -222.00855948 178.30442582 1.00000000 0.09803922 0.13725490
v 182.47414996 -222.70867889 178.04026633 1.00000000 0.09803922 0.13725490
v 182.21959865 -222.80032958 178.41901206 1.00000000 0.09803922 0.13725490
v 182.98723419 -222.75020742 177.91711904 1.00000000 0.09803922 0.13725490
v 183.79214287 -222.75919252 177.60759661 1.00000000 0.09803922 0.13725490
v 188.68661669 -222.49048749 178.44137938 1.00000000 0.09803922 0.13725490
v 188.56559885 -223.07116949 177.79044191 1.00000000 0.09803922 0.13725490
v 189.03506103 -222.86682860 178.68356789 1.00000000 0.09803922 0.13725490
v 182.53210123 -223.12304559 178.69752448 1.00000000 0.09803922 0.13725490
v 183.37298150 -223.20532982 178.46488166 1.00000000 0.09803922 0.13725490
v 184.02544962 -223.30022428 178.22217453 1.00000000 0.09803922 0.13725490
v 184.58638880 -223.54931738 177.76501102 1.00000000 0.09803922 0.13725490
v 184.27998121 -223.63257196 178.63860629 1.00000000 0.09803922 0.13725490
v 187.26800879 -223.75375520 177.43637077 1.00000000 0.09803922 0.13725490
v 188.06691420 -223.54509847 177.50199060 1.00000000 0.09803922 0.13725490
v 188.67087400 -223.63209515 177.91815615 1.00000000 0.09803922 0.13725490
v 189.02932932 -223.37785195 178.46564825 1.00000000 0.09803922 0.13725490
v 184.74590266 -223.91100980 178.25906237 1.00000000 0.09803922 0.13725490
v 185.30794744 -224.30931376 177.86118264 1.00000000 0.09803922 0.13725490
v 184.86654839 -224.42787556 178.52818327 1.00000000 0.09803922 0.13725490
v 185.95260854 -224.30772241 177.54329961 1.00000000 0.09803922 0.13725490
v 186.71744889 -224.22410170 177.58879381 1.00000000 0.09803922 0.13725490
v 187.42166284 -224.33184040 177.74227156 1.00000000 0.09803922 0.13725490
v 188.00028537 -224.22772122 177.69315399 1.00000000 0.09803922 0.13725490
v 188.72246211 -224.25664881 177.85350788 1.00000000 0.09803922 0.13725490
v 189.07004851 -223.99613821 178.42179942 1.00000000 0.09803922 0.13725490
v 185.36590113 -224.90487996 177.98010498 1.00000000 0.09803922 0.13725490
v 184.93688094 -225.07906605 178.53805085 1.00000000 0.09803922 0.13725490
v 185.94361436 -224.88533453 177.70628045 1.00000000 0.09803922 0.13725490
v 186.61372015 -224.89342800 177.69759336 1.00000000 0.09803922 0.13725490
v 187.30492654 -224.89348830 177.74615561 1.00000000 0.09803922 0.13725490
v 187.99225804 -224.88726625 177.71579938 1.00000000 0.09803922 0.13725490
v 188.66567255 -224.90581117 177.66674128 1.00000000 0.09803922 0.13725490
v 189.41772352 -224.47577513 178.66995465 1.00000000 0.09803922 0.13725490
v 189.27366608 -224.96083759 177.95432535 1.00000000 0.09803922 0.13725490
v 189.72650086 -224.92743209 178.62525629 1.00000000 0.09803922 0.13725490
v 185.37435957 -225.59682506 177.91694298 1.00000000 0.09803922 0.13725490
v 184.91656085 -225.78620169 178.44922087 1.00000000 0.09803922 0.13725490
v 185.94603148 -225.55205343 177.69442035 1.00000000 0.09803922 0.13725490
v 186.49716799 -225.47044691 177.68378103 1.00000000 0.09803922 0.13725490
v 187.10317566 -225.62536343 177.89525849 1.00000000 0.09803922 0.13725490
v 187.82066917 -225.49339566 177.90464698 1.00000000 0.09803922 0.13725490
v 188.51750249 -225.49125748 177.85085792 1.00000000 0.09803922 0.13725490
v 189.15271270 -225.50494236 177.93507391 1.00000000 0.09803922 0.13725490
v 189.71738100 -225.54725583 178.68843635 1.00000000 0.09803922 0.13725490
v 185.27075640 -226.42644495 177.55528972 1.00000000 0.09803922 0.13725490
v 184.78240645 -226.35937004 178.31492032 1.00000000 0.09803922 0.13725490
v 185.83543714 -226.13730670 177.64452961 1.00000000 0.09803922 0.13725490
v 186.47978285 -226.23135533 177.92279076 1.00000000 0.09803922 0.13725490
v 187.04736039 -226.32925974 178.73608574 1.00000000 0.09803922 0.13725490
v 187.52914016 -225.97986453 178.46377194 1.00000000 0.09803922 0.13725490
v 188.18309851 -225.93100054 178.43059417 1.00000000 0.09803922 0.13725490
v 188.87012872 -225.93991081 178.40535279 1.00000000 0.09803922 0.13725490
v 189.38754977 -225.94903883 178.64560639 1.00000000 0.09803922 0.13725490
v 184.75723070 -226.85518022 177.81630378 1.00000000 0.09803922 0.13725490
v 184.36451599 -226.96937917 178.43451428 1.00000000 0.09803922 0.13725490
v 184.44388776 -226.66890056 178.55850239 1.00000000 0.09803922 0.13725490
v 185.93994857 -226.72992186 177.75522981 1.00000000 0.09803922 0.13725490
v 186.37346760 -227.00641107 178.69393572 1.00000000 0.09803922 0.13725490
v 186.67705853 -226.69846686 178.74794846 1.00000000 0.09803922 0.13725490
v 184.56724935 -227.31253336 178.36868730 1.00000000 0.09803922 0.13725490
v 185.12304404 -227.61815019 177.99651201 1.00000000 0.09803922 0.13725490
v 184.88156429 -227.67644074 178.38911303 1.00000000 0.09803922 0.13725490
v 185.60144138 -227.67559028 178.42059376 1.00000000 0.09803922 0.13725490
v 185.96583208 -227.31528786 178.38780513 1.00000000 0.09803922 0.13725490
v 185.13278576 -227.94357818 178.77318502 1.00000000 0.09803922 0.13725490
v 161.45368985 -208.48376057 178.88337646 1.00000000 0.09803922 0.13725490
v 160.61146344 -209.12959260 179.32290071 1.00000000 0.09803922 0.13725490
v 160.97494111 -209.12297727 180.07577736 1.00000000 0.09803922 0.13725490
v 161.44330287 -208.86663873 179.64959168 1.00000000 0.09803922 0.13725490
v 162.01021714 -209.15111376 179.31165139 1.00000000 0.09803922 0.13725490
v 161.66629760 -209.15062707 180.10149234 1.00000000 0.09803922 0.13725490
v 159.93335198 -210.05777437 179.16545259 1.00000000 0.09803922 0.13725490
v 160.27947017 -209.76074508 179.62989828 1.00000000 0.09803922 0.13725490
v 160.61950170 -209.48279015 180.03343668 1.00000000 0.09803922 0.13725490
v 162.00590497 -209.49836288 180.09397162 1.00000000 0.09803922 0.13725490
v 162.64493811 -209.79641808 179.53855582 1.00000000 0.09803922 0.13725490
v 162.41989582 -209.96259085 180.14087358 1.00000000 0.09803922 0.13725490
v 163.21710877 -209.84503415 179.28459799 1.00000000 0.09803922 0.13725490
v 163.91054349 -209.83376951 179.32204277 1.00000000 0.09803922 0.13725490
v 164.67615654 -209.85631526 179.13502931 1.00000000 0.09803922 0.13725490
v 159.93094976 -210.47828398 179.54007693 1.00000000 0.09803922 0.13725490
v 160.28786723 -210.47518427 180.39432738 1.00000000 0.09803922 0.13725490
v 162.94417686 -210.16110290 179.97438383 1.00000000 0.09803922 0.13725490
v 163.57730986 -210.20083628 180.03965409 1.00000000 0.09803922 0.13725490
v 164.26241154 -210.18548461 180.09489736 1.00000000 0.09803922 0.13725490
v 164.92189921 -210.25691226 179.79623246 1.00000000 0.09803922 0.13725490
v 165.47803441 -210.50176561 179.31266326 1.00000000 0.09803922 0.13725490
v 165.11202100 -210.50558274 180.09398741 1.00000000 0.09803922 0.13725490
v 159.39140751 -211.46096853 179.20066840 1.00000000 0.09803922 0.13725490
v 159.64003709 -211.08654819 179.68549519 1.00000000 0.09803922 0.13725490
v 159.93407277 -210.86254176 180.06315542 1.00000000 0.09803922 0.13725490
v 165.44077328 -210.85412488 180.04941823 1.00000000 0.09803922 0.13725490
v 166.11557631 -211.30392818 179.24755368 1.00000000 0.09803922 0.13725490
v 165.73851535 -211.44074395 180.01439493 1.00000000 0.09803922 0.13725490
v 159.35791851 -212.09425619 179.06266760 1.00000000 0.09803922 0.13725490
v 159.97675432 -211.47673138 180.29032770 1.00000000 0.09803922 0.13725490
v 159.87846310 -211.94531874 179.60443341 1.00000000 0.09803922 0.13725490
v 160.30197358 -211.90107316 180.29392640 1.00000000 0.09803922 0.13725490
v 166.12860568 -211.74745185 179.61033216 1.00000000 0.09803922 0.13725490
v 165.88399043 -211.96407548 180.08999449 1.00000000 0.09803922 0.13725490
v 166.63158735 -211.77592178 179.25832614 1.00000000 0.09803922 0.13725490
v 167.37919016 -211.93766985 179.07647052 1.00000000 0.09803922 0.13725490
v 159.23730862 -212.79659830 179.12843656 1.00000000 0.09803922 0.13725490
v 159.85900966 -212.58068877 179.45270744 1.00000000 0.09803922 0.13725490
v 160.32757780 -212.40019759 179.99868482 1.00000000 0.09803922 0.13725490
v 166.31987798 -212.18756134 180.01703061 1.00000000 0.09803922 0.13725490
v 166.97586437 -212.24169750 180.00188456 1.00000000 0.09803922 0.13725490
v 167.63977717 -212.32701469 179.73829092 1.00000000 0.09803922 0.13725490
v 168.14227789 -212.50429761 179.56402801 1.00000000 0.09803922 0.13725490
v 167.83014327 -212.56612606 180.07306155 1.00000000 0.09803922 0.13725490
v 168.76055473 -212.60939510 179.11685815 1.00000000 0.09803922 0.13725490
v 158.83042588 -213.36617413 178.97826640 1.00000000 0.09803922 0.13725490
v 159.27305994 -213.30992008 179.34611957 1.00000000 0.09803922 0.13725490
v 159.72157933 -213.30528008 179.56741208 1.00000000 0.09803922 0.13725490
v 160.26888382 -213.03871884 179.98934190 1.00000000 0.09803922 0.13725490
v 168.19470305 -212.83921021 180.29328996 1.00000000 0.09803922 0.13725490
v 169.02742557 -212.99683562 179.75540074 1.00000000 0.09803922 0.13725490
v 169.59690512 -213.24993572 179.28869194 1.00000000 0.09803922 0.13725490
v 169.26044806 -213.24370894 180.07313741 1.00000000 0.09803922 0.13725490
v 159.27498941 -213.97208095 179.31633751 1.00000000 0.09803922 0.13725490
v 159.72781247 -213.90931285 179.89710102 1.00000000 0.09803922 0.13725490
v 160.08554892 -213.56320894 180.10326490 1.00000000 0.09803922 0.13725490
v 169.57719914 -213.61480900 180.07199191 1.00000000 0.09803922 0.13725490
v 170.07664476 -214.08220966 179.08239440 1.00000000 0.09803922 0.13725490
v 169.76622102 -214.09415171 179.97537329 1.00000000 0.09803922 0.13725490
v 159.31278066 -214.72274647 179.03186299 1.00000000 0.09803922 0.13725490
v 159.60722741 -214.59686042 179.85966079 1.00000000 0.09803922 0.13725490
v 169.59604957 -214.67157100 179.27779210 1.00000000 0.09803922 0.13725490
v 169.58432378 -214.33966733 180.09757030 1.00000000 0.09803922 0.13725490
v 169.24568919 -214.66360886 180.07885748 1.00000000 0.09803922 0.13725490
v 159.74311810 -215.20142343 180.06952031 1.00000000 0.09803922 0.13725490
v 167.71580766 -215.37406333 179.36324938 1.00000000 0.09803922 0.13725490
v 167.41270103 -215.12632300 180.11688348 1.00000000 0.09803922 0.13725490
v 167.19341623 -215.40467143 179.78360170 1.00000000 0.09803922 0.13725490
v 168.36246311 -215.37901504 179.24157815 1.00000000 0.09803922 0.13725490
v 167.99945701 -215.04173854 180.00331870 1.00000000 0.09803922 0.13725490
v 168.97822826 -215.19921592 179.26702596 1.00000000 0.09803922 0.13725490
v 168.66921308 -214.97415682 180.01992114 1.00000000 0.09803922 0.13725490
v 160.01185299 -215.63736708 179.96792297 1.00000000 0.09803922 0.13725490
v 160.36634291 -216.00128513 180.18426135 1.00000000 0.09803922 0.13725490
v 166.89941801 -215.63099261 179.64815079 1.00000000 0.09803922 0.13725490
v 166.45644241 -215.96739314 179.69843075 1.00000000 0.09803922 0.13725490
v 160.69685152 -216.31617781 179.95982158 1.00000000 0.09803922 0.13725490
v 161.06152589 -216.65268230 180.12708440 1.00000000 0.09803922 0.13725490
v 166.13738937 -216.35691472 179.92712826 1.00000000 0.09803922 0.13725490
v 165.80099518 -216.66903441 179.70293576 1.00000000 0.09803922 0.13725490
v 161.30773991 -216.89485087 179.68147326 1.00000000 0.09803922 0.13725490
v 161.97405345 -217.40665921 179.29341417 1.00000000 0.09803922 0.13725490
v 161.88912518 -217.05812741 180.08462243 1.00000000 0.09803922 0.13725490
v 162.32186216 -217.42649795 179.99677580 1.00000000 0.09803922 0.13725490
v 164.04750191 -217.53869951 179.08949506 1.00000000 0.09803922 0.13725490
v 164.24738531 -217.15118319 179.81203640 1.00000000 0.09803922 0.13725490
v 163.73435565 -217.42403844 180.07333041 1.00000000 0.09803922 0.13725490
v 164.66277393 -216.96684443 180.01861244 1.00000000 0.09803922 0.13725490
v 165.23111097 -216.93132726 179.84680306 1.00000000 0.09803922 0.13725490
v 162.89998568 -218.12783051 179.16328573 1.00000000 0.09803922 0.13725490
v 162.58836542 -217.79198854 179.62127968 1.00000000 0.09803922 0.13725490
v 163.45904437 -217.94325240 179.30655991 1.00000000 0.09803922 0.13725490
v 163.14932497 -217.71900228 180.06075629 1.00000000 0.09803922 0.13725490
v 185.18133613 -220.10050425 178.88659421 1.00000000 0.09803922 0.13725490
v 186.59289770 -220.07131810 179.56008393 1.00000000 0.09803922 0.13725490
v 186.37076841 -220.12722521 179.88963253 1.00000000 0.09803922 0.13725490
v 186.65833142 -219.92016045 180.47198925 1.00000000 0.09803922 0.13725490
v 186.95759106 -220.06776426 179.97578252 1.00000000 0.09803922 0.13725490
v 182.56348742 -220.89155769 179.19831458 1.00000000 0.09803922 0.13725490
v 182.15370822 -220.74073437 179.95227576 1.00000000 0.09803922 0.13725490
v 182.66046399 -220.46639883 180.21018363 1.00000000 0.09803922 0.13725490
v 183.10859596 -220.53372713 179.96519314 1.00000000 0.09803922 0.13725490
v 183.35625871 -220.76591638 179.18254130 1.00000000 0.09803922 0.13725490
v 183.89594821 -220.56904735 179.96460215 1.00000000 0.09803922 0.13725490
v 183.94772015 -220.72006990 178.99909044 1.00000000 0.09803922 0.13725490
v 184.68095625 -220.56475515 179.99208981 1.00000000 0.09803922 0.13725490
v 185.37748926 -220.41741422 179.83034242 1.00000000 0.09803922 0.13725490
v 186.02244153 -220.33222826 179.95546474 1.00000000 0.09803922 0.13725490
v 187.24480068 -220.42044499 179.56030369 1.00000000 0.09803922 0.13725490
v 187.53794252 -220.77903505 179.07197402 1.00000000 0.09803922 0.13725490
v 187.96591256 -220.41756195 180.30666101 1.00000000 0.09803922 0.13725490
v 187.96244400 -220.77412552 179.42585637 1.00000000 0.09803922 0.13725490
v 188.36374061 -220.76650682 180.03156745 1.00000000 0.09803922 0.13725490
v 181.92675698 -221.31584924 179.37146137 1.00000000 0.09803922 0.13725490
v 181.50382016 -221.56711809 180.02309062 1.00000000 0.09803922 0.13725490
v 181.78647128 -221.09684294 179.90833981 1.00000000 0.09803922 0.13725490
v 188.71959675 -221.11750270 179.99795491 1.00000000 0.09803922 0.13725490
v 188.71539827 -221.67787002 179.32298287 1.00000000 0.09803922 0.13725490
v 189.07077057 -221.46686544 180.26777916 1.00000000 0.09803922 0.13725490
v 181.78299292 -222.01062459 179.17187139 1.00000000 0.09803922 0.13725490
v 181.42067771 -222.35125980 179.94486979 1.00000000 0.09803922 0.13725490
v 188.70733590 -222.07347334 179.02820564 1.00000000 0.09803922 0.13725490
v 189.07348584 -221.99729777 179.80045991 1.00000000 0.09803922 0.13725490
v 181.86752770 -222.72257682 179.16760527 1.00000000 0.09803922 0.13725490
v 181.50341221 -222.80140932 179.95436322 1.00000000 0.09803922 0.13725490
v 189.26869271 -222.53065822 179.58994610 1.00000000 0.09803922 0.13725490
v 189.38293681 -223.07277229 179.36765679 1.00000000 0.09803922 0.13725490
v 189.59654078 -222.71633966 180.40572134 1.00000000 0.09803922 0.13725490
v 181.80638873 -223.18772045 179.99698350 1.00000000 0.09803922 0.13725490
v 182.55731354 -223.58319730 179.45267079 1.00000000 0.09803922 0.13725490
v 182.20927495 -223.62122431 180.09440003 1.00000000 0.09803922 0.13725490
v 183.20501657 -223.63555578 179.07541715 1.00000000 0.09803922 0.13725490
v 183.84388425 -223.63189946 178.98085108 1.00000000 0.09803922 0.13725490
v 189.38088595 -223.71615795 179.19232195 1.00000000 0.09803922 0.13725490
v 189.64346207 -223.38167588 180.21606765 1.00000000 0.09803922 0.13725490
v 182.60930795 -223.91938542 179.86613037 1.00000000 0.09803922 0.13725490
v 183.17325663 -224.19076336 179.45106930 1.00000000 0.09803922 0.13725490
v 182.81335548 -224.42625749 179.99081575 1.00000000 0.09803922 0.13725490
v 183.86852553 -224.19415498 179.26645380 1.00000000 0.09803922 0.13725490
v 184.37496038 -224.05946256 179.00191046 1.00000000 0.09803922 0.13725490
v 189.37694895 -224.15904966 179.01788067 1.00000000 0.09803922 0.13725490
v 189.73187416 -224.06040699 180.03854796 1.00000000 0.09803922 0.13725490
v 183.32325428 -224.87302810 179.59897738 1.00000000 0.09803922 0.13725490
v 182.98770403 -224.95450932 180.09618258 1.00000000 0.09803922 0.13725490
v 183.90439063 -224.86618781 179.30149400 1.00000000 0.09803922 0.13725490
v 184.47454091 -224.69656707 179.07549961 1.00000000 0.09803922 0.13725490
v 190.08462583 -224.55211283 179.91903830 1.00000000 0.09803922 0.13725490
v 190.08221163 -225.13130687 179.25425228 1.00000000 0.09803922 0.13725490
v 190.44007245 -224.92149514 180.18248532 1.00000000 0.09803922 0.13725490
v 183.33901878 -225.31430793 179.87622243 1.00000000 0.09803922 0.13725490
v 183.86750032 -225.54447294 179.41897535 1.00000000 0.09803922 0.13725490
v 183.50114434 -225.83727494 179.99142978 1.00000000 0.09803922 0.13725490
v 184.48762376 -225.39077284 179.03528127 1.00000000 0.09803922 0.13725490
v 190.07151007 -225.54551604 179.31067186 1.00000000 0.09803922 0.13725490
v 190.44174694 -225.53703112 180.25404042 1.00000000 0.09803922 0.13725490
v 183.89260757 -226.17988231 179.49788952 1.00000000 0.09803922 0.13725490
v 183.55645744 -226.48032390 180.28683974 1.00000000 0.09803922 0.13725490
v 184.39522352 -226.14051687 178.96865670 1.00000000 0.09803922 0.13725490
v 187.37566342 -226.27399576 179.06350835 1.00000000 0.09803922 0.13725490
v 187.81884643 -226.27394904 179.19653928 1.00000000 0.09803922 0.13725490
v 188.52320861 -226.28638252 179.18796725 1.00000000 0.09803922 0.13725490
v 189.17929988 -226.31078156 179.29256375 1.00000000 0.09803922 0.13725490
v 189.73219497 -226.32145298 179.95967523 1.00000000 0.09803922 0.13725490
v 190.07602993 -225.95768702 179.95756775 1.00000000 0.09803922 0.13725490
v 184.05434691 -226.79687455 179.22011199 1.00000000 0.09803922 0.13725490
v 183.70484738 -226.95447125 180.35463598 1.00000000 0.09803922 0.13725490
v 186.63145337 -226.99774802 179.26218354 1.00000000 0.09803922 0.13725490
v 186.96715331 -226.97318336 179.99016613 1.00000000 0.09803922 0.13725490
v 187.44427425 -226.62882307 179.84245784 1.00000000 0.09803922 0.13725490
v 188.15913258 -226.63749474 180.00160370 1.00000000 0.09803922 0.13725490
v 188.87196815 -226.66244824 179.99762925 1.00000000 0.09803922 0.13725490
v 189.39133174 -226.67148084 180.21020258 1.00000000 0.09803922 0.13725490
v 184.05624646 -227.29698242 179.75031469 1.00000000 0.09803922 0.13725490
v 184.56612131 -227.67116630 179.12154742 1.00000000 0.09803922 0.13725490
v 184.26335261 -227.64561659 180.39454862 1.00000000 0.09803922 0.13725490
v 185.98238442 -227.67563223 179.15738134 1.00000000 0.09803922 0.13725490
v 186.26519931 -227.55322930 179.56985924 1.00000000 0.09803922 0.13725490
v 186.61604269 -227.33052788 179.95521178 1.00000000 0.09803922 0.13725490
v 184.74313088 -228.02364935 179.70816397 1.00000000 0.09803922 0.13725490
v 185.14982080 -228.31116671 179.53857936 1.00000000 0.09803922 0.13725490
v 184.96146602 -228.38051100 180.44961022 1.00000000 0.09803922 0.13725490
v 185.51677216 -228.23388283 179.62160624 1.00000000 0.09803922 0.13725490
v 186.01679107 -227.97800626 180.27094624 1.00000000 0.09803922 0.13725490
v 185.30326910 -228.50343378 180.29606799 1.00000000 0.09803922 0.13725490
v 161.42815626 -209.19329356 180.49547468 1.00000000 0.09803922 0.13725490
v 160.63416764 -210.06443086 180.77096323 1.00000000 0.09803922 0.13725490
v 160.97559817 -209.74350872 181.21421774 1.00000000 0.09803922 0.13725490
v 161.43476612 -209.57174457 181.16064496 1.00000000 0.09803922 0.13725490
v 162.01405987 -209.94703445 180.79514291 1.00000000 0.09803922 0.13725490
v 161.60913175 -210.09488330 181.57410209 1.00000000 0.09803922 0.13725490
v 160.64578690 -210.47843194 181.11051080 1.00000000 0.09803922 0.13725490
v 160.92547058 -210.30593313 181.63082441 1.00000000 0.09803922 0.13725490
v 162.06903511 -210.53362889 180.98913890 1.00000000 0.09803922 0.13725490
v 161.64617178 -210.71463639 181.58605675 1.00000000 0.09803922 0.13725490
v 162.64244986 -210.50188297 180.55510179 1.00000000 0.09803922 0.13725490
v 163.26855904 -210.55149301 180.48918152 1.00000000 0.09803922 0.13725490
v 163.87000077 -210.65016779 180.82343496 1.00000000 0.09803922 0.13725490
v 164.66035774 -210.55742681 180.67626082 1.00000000 0.09803922 0.13725490
v 159.93821466 -211.19404440 180.47856968 1.00000000 0.09803922 0.13725490
v 160.29970763 -211.14837144 181.05609990 1.00000000 0.09803922 0.13725490
v 160.69572304 -210.77031368 181.53507817 1.00000000 0.09803922 0.13725490
v 161.99374371 -211.05289040 181.14386878 1.00000000 0.09803922 0.13725490
v 161.76154687 -211.26322463 181.65574021 1.00000000 0.09803922 0.13725490
v 162.49423726 -211.11888951 180.94949627 1.00000000 0.09803922 0.13725490
v 163.21607576 -211.06849885 181.01312799 1.00000000 0.09803922 0.13725490
v 163.76509953 -211.11694272 181.48219707 1.00000000 0.09803922 0.13725490
v 164.28406448 -210.91912371 181.56263906 1.00000000 0.09803922 0.13725490
v 164.89048935 -210.93397433 181.28405297 1.00000000 0.09803922 0.13725490
v 165.33602068 -211.21261838 180.78239861 1.00000000 0.09803922 0.13725490
v 165.03107708 -211.41644539 181.54178508 1.00000000 0.09803922 0.13725490
v 160.64766972 -212.13521821 180.87892616 1.00000000 0.09803922 0.13725490
v 160.50778668 -211.62279374 181.16578820 1.00000000 0.09803922 0.13725490
v 160.86977246 -211.85568936 181.69730160 1.00000000 0.09803922 0.13725490
v 162.21196834 -211.52647089 181.49538232 1.00000000 0.09803922 0.13725490
v 162.86109692 -211.57762314 181.51330274 1.00000000 0.09803922 0.13725490
v 163.43199087 -211.46023377 181.66829392 1.00000000 0.09803922 0.13725490
v 165.48167300 -211.84016633 180.76239670 1.00000000 0.09803922 0.13725490
v 165.07824051 -212.07765552 181.55508345 1.00000000 0.09803922 0.13725490
v 160.66775438 -212.75908398 180.72949733 1.00000000 0.09803922 0.13725490
v 160.98903215 -212.40789284 181.57537042 1.00000000 0.09803922 0.13725490
v 165.41380258 -212.43054796 181.13077347 1.00000000 0.09803922 0.13725490
v 165.19575552 -212.66240850 181.65352726 1.00000000 0.09803922 0.13725490
v 165.90059205 -212.46771316 180.75189554 1.00000000 0.09803922 0.13725490
v 166.59119357 -212.59294149 180.78999823 1.00000000 0.09803922 0.13725490
v 167.36422782 -212.62791511 180.61896788 1.00000000 0.09803922 0.13725490
v 160.53061917 -213.46640816 180.75360153 1.00000000 0.09803922 0.13725490
v 161.00596984 -213.08461877 181.50514259 1.00000000 0.09803922 0.13725490
v 165.64155846 -212.90282456 181.53203466 1.00000000 0.09803922 0.13725490
v 166.27104161 -212.95165966 181.55703433 1.00000000 0.09803922 0.13725490
v 166.95287332 -212.95006202 181.55663878 1.00000000 0.09803922 0.13725490
v 167.59588312 -213.02442982 181.30819034 1.00000000 0.09803922 0.13725490
v 168.10886214 -213.21026182 181.13363067 1.00000000 0.09803922 0.13725490
v 167.88355668 -213.38595677 181.73441981 1.00000000 0.09803922 0.13725490
v 168.77889183 -213.28801906 180.69031795 1.00000000 0.09803922 0.13725490
v 160.04609546 -214.05200467 180.45936627 1.00000000 0.09803922 0.13725490
v 160.44552810 -214.11436364 181.10449094 1.00000000 0.09803922 0.13725490
v 160.93539547 -213.73158283 181.54079932 1.00000000 0.09803922 0.13725490
v 168.41070761 -213.56209628 181.60948916 1.00000000 0.09803922 0.13725490
v 169.02536346 -213.71536617 181.28204433 1.00000000 0.09803922 0.13725490
v 169.40410423 -214.08564262 180.67910027 1.00000000 0.09803922 0.13725490
v 169.05727879 -214.07873250 181.47032212 1.00000000 0.09803922 0.13725490
v 160.00049317 -214.75638423 180.77834396 1.00000000 0.09803922 0.13725490
v 160.39306451 -214.61082504 181.44519011 1.00000000 0.09803922 0.13725490
v 160.74945190 -214.24541881 181.65815956 1.00000000 0.09803922 0.13725490
v 166.99387316 -214.65661630 181.17423955 1.00000000 0.09803922 0.13725490
v 166.77801616 -214.41180250 181.67862550 1.00000000 0.09803922 0.13725490
v 166.52784155 -214.87021578 181.54148662 1.00000000 0.09803922 0.13725490
v 167.56954974 -214.72975851 180.80219352 1.00000000 0.09803922 0.13725490
v 167.31852891 -214.29880881 181.58076418 1.00000000 0.09803922 0.13725490
v 168.36608648 -214.65841292 180.80678792 1.00000000 0.09803922 0.13725490
v 168.01058119 -214.29937238 181.57159244 1.00000000 0.09803922 0.13725490
v 168.97517591 -214.48232547 180.84402647 1.00000000 0.09803922 0.13725490
v 168.65400907 -214.25469047 181.59438620 1.00000000 0.09803922 0.13725490
v 159.92422751 -215.29576262 180.62417882 1.00000000 0.09803922 0.13725490
v 160.27132112 -215.19438883 181.35458915 1.00000000 0.09803922 0.13725490
v 166.80975115 -215.29356706 180.64130181 1.00000000 0.09803922 0.13725490
v 166.35175947 -215.41235499 181.43155644 1.00000000 0.09803922 0.13725490
v 160.60242668 -216.04657318 180.82717898 1.00000000 0.09803922 0.13725490
v 160.59753796 -215.68656374 181.57043979 1.00000000 0.09803922 0.13725490
v 160.94478451 -216.03372999 181.55092266 1.00000000 0.09803922 0.13725490
v 166.14306590 -216.05581919 180.80079107 1.00000000 0.09803922 0.13725490
v 166.12377399 -215.70705756 181.57211291 1.00000000 0.09803922 0.13725490
v 165.80842688 -216.03227922 181.57756136 1.00000000 0.09803922 0.13725490
v 161.51183472 -216.70965979 180.67316831 1.00000000 0.09803922 0.13725490
v 161.22354191 -216.36925586 181.14635008 1.00000000 0.09803922 0.13725490
v 161.91021908 -216.71275175 180.99726636 1.00000000 0.09803922 0.13725490
v 161.79439695 -216.41721057 181.57851196 1.00000000 0.09803922 0.13725490
v 162.23945258 -216.66869394 181.46683557 1.00000000 0.09803922 0.13725490
v 164.14842155 -216.86602461 180.79467617 1.00000000 0.09803922 0.13725490
v 164.00626605 -216.48931490 181.62973907 1.00000000 0.09803922 0.13725490
v 163.65435946 -216.81020340 181.44039550 1.00000000 0.09803922 0.13725490
v 164.91944778 -216.72369749 180.76839974 1.00000000 0.09803922 0.13725490
v 164.59289657 -216.40225691 181.53728617 1.00000000 0.09803922 0.13725490
v 165.54801486 -216.56741644 180.77242830 1.00000000 0.09803922 0.13725490
v 165.26030513 -216.33042697 181.54902561 1.00000000 0.09803922 0.13725490
v 162.88244620 -217.41281938 180.70734119 1.00000000 0.09803922 0.13725490
v 162.58081255 -217.06307360 181.15190293 1.00000000 0.09803922 0.13725490
v 163.45930651 -217.23015140 180.85897567 1.00000000 0.09803922 0.13725490
v 163.15693522 -216.98759603 181.53065392 1.00000000 0.09803922 0.13725490
v 182.45653312 -220.24110677 180.93485713 1.00000000 0.09803922 0.13725490
v 182.24732098 -220.25870686 181.78630917 1.00000000 0.09803922 0.13725490
v 182.51479304 -219.97073959 181.55468664 1.00000000 0.09803922 0.13725490
v 182.70813982 -220.03078299 181.47795059 1.00000000 0.09803922 0.13725490
v 186.34748104 -220.18785802 181.43614936 1.00000000 0.09803922 0.13725490
v 186.75294848 -219.89412116 181.54402813 1.00000000 0.09803922 0.13725490
v 187.26923214 -219.88449367 181.26892613 1.00000000 0.09803922 0.13725490
v 187.56557782 -220.06825805 180.63670481 1.00000000 0.09803922 0.13725490
v 187.86771610 -219.94181721 181.39738489 1.00000000 0.09803922 0.13725490
v 187.97932549 -220.06802334 180.97694841 1.00000000 0.09803922 0.13725490
v 188.17456037 -220.12923198 181.34733913 1.00000000 0.09803922 0.13725490
v 181.79337088 -220.76134887 180.73154411 1.00000000 0.09803922 0.13725490
v 181.52856818 -220.92503979 181.74829048 1.00000000 0.09803922 0.13725490
v 181.85041388 -220.56834761 181.78781942 1.00000000 0.09803922 0.13725490
v 183.08004900 -220.40428373 181.24847423 1.00000000 0.09803922 0.13725490
v 183.81912435 -220.72809987 180.95753957 1.00000000 0.09803922 0.13725490
v 183.48130279 -220.81775428 181.78120169 1.00000000 0.09803922 0.13725490
v 184.39439391 -220.79246043 180.71432262 1.00000000 0.09803922 0.13725490
v 185.05051200 -220.78183738 180.81596365 1.00000000 0.09803922 0.13725490
v 185.54292409 -220.73860100 181.25900973 1.00000000 0.09803922 0.13725490
v 185.89178580 -220.53489232 181.38211433 1.00000000 0.09803922 0.13725490
v 188.48440947 -220.48909773 181.45388384 1.00000000 0.09803922 0.13725490
v 188.73099730 -220.76535786 180.71292393 1.00000000 0.09803922 0.13725490
v 188.90044441 -220.81274975 181.25728341 1.00000000 0.09803922 0.13725490
v 181.23459988 -221.30913327 180.92545749 1.00000000 0.09803922 0.13725490
v 180.96919316 -221.61005994 181.34973417 1.00000000 0.09803922 0.13725490
v 181.16289413 -221.27166092 181.69751277 1.00000000 0.09803922 0.13725490
v 184.03183022 -221.02164377 181.82476950 1.00000000 0.09803922 0.13725490
v 184.78021954 -221.04729037 181.67053900 1.00000000 0.09803922 0.13725490
v 185.41202619 -221.00837946 181.90700832 1.00000000 0.09803922 0.13725490
v 189.17123010 -221.17454176 181.46316974 1.00000000 0.09803922 0.13725490
v 189.41549975 -221.69283108 180.87082272 1.00000000 0.09803922 0.13725490
v 189.52990363 -221.61762388 181.63853665 1.00000000 0.09803922 0.13725490
v 181.09014480 -221.96935471 180.70361048 1.00000000 0.09803922 0.13725490
v 180.94022688 -222.15202898 181.46230975 1.00000000 0.09803922 0.13725490
v 189.46629445 -222.18912591 180.50083027 1.00000000 0.09803922 0.13725490
v 189.60132806 -222.22413272 181.36059456 1.00000000 0.09803922 0.13725490
v 181.17339857 -222.68466239 180.73773000 1.00000000 0.09803922 0.13725490
v 180.96624012 -222.79320252 181.77023334 1.00000000 0.09803922 0.13725490
v 189.64367161 -223.01070914 181.31593771 1.00000000 0.09803922 0.13725490
v 181.23445028 -223.26434056 181.39219255 1.00000000 0.09803922 0.13725490
v 181.80079591 -223.61462999 180.75797919 1.00000000 0.09803922 0.13725490
v 181.41485968 -223.75899055 181.52557341 1.00000000 0.09803922 0.13725490
v 189.72736715 -223.59668846 181.13782439 1.00000000 0.09803922 0.13725490
v 181.90986358 -224.19173418 180.95439896 1.00000000 0.09803922 0.13725490
v 181.48013252 -224.38110385 181.51663553 1.00000000 0.09803922 0.13725490
v 182.32536589 -224.05210283 180.42222456 1.00000000 0.09803922 0.13725490
v 189.87808231 -223.95790399 181.58860599 1.00000000 0.09803922 0.13725490
v 190.07446671 -224.21419635 180.72633869 1.00000000 0.09803922 0.13725490
v 190.25097233 -224.26970710 181.22867272 1.00000000 0.09803922 0.13725490
v 181.95201100 -224.90888633 180.93748787 1.00000000 0.09803922 0.13725490
v 181.48764711 -225.09407211 181.44719303 1.00000000 0.09803922 0.13725490
v 182.51681527 -224.79287535 180.54797281 1.00000000 0.09803922 0.13725490
v 190.54470953 -224.61095900 181.40745931 1.00000000 0.09803922 0.13725490
v 190.78930288 -225.13462911 180.86257589 1.00000000 0.09803922 0.13725490
v 190.90790346 -225.06258400 181.62232299 1.00000000 0.09803922 0.13725490
v 181.92577377 -225.62085376 180.90791804 1.00000000 0.09803922 0.13725490
v 181.48681487 -225.78509272 181.40922940 1.00000000 0.09803922 0.13725490
v 182.51306456 -225.56001134 180.69831076 1.00000000 0.09803922 0.13725490
v 183.03012045 -225.44826073 180.38300624 1.00000000 0.09803922 0.13725490
v 190.80410715 -225.52086116 180.88750770 1.00000000 0.09803922 0.13725490
v 190.92670919 -225.43500414 181.37310226 1.00000000 0.09803922 0.13725490
v 181.82804899 -226.13868115 181.04343529 1.00000000 0.09803922 0.13725490
v 181.56117147 -226.22549706 181.41625889 1.00000000 0.09803922 0.13725490
v 182.35878924 -226.18435546 180.92385308 1.00000000 0.09803922 0.13725490
v 183.05603380 -226.13910566 180.70304211 1.00000000 0.09803922 0.13725490
v 190.07444019 -226.32954759 180.71358439 1.00000000 0.09803922 0.13725490
v 190.35124247 -226.10742970 181.24023807 1.00000000 0.09803922 0.13725490
v 190.72846038 -225.74088312 181.24095577 1.00000000 0.09803922 0.13725490
v 181.86762341 -226.56744672 181.66792193 1.00000000 0.09803922 0.13725490
v 182.70461236 -226.62741915 181.45288979 1.00000000 0.09803922 0.13725490
v 183.21139778 -226.62532554 181.24601439 1.00000000 0.09803922 0.13725490
v 183.45235235 -226.91363014 181.40979357 1.00000000 0.09803922 0.13725490
v 187.35881787 -226.97913675 180.61454914 1.00000000 0.09803922 0.13725490
v 187.80427350 -226.97760477 180.77649880 1.00000000 0.09803922 0.13725490
v 188.50042299 -226.99628288 180.77498017 1.00000000 0.09803922 0.13725490
v 189.14699857 -227.00852163 180.84988341 1.00000000 0.09803922 0.13725490
v 189.65119467 -226.81603670 181.25164084 1.00000000 0.09803922 0.13725490
v 190.02560967 -226.50532044 181.24627599 1.00000000 0.09803922 0.13725490
v 183.81593371 -227.28856801 181.34134944 1.00000000 0.09803922 0.13725490
v 184.21601786 -227.65280206 181.88876443 1.00000000 0.09803922 0.13725490
v 186.49482609 -227.72116682 180.64498331 1.00000000 0.09803922 0.13725490
v 186.87108484 -227.47084478 181.26554574 1.00000000 0.09803922 0.13725490
v 187.37795642 -227.18403132 181.21861921 1.00000000 0.09803922 0.13725490
v 187.99053156 -227.15294765 181.52497217 1.00000000 0.09803922 0.13725490
v 188.68891058 -227.16876835 181.51909685 1.00000000 0.09803922 0.13725490
v 189.22289666 -227.13186394 181.61407731 1.00000000 0.09803922 0.13725490
v 184.57741983 -228.02441365 181.07388822 1.00000000 0.09803922 0.13725490
v 184.90683827 -228.38664365 181.88049908 1.00000000 0.09803922 0.13725490
v 185.94240506 -228.17049351 181.78829510 1.00000000 0.09803922 0.13725490
v 185.61135128 -228.39175497 181.07567299 1.00000000 0.09803922 0.13725490
v 186.38832057 -227.86569660 181.75333832 1.00000000 0.09803922 0.13725490
v 185.24366476 -228.54442482 181.49004835 1.00000000 0.09803922 0.13725490
v 161.25223432 -209.99029537 181.87229790 1.00000000 0.09803922 0.13725490
v 161.20068534 -210.57534446 182.01622918 1.00000000 0.09803922 0.13725490
v 160.86950611 -211.29659339 181.96000939 1.00000000 0.09803922 0.13725490
v 161.40141902 -211.22728885 182.10545971 1.00000000 0.09803922 0.13725490
v 164.02455149 -211.43521375 182.06885185 1.00000000 0.09803922 0.13725490
v 164.58777361 -211.19964679 181.96594106 1.00000000 0.09803922 0.13725490
v 161.32020364 -211.96522577 182.16511320 1.00000000 0.09803922 0.13725490
v 161.94625763 -211.86558096 182.11135505 1.00000000 0.09803922 0.13725490
v 162.68216479 -212.01294764 182.04235397 1.00000000 0.09803922 0.13725490
v 163.44988230 -211.93617129 182.12886966 1.00000000 0.09803922 0.13725490
v 164.15437563 -212.00254846 182.31056596 1.00000000 0.09803922 0.13725490
v 164.62528850 -211.72195932 182.11324954 1.00000000 0.09803922 0.13725490
v 161.43948920 -212.75906111 182.09158126 1.00000000 0.09803922 0.13725490
v 162.00388775 -212.59023203 182.29218220 1.00000000 0.09803922 0.13725490
v 162.67105629 -212.58704575 182.26879539 1.00000000 0.09803922 0.13725490
v 163.36186593 -212.59881680 182.26994688 1.00000000 0.09803922 0.13725490
v 164.05927142 -212.59182250 182.30746816 1.00000000 0.09803922 0.13725490
v 164.73499461 -212.51302910 182.12912267 1.00000000 0.09803922 0.13725490
v 161.44477531 -213.44525527 182.03553103 1.00000000 0.09803922 0.13725490
v 162.02615089 -213.28551921 182.26130899 1.00000000 0.09803922 0.13725490
v 162.69215826 -213.26973928 182.28025089 1.00000000 0.09803922 0.13725490
v 163.38974663 -213.28086103 182.23904366 1.00000000 0.09803922 0.13725490
v 164.07446097 -213.29447509 182.24414415 1.00000000 0.09803922 0.13725490
v 164.74666967 -213.29208730 182.26079605 1.00000000 0.09803922 0.13725490
v 165.38985405 -213.26154501 182.10719864 1.00000000 0.09803922 0.13725490
v 166.11457771 -213.39328707 182.09936481 1.00000000 0.09803922 0.13725490
v 166.80962633 -213.38296000 182.13068432 1.00000000 0.09803922 0.13725490
v 167.44748720 -213.37307634 182.03041510 1.00000000 0.09803922 0.13725490
v 161.28207807 -214.15972023 182.10767307 1.00000000 0.09803922 0.13725490
v 161.89189863 -213.85775138 182.26197112 1.00000000 0.09803922 0.13725490
v 162.50217198 -213.96933620 182.45122299 1.00000000 0.09803922 0.13725490
v 163.31096759 -213.96232950 182.41566059 1.00000000 0.09803922 0.13725490
v 164.05152890 -213.96485241 182.23171846 1.00000000 0.09803922 0.13725490
v 164.75188807 -213.99579661 182.25845854 1.00000000 0.09803922 0.13725490
v 165.44159100 -213.96931648 182.28343597 1.00000000 0.09803922 0.13725490
v 166.00337157 -213.85390586 182.27442611 1.00000000 0.09803922 0.13725490
v 166.71782564 -213.95653239 182.13154826 1.00000000 0.09803922 0.13725490
v 167.46939027 -213.86391123 182.11142185 1.00000000 0.09803922 0.13725490
v 168.13184321 -213.83652320 182.01362316 1.00000000 0.09803922 0.13725490
v 168.72255738 -213.90734869 181.86782917 1.00000000 0.09803922 0.13725490
v 160.72439908 -214.70672570 181.98925376 1.00000000 0.09803922 0.13725490
v 161.17364512 -214.80981431 182.53666321 1.00000000 0.09803922 0.13725490
v 161.86647491 -214.48336985 182.59802484 1.00000000 0.09803922 0.13725490
v 162.40340130 -214.52590940 182.95322044 1.00000000 0.09803922 0.13725490
v 162.93013613 -214.37254571 183.00398877 1.00000000 0.09803922 0.13725490
v 163.44009770 -214.42159195 182.92306680 1.00000000 0.09803922 0.13725490
v 163.78635439 -214.75644061 183.15984667 1.00000000 0.09803922 0.13725490
v 163.92442789 -214.47084390 182.58208943 1.00000000 0.09803922 0.13725490
v 164.58573087 -214.56588404 182.49437825 1.00000000 0.09803922 0.13725490
v 165.38534927 -214.66110647 182.47161947 1.00000000 0.09803922 0.13725490
v 166.16885066 -214.45400161 182.12387683 1.00000000 0.09803922 0.13725490
v 160.71030342 -215.18057379 182.20960409 1.00000000 0.09803922 0.13725490
v 161.05388761 -215.30888667 182.80077707 1.00000000 0.09803922 0.13725490
v 161.55132789 -215.03210224 183.12051864 1.00000000 0.09803922 0.13725490
v 162.06807391 -214.86235194 183.20870230 1.00000000 0.09803922 0.13725490
v 164.32374347 -214.94357135 183.06422491 1.00000000 0.09803922 0.13725490
v 164.98373122 -215.01508792 183.05525115 1.00000000 0.09803922 0.13725490
v 165.52034762 -215.13106269 182.94922058 1.00000000 0.09803922 0.13725490
v 165.63510705 -215.44900617 182.95421203 1.00000000 0.09803922 0.13725490
v 165.97076644 -215.28918455 182.17324644 1.00000000 0.09803922 0.13725490
v 161.52028389 -216.02605547 182.25565211 1.00000000 0.09803922 0.13725490
v 161.20260051 -215.68221236 182.70745433 1.00000000 0.09803922 0.13725490
v 162.21128949 -216.14195908 182.37996015 1.00000000 0.09803922 0.13725490
v 161.81076026 -215.66931551 183.10986040 1.00000000 0.09803922 0.13725490
v 162.90778270 -216.10439210 182.53250910 1.00000000 0.09803922 0.13725490
v 162.50044896 -215.67481627 183.13233286 1.00000000 0.09803922 0.13725490
v 163.51794992 -216.01809934 182.56492964 1.00000000 0.09803922 0.13725490
v 163.19778710 -215.67072544 183.12320933 1.00000000 0.09803922 0.13725490
v 164.16654877 -216.10323726 182.30709852 1.00000000 0.09803922 0.13725490
v 163.87984238 -215.66869311 183.08805160 1.00000000 0.09803922 0.13725490
v 164.95724050 -216.02872017 182.32771722 1.00000000 0.09803922 0.13725490
v 164.58875675 -215.68975486 183.06972515 1.00000000 0.09803922 0.13725490
v 165.55840561 -215.84884708 182.33323287 1.00000000 0.09803922 0.13725490
v 165.24184584 -215.64117549 183.07939628 1.00000000 0.09803922 0.13725490
v 162.75783983 -216.60740673 181.98688668 1.00000000 0.09803922 0.13725490
v 163.43897512 -216.47111465 182.04151439 1.00000000 0.09803922 0.13725490
v 182.63030388 -220.09053576 181.87446847 1.00000000 0.09803922 0.13725490
v 186.66790213 -220.06049196 182.13610033 1.00000000 0.09803922 0.13725490
v 187.12033915 -220.05186603 182.30296455 1.00000000 0.09803922 0.13725490
v 187.88146153 -220.11531725 182.11763168 1.00000000 0.09803922 0.13725490
v 181.79396400 -220.74670367 182.32042570 1.00000000 0.09803922 0.13725490
v 182.15878026 -220.74382396 183.03628826 1.00000000 0.09803922 0.13725490
v 182.62410896 -220.48261806 182.60166649 1.00000000 0.09803922 0.13725490
v 183.06770347 -220.71811553 182.40804087 1.00000000 0.09803922 0.13725490
v 182.84566043 -220.77364722 183.05392288 1.00000000 0.09803922 0.13725490
v 185.82912509 -220.85826255 182.18425682 1.00000000 0.09803922 0.13725490
v 186.27226099 -220.79055773 183.04341866 1.00000000 0.09803922 0.13725490
v 186.74831710 -220.41296544 182.92153018 1.00000000 0.09803922 0.13725490
v 187.47559976 -220.41157321 183.10132274 1.00000000 0.09803922 0.13725490
v 188.17098104 -220.50986604 182.78902231 1.00000000 0.09803922 0.13725490
v 188.72223785 -220.75907533 182.29531921 1.00000000 0.09803922 0.13725490
v 188.38353817 -220.75617906 183.08687472 1.00000000 0.09803922 0.13725490
v 181.10778956 -221.69830990 182.09098447 1.00000000 0.09803922 0.13725490
v 181.45618746 -221.36894556 182.59962773 1.00000000 0.09803922 0.13725490
v 181.80285168 -221.08321763 183.00719013 1.00000000 0.09803922 0.13725490
v 183.24878055 -221.06961443 183.06078536 1.00000000 0.09803922 0.13725490
v 183.98428052 -221.25503633 182.96995520 1.00000000 0.09803922 0.13725490
v 184.59045538 -221.24720874 182.74671206 1.00000000 0.09803922 0.13725490
v 185.27145574 -221.24534375 182.80882997 1.00000000 0.09803922 0.13725490
v 185.84289112 -221.14243413 183.04681941 1.00000000 0.09803922 0.13725490
v 188.70573510 -221.10288409 183.06181178 1.00000000 0.09803922 0.13725490
v 189.29407877 -221.44306964 182.27915108 1.00000000 0.09803922 0.13725490
v 189.01644333 -221.66600778 183.03687409 1.00000000 0.09803922 0.13725490
v 181.09714249 -222.33820860 182.23778916 1.00000000 0.09803922 0.13725490
v 181.45181780 -222.07982461 183.12988568 1.00000000 0.09803922 0.13725490
v 189.40736649 -221.96109221 182.26178443 1.00000000 0.09803922 0.13725490
v 189.04586630 -222.32370270 183.02044177 1.00000000 0.09803922 0.13725490
v 181.05260045 -222.88257148 182.47770160 1.00000000 0.09803922 0.13725490
v 181.27495856 -222.66633757 182.99624115 1.00000000 0.09803922 0.13725490
v 189.39555511 -222.67127132 182.24525276 1.00000000 0.09803922 0.13725490
v 189.02089137 -223.02029560 183.03135192 1.00000000 0.09803922 0.13725490
v 180.95448190 -223.44698399 182.61595422 1.00000000 0.09803922 0.13725490
v 181.11829785 -223.57839700 182.04489651 1.00000000 0.09803922 0.13725490
v 181.11678142 -223.13656871 183.46053191 1.00000000 0.09803922 0.13725490
v 189.44794853 -223.40584710 182.25490163 1.00000000 0.09803922 0.13725490
v 189.07676245 -223.46780412 183.04357133 1.00000000 0.09803922 0.13725490
v 181.11321803 -224.00513479 182.22361942 1.00000000 0.09803922 0.13725490
v 180.76992898 -224.25797872 183.15076780 1.00000000 0.09803922 0.13725490
v 189.35828550 -223.86324836 183.04936861 1.00000000 0.09803922 0.13725490
v 190.05319527 -224.20472720 182.26728678 1.00000000 0.09803922 0.13725490
v 189.71622612 -224.18734578 183.06699065 1.00000000 0.09803922 0.13725490
v 181.11598989 -224.70589376 182.23406233 1.00000000 0.09803922 0.13725490
v 180.74900330 -225.08024520 182.99079258 1.00000000 0.09803922 0.13725490
v 190.08981438 -224.52270477 183.05199469 1.00000000 0.09803922 0.13725490
v 190.67737506 -224.89120860 182.29459419 1.00000000 0.09803922 0.13725490
v 190.39277384 -225.10779192 183.06350040 1.00000000 0.09803922 0.13725490
v 181.12024999 -225.43929357 182.18582190 1.00000000 0.09803922 0.13725490
v 180.75722664 -225.79292525 182.96847791 1.00000000 0.09803922 0.13725490
v 190.68205934 -225.55798802 182.12054538 1.00000000 0.09803922 0.13725490
v 190.33347368 -225.67123910 182.94905513 1.00000000 0.09803922 0.13725490
v 181.20731043 -226.15387837 182.16870600 1.00000000 0.09803922 0.13725490
v 180.82650824 -226.25184511 182.94734446 1.00000000 0.09803922 0.13725490
v 190.09455496 -226.30592518 182.27658770 1.00000000 0.09803922 0.13725490
v 190.08751361 -225.96364384 183.07309953 1.00000000 0.09803922 0.13725490
v 189.74273516 -226.29823948 183.06288722 1.00000000 0.09803922 0.13725490
v 181.11527534 -226.64940477 182.93402274 1.00000000 0.09803922 0.13725490
v 181.74891661 -226.94645995 182.42750047 1.00000000 0.09803922 0.13725490
v 181.44455780 -227.00670777 182.91829047 1.00000000 0.09803922 0.13725490
v 182.35852799 -226.98832035 182.23154301 1.00000000 0.09803922 0.13725490
v 183.01901720 -226.96611870 182.10799618 1.00000000 0.09803922 0.13725490
v 187.37867635 -227.09991658 182.26209959 1.00000000 0.09803922 0.13725490
v 187.35302491 -226.69630230 183.01907725 1.00000000 0.09803922 0.13725490
v 186.97320326 -226.96591276 183.03402395 1.00000000 0.09803922 0.13725490
v 188.18154194 -226.99739148 182.26143276 1.00000000 0.09803922 0.13725490
v 187.81277628 -226.63176382 183.01366804 1.00000000 0.09803922 0.13725490
v 188.87079839 -227.00908561 182.25926667 1.00000000 0.09803922 0.13725490
v 188.50867707 -226.65262598 183.00420934 1.00000000 0.09803922 0.13725490
v 189.47835553 -226.83479972 182.27362596 1.00000000 0.09803922 0.13725490
v 189.16888508 -226.61573218 183.02511781 1.00000000 0.09803922 0.13725490
v 181.83688688 -227.27410022 183.18026207 1.00000000 0.09803922 0.13725490
v 182.69803539 -227.33324006 182.98815958 1.00000000 0.09803922 0.13725490
v 183.40332934 -227.30762295 182.71829868 1.00000000 0.09803922 0.13725490
v 183.89404644 -227.47000718 182.65288942 1.00000000 0.09803922 0.13725490
v 184.11523409 -227.71630336 183.16825748 1.00000000 0.09803922 0.13725490
v 186.74211464 -227.46936214 182.38897963 1.00000000 0.09803922 0.13725490
v 186.62866518 -227.29365966 183.02922406 1.00000000 0.09803922 0.13725490
v 186.37019215 -227.60859906 182.94772866 1.00000000 0.09803922 0.13725490
v 184.55269605 -228.02187293 183.01647087 1.00000000 0.09803922 0.13725490
v 185.01200867 -228.32777300 183.14466474 1.00000000 0.09803922 0.13725490
v 186.03927033 -227.99016612 182.70726799 1.00000000 0.09803922 0.13725490
v 185.60009704 -228.30918850 182.63942567 1.00000000 0.09803922 0.13725490
v 185.20218389 -228.49654737 182.66852865 1.00000000 0.09803922 0.13725490
v 162.67924658 -214.87414950 183.54045939 1.00000000 0.09803922 0.13725490
v 163.35045024 -214.75734048 183.48313935 1.00000000 0.09803922 0.13725490
v 161.47063693 -215.38457556 183.34859042 1.00000000 0.09803922 0.13725490
v 162.07587073 -215.25452917 183.51112585 1.00000000 0.09803922 0.13725490
v 162.78038154 -215.32363854 183.58488327 1.00000000 0.09803922 0.13725490
v 163.36174303 -215.23647064 183.60342942 1.00000000 0.09803922 0.13725490
v 164.03636225 -215.21492228 183.46504177 1.00000000 0.09803922 0.13725490
v 164.78268186 -215.33642632 183.40285777 1.00000000 0.09803922 0.13725490
v 165.30831719 -215.31334472 183.33949058 1.00000000 0.09803922 0.13725490
v 182.62189612 -220.82597434 183.42234766 1.00000000 0.09803922 0.13725490
v 186.66738780 -220.77639578 183.71911581 1.00000000 0.09803922 0.13725490
v 187.11872417 -220.76767963 183.89078564 1.00000000 0.09803922 0.13725490
v 187.89982513 -220.80415997 183.69513978 1.00000000 0.09803922 0.13725490
v 181.81573961 -221.65568616 183.69447709 1.00000000 0.09803922 0.13725490
v 182.16756814 -221.35886802 184.14006362 1.00000000 0.09803922 0.13725490
v 182.62906560 -221.20098796 184.12164742 1.00000000 0.09803922 0.13725490
v 183.14502092 -221.40892953 184.05340428 1.00000000 0.09803922 0.13725490
v 182.91720302 -221.59660487 184.68583026 1.00000000 0.09803922 0.13725490
v 183.70247569 -221.47044641 183.76706344 1.00000000 0.09803922 0.13725490
v 184.38257083 -221.49447007 183.70943445 1.00000000 0.09803922 0.13725490
v 185.06895126 -221.49739346 183.72804706 1.00000000 0.09803922 0.13725490
v 185.70479261 -221.47249797 183.88318675 1.00000000 0.09803922 0.13725490
v 186.22114017 -221.33531878 184.17571909 1.00000000 0.09803922 0.13725490
v 186.76790638 -221.13268978 184.43638420 1.00000000 0.09803922 0.13725490
v 187.47652069 -221.11759067 184.61983229 1.00000000 0.09803922 0.13725490
v 188.13981370 -221.20801815 184.29535884 1.00000000 0.09803922 0.13725490
v 188.60418819 -221.46229724 183.81928551 1.00000000 0.09803922 0.13725490
v 188.29496946 -221.68239989 184.57676767 1.00000000 0.09803922 0.13725490
v 181.78214400 -222.21132229 184.07218782 1.00000000 0.09803922 0.13725490
v 182.12147752 -221.94821981 184.56292146 1.00000000 0.09803922 0.13725490
v 183.40621490 -221.75932202 184.56615690 1.00000000 0.09803922 0.13725490
v 184.05179094 -221.80623812 184.49858207 1.00000000 0.09803922 0.13725490
v 184.74983678 -221.81760055 184.51094764 1.00000000 0.09803922 0.13725490
v 185.45052306 -221.81214297 184.54564707 1.00000000 0.09803922 0.13725490
v 186.00006762 -221.70445398 184.65188445 1.00000000 0.09803922 0.13725490
v 188.69009455 -221.98752452 183.81478515 1.00000000 0.09803922 0.13725490
v 188.33525032 -222.32779505 184.57092824 1.00000000 0.09803922 0.13725490
v 181.54450148 -222.84044054 184.38852521 1.00000000 0.09803922 0.13725490
v 181.94377814 -222.45131625 184.65780357 1.00000000 0.09803922 0.13725490
v 188.67310005 -222.68503605 183.79399600 1.00000000 0.09803922 0.13725490
v 188.32707438 -223.03401610 184.55496335 1.00000000 0.09803922 0.13725490
v 180.83735180 -223.68975548 184.39249282 1.00000000 0.09803922 0.13725490
v 181.17399037 -223.30436214 184.65642803 1.00000000 0.09803922 0.13725490
v 188.74103249 -223.39521848 183.79580263 1.00000000 0.09803922 0.13725490
v 188.43340096 -223.60863253 184.65154991 1.00000000 0.09803922 0.13725490
v 180.47621448 -224.14152292 184.02071661 1.00000000 0.09803922 0.13725490
v 180.29744538 -224.34507045 184.40734367 1.00000000 0.09803922 0.13725490
v 180.48044603 -224.01677722 184.73430637 1.00000000 0.09803922 0.13725490
v 188.84204228 -223.92981027 184.28082907 1.00000000 0.09803922 0.13725490
v 189.38067229 -224.21259934 183.81737973 1.00000000 0.09803922 0.13725490
v 189.06678849 -224.32411201 184.67494452 1.00000000 0.09803922 0.13725490
v 180.41588686 -224.69418896 183.75398153 1.00000000 0.09803922 0.13725490
v 180.25626549 -224.88963137 184.48375263 1.00000000 0.09803922 0.13725490
v 189.56306728 -224.59568902 184.31190430 1.00000000 0.09803922 0.13725490
v 189.99272861 -224.90333356 183.83295488 1.00000000 0.09803922 0.13725490
v 189.68635948 -225.12578844 184.57041916 1.00000000 0.09803922 0.13725490
v 180.40551737 -225.41360871 183.73404539 1.00000000 0.09803922 0.13725490
v 180.24977826 -225.60028180 184.51776188 1.00000000 0.09803922 0.13725490
v 189.98918515 -225.57418429 183.68611481 1.00000000 0.09803922 0.13725490
v 189.63256814 -225.65769496 184.46696868 1.00000000 0.09803922 0.13725490
v 180.49723425 -226.14147782 183.73942560 1.00000000 0.09803922 0.13725490
v 180.28932731 -226.14142072 184.62669166 1.00000000 0.09803922 0.13725490
v 187.37600345 -226.39403650 183.77890013 1.00000000 0.09803922 0.13725490
v 187.25045555 -226.02650109 184.60409679 1.00000000 0.09803922 0.13725490
v 186.90989940 -226.36308926 184.40187792 1.00000000 0.09803922 0.13725490
v 188.17832123 -226.27315512 183.78119304 1.00000000 0.09803922 0.13725490
v 187.82848112 -225.92703981 184.52231634 1.00000000 0.09803922 0.13725490
v 188.87709849 -226.29548563 183.79848806 1.00000000 0.09803922 0.13725490
v 188.53153323 -225.93831999 184.54277561 1.00000000 0.09803922 0.13725490
v 189.48537422 -226.11757536 183.80780712 1.00000000 0.09803922 0.13725490
v 189.18345036 -225.90030563 184.56614237 1.00000000 0.09803922 0.13725490
v 180.65187650 -226.57042151 184.56675913 1.00000000 0.09803922 0.13725490
v 181.12550754 -227.00169889 183.70058167 1.00000000 0.09803922 0.13725490
v 180.93063502 -226.94560078 184.74867648 1.00000000 0.09803922 0.13725490
v 186.61608196 -226.97125819 183.78586815 1.00000000 0.09803922 0.13725490
v 186.50458034 -226.65058249 184.61408194 1.00000000 0.09803922 0.13725490
v 186.22029720 -227.07857462 184.45018534 1.00000000 0.09803922 0.13725490
v 181.32892507 -227.26695794 184.55638381 1.00000000 0.09803922 0.13725490
v 181.73658777 -227.62001149 183.96814094 1.00000000 0.09803922 0.13725490
v 181.61840938 -227.62218484 184.65980396 1.00000000 0.09803922 0.13725490
v 182.30595265 -227.67902426 183.74880155 1.00000000 0.09803922 0.13725490
v 183.03519622 -227.67742299 183.78787508 1.00000000 0.09803922 0.13725490
v 183.67458964 -227.66750348 183.67961191 1.00000000 0.09803922 0.13725490
v 185.95369514 -227.67801909 183.79363383 1.00000000 0.09803922 0.13725490
v 185.94295679 -227.33408156 184.57316266 1.00000000 0.09803922 0.13725490
v 185.60830932 -227.66313456 184.57067297 1.00000000 0.09803922 0.13725490
v 181.95892100 -227.80961780 184.35680522 1.00000000 0.09803922 0.13725490
v 182.57441624 -227.87744203 184.65282217 1.00000000 0.09803922 0.13725490
v 183.28483423 -227.89600199 184.52221154 1.00000000 0.09803922 0.13725490
v 183.87978265 -227.86916716 184.52208641 1.00000000 0.09803922 0.13725490
v 184.46757673 -227.91311602 184.51925065 1.00000000 0.09803922 0.13725490
v 185.38106907 -228.19261444 183.67766038 1.00000000 0.09803922 0.13725490
v 185.03577374 -227.98718745 184.28617810 1.00000000 0.09803922 0.13725490
v 182.53818315 -221.70915890 184.88283113 1.00000000 0.09803922 0.13725490
v 186.59874241 -221.72180838 185.05165503 1.00000000 0.09803922 0.13725490
v 187.30920553 -221.55553432 185.16768594 1.00000000 0.09803922 0.13725490
v 187.84269440 -221.46053149 184.99930834 1.00000000 0.09803922 0.13725490
v 182.35716964 -222.30521897 185.11035312 1.00000000 0.09803922 0.13725490
v 182.97934298 -222.17048668 185.30634592 1.00000000 0.09803922 0.13725490
v 183.70313532 -222.13923222 185.28598359 1.00000000 0.09803922 0.13725490
v 184.38219098 -222.14414484 185.28249286 1.00000000 0.09803922 0.13725490
v 185.16998429 -222.22230110 185.27209013 1.00000000 0.09803922 0.13725490
v 186.00986872 -222.15935261 185.12765147 1.00000000 0.09803922 0.13725490
v 186.73140255 -222.29907049 185.29604882 1.00000000 0.09803922 0.13725490
v 187.30590465 -222.15561929 185.32639293 1.00000000 0.09803922 0.13725490
v 187.88786654 -221.96610096 185.14796914 1.00000000 0.09803922 0.13725490
v 182.00628307 -222.76357808 185.13591553 1.00000000 0.09803922 0.13725490
v 182.45169671 -222.75482193 185.59231726 1.00000000 0.09803922 0.13725490
v 182.90885696 -222.73577724 185.92829069 1.00000000 0.09803922 0.13725490
v 183.42492474 -222.54894395 185.99347624 1.00000000 0.09803922 0.13725490
v 184.06364524 -222.48118427 186.02723614 1.00000000 0.09803922 0.13725490
v 184.73045683 -222.49640974 186.00723120 1.00000000 0.09803922 0.13725490
v 185.27976165 -222.60748600 185.92501952 1.00000000 0.09803922 0.13725490
v 185.65023312 -222.94471069 186.16829780 1.00000000 0.09803922 0.13725490
v 185.78381727 -222.64828039 185.60003444 1.00000000 0.09803922 0.13725490
v 186.54906177 -222.82667942 185.46799946 1.00000000 0.09803922 0.13725490
v 187.30159660 -222.82356553 185.30605734 1.00000000 0.09803922 0.13725490
v 187.89861353 -222.65716240 185.10600412 1.00000000 0.09803922 0.13725490
v 181.11206028 -223.53054282 185.30797189 1.00000000 0.09803922 0.13725490
v 181.46477246 -223.51960326 186.03698074 1.00000000 0.09803922 0.13725490
v 181.97410252 -223.18995454 185.86372414 1.00000000 0.09803922 0.13725490
v 182.55267932 -223.08479449 186.14928696 1.00000000 0.09803922 0.13725490
v 186.16439864 -223.12527339 186.04934861 1.00000000 0.09803922 0.13725490
v 186.68258492 -223.30546816 185.90023255 1.00000000 0.09803922 0.13725490
v 186.93076132 -223.76870090 186.03410456 1.00000000 0.09803922 0.13725490
v 187.27067778 -223.49239481 185.46522042 1.00000000 0.09803922 0.13725490
v 187.97671921 -223.45563083 185.11783729 1.00000000 0.09803922 0.13725490
v 180.42628513 -224.41437478 185.16154915 1.00000000 0.09803922 0.13725490
v 180.76871203 -224.09466326 185.63833546 1.00000000 0.09803922 0.13725490
v 181.10935210 -223.84419802 186.03015048 1.00000000 0.09803922 0.13725490
v 187.42300248 -224.24227765 185.53025828 1.00000000 0.09803922 0.13725490
v 186.99219920 -224.40858022 186.03915298 1.00000000 0.09803922 0.13725490
v 187.99939050 -224.21343437 185.30791920 1.00000000 0.09803922 0.13725490
v 188.58710173 -224.19334786 185.06350536 1.00000000 0.09803922 0.13725490
v 180.41557540 -225.08280974 185.28761961 1.00000000 0.09803922 0.13725490
v 180.77002529 -224.69562971 186.04665247 1.00000000 0.09803922 0.13725490
v 187.34746804 -224.99227134 185.45266516 1.00000000 0.09803922 0.13725490
v 186.86803600 -224.95463689 185.90181081 1.00000000 0.09803922 0.13725490
v 188.03621481 -224.91240154 185.31220110 1.00000000 0.09803922 0.13725490
v 188.68753892 -224.89858805 185.30165041 1.00000000 0.09803922 0.13725490
v 189.19279231 -224.77527265 185.04751331 1.00000000 0.09803922 0.13725490
v 180.39993773 -225.78863477 185.26415919 1.00000000 0.09803922 0.13725490
v 180.76537735 -225.41951283 186.06585245 1.00000000 0.09803922 0.13725490
v 186.17651418 -225.67155984 185.59072009 1.00000000 0.09803922 0.13725490
v 185.89038230 -225.38635206 186.10461145 1.00000000 0.09803922 0.13725490
v 185.65113064 -225.83229467 186.01573158 1.00000000 0.09803922 0.13725490
v 186.78226770 -225.44052291 185.45774956 1.00000000 0.09803922 0.13725490
v 186.40295613 -225.19688621 186.00692308 1.00000000 0.09803922 0.13725490
v 187.32178977 -225.65148769 185.05419455 1.00000000 0.09803922 0.13725490
v 188.00239782 -225.50452727 185.06587725 1.00000000 0.09803922 0.13725490
v 188.70157142 -225.50584204 185.10700012 1.00000000 0.09803922 0.13725490
v 189.29148889 -225.38435268 185.04379614 1.00000000 0.09803922 0.13725490
v 180.40982777 -226.23427994 185.10338761 1.00000000 0.09803922 0.13725490
v 180.75664598 -226.14700163 185.85679961 1.00000000 0.09803922 0.13725490
v 185.96157538 -226.17463523 185.51651743 1.00000000 0.09803922 0.13725490
v 185.58627712 -226.46188224 186.00974880 1.00000000 0.09803922 0.13725490
v 186.61021869 -226.10157414 185.04521962 1.00000000 0.09803922 0.13725490
v 181.10004971 -226.99199831 185.29680321 1.00000000 0.09803922 0.13725490
v 181.09444476 -226.63359226 186.03412693 1.00000000 0.09803922 0.13725490
v 181.43736494 -226.98968149 185.95910281 1.00000000 0.09803922 0.13725490
v 185.95034472 -226.90182522 185.16843034 1.00000000 0.09803922 0.13725490
v 185.49777059 -227.02538330 185.92570056 1.00000000 0.09803922 0.13725490
v 182.03126264 -227.69133636 185.14068130 1.00000000 0.09803922 0.13725490
v 181.71650635 -227.33715010 185.57062569 1.00000000 0.09803922 0.13725490
v 182.54787568 -227.75978141 185.53768415 1.00000000 0.09803922 0.13725490
v 182.42385933 -227.35522450 186.32352896 1.00000000 0.09803922 0.13725490
v 182.87296965 -227.63758673 186.26449524 1.00000000 0.09803922 0.13725490
v 184.11464555 -227.67693476 185.40786724 1.00000000 0.09803922 0.13725490
v 183.94122368 -227.41248934 186.06456752 1.00000000 0.09803922 0.13725490
v 183.64048049 -227.62116326 185.91163711 1.00000000 0.09803922 0.13725490
v 184.74283255 -227.67327755 185.30528852 1.00000000 0.09803922 0.13725490
v 184.39529923 -227.34333552 186.05973202 1.00000000 0.09803922 0.13725490
v 185.35805377 -227.49509443 185.30419066 1.00000000 0.09803922 0.13725490
v 185.03738126 -227.26587101 186.04125778 1.00000000 0.09803922 0.13725490
v 183.12119292 -227.86010753 185.51881785 1.00000000 0.09803922 0.13725490
v 183.13419433 -223.07675775 186.51208129 1.00000000 0.09803922 0.13725490
v 183.88070876 -222.93071388 186.56507041 1.00000000 0.09803922 0.13725490
v 184.57375975 -222.91591000 186.57705350 1.00000000 0.09803922 0.13725490
v 185.21108993 -222.94288022 186.47322020 1.00000000 0.09803922 0.13725490
v 181.86603719 -223.53026391 186.65373467 1.00000000 0.09803922 0.13725490
v 182.41014261 -223.45909738 186.79841609 1.00000000 0.09803922 0.13725490
v 183.04975227 -223.51974247 187.05467822 1.00000000 0.09803922 0.13725490
v 183.68289591 -223.42448326 187.00136304 1.00000000 0.09803922 0.13725490
v 184.49521760 -223.49939213 186.98602342 1.00000000 0.09803922 0.13725490
v 185.25574495 -223.52179400 186.81768338 1.00000000 0.09803922 0.13725490
v 185.91759529 -223.48235194 186.62097154 1.00000000 0.09803922 0.13725490
v 186.47931131 -223.52581343 186.39491685 1.00000000 0.09803922 0.13725490
v 181.12202955 -224.38915296 186.73046460 1.00000000 0.09803922 0.13725490
v 181.46285183 -224.10047308 187.19802126 1.00000000 0.09803922 0.13725490
v 181.95728940 -223.86073969 187.39106417 1.00000000 0.09803922 0.13725490
v 182.68185713 -223.85961608 187.58013399 1.00000000 0.09803922 0.13725490
v 183.39466537 -223.85772539 187.58454715 1.00000000 0.09803922 0.13725490
v 184.08959833 -223.84490841 187.55245043 1.00000000 0.09803922 0.13725490
v 184.66107481 -223.97427720 187.43722779 1.00000000 0.09803922 0.13725490
v 184.87530412 -224.44192926 187.52380722 1.00000000 0.09803922 0.13725490
v 185.24290889 -224.18427455 187.00660654 1.00000000 0.09803922 0.13725490
v 185.96952680 -224.18597327 186.79851647 1.00000000 0.09803922 0.13725490
v 186.54707176 -224.02861363 186.57604126 1.00000000 0.09803922 0.13725490
v 181.13328425 -225.05826824 186.88570993 1.00000000 0.09803922 0.13725490
v 181.47645903 -224.71482659 187.60249039 1.00000000 0.09803922 0.13725490
v 185.20247946 -224.89424756 186.98316439 1.00000000 0.09803922 0.13725490
v 184.82373911 -224.95901050 187.44474911 1.00000000 0.09803922 0.13725490
v 185.86616471 -224.88718533 186.58635705 1.00000000 0.09803922 0.13725490
v 186.54117266 -224.66848671 186.44743920 1.00000000 0.09803922 0.13725490
v 181.12761517 -225.76383504 186.83502135 1.00000000 0.09803922 0.13725490
v 181.48732109 -225.41940514 187.61814749 1.00000000 0.09803922 0.13725490
v 184.83421284 -225.53931088 187.05092460 1.00000000 0.09803922 0.13725490
v 184.50649992 -225.28856971 187.65123839 1.00000000 0.09803922 0.13725490
v 184.30245526 -225.82267895 187.56467150 1.00000000 0.09803922 0.13725490
v 185.40548926 -225.43891042 186.53699236 1.00000000 0.09803922 0.13725490
v 181.11113133 -226.22824470 186.66310482 1.00000000 0.09803922 0.13725490
v 181.47677118 -226.14374308 187.38174774 1.00000000 0.09803922 0.13725490
v 184.59669755 -226.34876215 186.95131074 1.00000000 0.09803922 0.13725490
v 184.11742931 -226.35361154 187.44275877 1.00000000 0.09803922 0.13725490
v 185.18169693 -226.07512880 186.55290910 1.00000000 0.09803922 0.13725490
v 182.01574113 -226.98590003 186.68547897 1.00000000 0.09803922 0.13725490
v 181.72697605 -226.63692988 187.15271688 1.00000000 0.09803922 0.13725490
v 182.45470688 -226.98885987 187.03912780 1.00000000 0.09803922 0.13725490
v 182.46095955 -226.61984735 187.88183346 1.00000000 0.09803922 0.13725490
v 182.84901493 -226.97387014 187.59418700 1.00000000 0.09803922 0.13725490
v 183.97768486 -227.01437552 186.80963534 1.00000000 0.09803922 0.13725490
v 183.87508945 -226.61889888 187.56744159 1.00000000 0.09803922 0.13725490
v 183.56401659 -226.95448545 187.55915724 1.00000000 0.09803922 0.13725490
v 184.66145023 -226.96436781 186.55775130 1.00000000 0.09803922 0.13725490
v 185.15361183 -226.73724956 186.47253802 1.00000000 0.09803922 0.13725490
v 183.32677495 -227.49220807 186.65600867 1.00000000 0.09803922 0.13725490
v 183.07504851 -227.27804465 187.17937398 1.00000000 0.09803922 0.13725490
v 181.90831456 -224.42466195 188.02577195 1.00000000 0.09803922 0.13725490
v 182.51322340 -224.31140288 188.13006493 1.00000000 0.09803922 0.13725490
v 183.21178058 -224.30961771 188.13015438 1.00000000 0.09803922 0.13725490
v 183.90440373 -224.28977091 188.08771673 1.00000000 0.09803922 0.13725490
v 184.44136940 -224.21741511 187.89880609 1.00000000 0.09803922 0.13725490
v 181.91466007 -225.07107217 188.15835952 1.00000000 0.09803922 0.13725490
v 182.49873779 -224.91338201 188.36323916 1.00000000 0.09803922 0.13725490
v 183.19863635 -224.88402058 188.35952585 1.00000000 0.09803922 0.13725490
v 183.78871694 -224.76177037 188.30695708 1.00000000 0.09803922 0.13725490
v 184.41658959 -224.76623427 188.01678955 1.00000000 0.09803922 0.13725490
v 181.92826044 -225.75607643 188.12794553 1.00000000 0.09803922 0.13725490
v 182.39430704 -225.48054930 188.37613561 1.00000000 0.09803922 0.13725490
v 183.11381403 -225.65995956 188.53231183 1.00000000 0.09803922 0.13725490
v 183.93576011 -225.37232309 188.15961422 1.00000000 0.09803922 0.13725490
v 181.99143683 -226.28431145 187.96652988 1.00000000 0.09803922 0.13725490
v 182.48101983 -226.04536686 188.38094201 1.00000000 0.09803922 0.13725490
v 182.97831453 -226.22562387 188.83619262 1.00000000 0.09803922 0.13725490
v 183.33935870 -226.11684114 189.01350342 1.00000000 0.09803922 0.13725490
v 183.41145867 -226.38058303 188.99283686 1.00000000 0.09803922 0.13725490
v 183.72664997 -226.22040796 188.22442133 1.00000000 0.09803922 0.13725490
v 183.34088876 -226.78177738 188.22570561 1.00000000 0.09803922 0.13725490
v 183.09479373 -226.56900505 188.71803774 1.00000000 0.09803922 0.13725490
v 183.24332843 -226.29313479 189.25300002 1.00000000 0.09803922 0.13725490
v 183.10579076 -228.41415712 292.21323681 1.00000000 0.09803922 0.13725490
v 182.82304902 -228.41401658 292.31658112 1.00000000 0.09803922 0.13725490
v 183.09849299 -228.14617652 292.54566169 1.00000000 0.09803922 0.13725490
v 183.47144153 -228.33877916 292.87649620 1.00000000 0.09803922 0.13725490
v 182.73362661 -228.92706603 292.13936587 1.00000000 0.09803922 0.13725490
v 182.22518659 -229.25088293 292.45763322 1.00000000 0.09803922 0.13725490
v 182.43767979 -228.70715319 292.53147024 1.00000000 0.09803922 0.13725490
v 183.15753055 -228.72901417 292.56690944 1.00000000 0.09803922 0.13725490
v 182.93682286 -229.04832468 292.41671540 1.00000000 0.09803922 0.13725490
v 182.51568041 -229.68889888 292.09048441 1.00000000 0.09803922 0.13725490
v 182.16881775 -229.91527746 292.45046499 1.00000000 0.09803922 0.13725490
v 182.85839296 -229.49751244 292.42167832 1.00000000 0.09803922 0.13725490
v 182.46673522 -230.22468268 292.16602131 1.00000000 0.09803922 0.13725490
v 182.28948372 -230.45124134 292.56120245 1.00000000 0.09803922 0.13725490
v 182.80490086 -230.14625835 292.42069517 1.00000000 0.09803922 0.13725490
v 180.69680179 -231.16709182 291.93805416 1.00000000 0.09803922 0.13725490
v 180.19395397 -231.27922150 292.39351599 1.00000000 0.09803922 0.13725490
v 180.42783458 -230.82651147 292.51931896 1.00000000 0.09803922 0.13725490
v 180.94813190 -230.76777965 292.41610841 1.00000000 0.09803922 0.13725490
v 181.17067109 -231.21726377 292.02013157 1.00000000 0.09803922 0.13725490
v 181.40421346 -231.01201257 292.53772364 1.00000000 0.09803922 0.13725490
v 182.62835421 -230.56374830 292.53556933 1.00000000 0.09803922 0.13725490
v 180.47172798 -231.58740960 291.96090627 1.00000000 0.09803922 0.13725490
v 180.18953865 -231.67932439 292.36438795 1.00000000 0.09803922 0.13725490
v 180.95636094 -231.65184775 291.94469887 1.00000000 0.09803922 0.13725490
v 181.51725578 -231.68000603 292.70783796 1.00000000 0.09803922 0.13725490
v 180.49021651 -232.01640167 292.60112415 1.00000000 0.09803922 0.13725490
v 181.15711619 -232.10354773 292.61004485 1.00000000 0.09803922 0.13725490
v 176.49436323 -220.74217882 293.62948902 1.00000000 0.09803922 0.13725490
v 176.18001558 -220.78839112 294.06997790 1.00000000 0.09803922 0.13725490
v 176.41207835 -220.52152997 293.88511702 1.00000000 0.09803922 0.13725490
v 176.94496636 -220.44888874 294.20429974 1.00000000 0.09803922 0.13725490
v 176.85413466 -220.83274004 293.67359850 1.00000000 0.09803922 0.13725490
v 177.28973057 -220.73784634 294.15919240 1.00000000 0.09803922 0.13725490
v 176.55748953 -221.07530335 293.90061516 1.00000000 0.09803922 0.13725490
v 177.07721598 -221.02672093 294.03754060 1.00000000 0.09803922 0.13725490
v 176.55114762 -224.18560124 293.66214086 1.00000000 0.09803922 0.13725490
v 176.18697422 -224.21948409 293.94634355 1.00000000 0.09803922 0.13725490
v 176.31936177 -223.99918501 294.03894374 1.00000000 0.09803922 0.13725490
v 176.87594296 -223.88967903 293.92688302 1.00000000 0.09803922 0.13725490
v 177.15373047 -224.30785530 293.50411963 1.00000000 0.09803922 0.13725490
v 177.53377261 -223.92953474 293.90616694 1.00000000 0.09803922 0.13725490
v 177.75325119 -224.37887921 293.55955329 1.00000000 0.09803922 0.13725490
v 178.00180610 -224.18887856 294.02992294 1.00000000 0.09803922 0.13725490
v 176.42734453 -224.49863919 294.13291583 1.00000000 0.09803922 0.13725490
v 177.12997096 -224.68114531 293.71436592 1.00000000 0.09803922 0.13725490
v 177.58965699 -224.72751565 293.57778793 1.00000000 0.09803922 0.13725490
v 177.39166490 -224.90139516 293.86029154 1.00000000 0.09803922 0.13725490
v 178.10371257 -224.83027399 294.23775498 1.00000000 0.09803922 0.13725490
v 177.62629232 -225.15255593 294.35288000 1.00000000 0.09803922 0.13725490
v 181.34994655 -226.34946478 293.49654147 1.00000000 0.09803922 0.13725490
v 180.84709986 -226.44607106 293.95268267 1.00000000 0.09803922 0.13725490
v 181.06382663 -225.99199046 294.03978856 1.00000000 0.09803922 0.13725490
v 181.58587129 -225.96116764 293.95403213 1.00000000 0.09803922 0.13725490
v 181.95639188 -226.42781727 293.52883697 1.00000000 0.09803922 0.13725490
v 182.10096275 -226.14910030 294.05300087 1.00000000 0.09803922 0.13725490
v 184.69905017 -226.42737844 293.42406720 1.00000000 0.09803922 0.13725490
v 184.15781738 -226.36234386 293.84762757 1.00000000 0.09803922 0.13725490
v 184.49234022 -226.02435131 294.04662919 1.00000000 0.09803922 0.13725490
v 185.07822154 -225.91893079 293.92936904 1.00000000 0.09803922 0.13725490
v 185.43965299 -226.34248236 293.30568035 1.00000000 0.09803922 0.13725490
v 185.88695259 -225.90884918 294.19201939 1.00000000 0.09803922 0.13725490
v 186.07860552 -226.43467221 293.39916136 1.00000000 0.09803922 0.13725490
v 186.35073002 -226.19954379 294.12395893 1.00000000 0.09803922 0.13725490
v 181.24013358 -226.94371217 293.40658717 1.00000000 0.09803922 0.13725490
v 180.78421028 -227.10965558 293.95728994 1.00000000 0.09803922 0.13725490
v 181.84927368 -226.93034626 293.23003880 1.00000000 0.09803922 0.13725490
v 182.45541570 -226.49130576 293.87256265 1.00000000 0.09803922 0.13725490
v 182.60256584 -226.96545148 293.39705744 1.00000000 0.09803922 0.13725490
v 183.00283416 -226.61488198 293.98013063 1.00000000 0.09803922 0.13725490
v 183.39848056 -227.07073225 293.43862661 1.00000000 0.09803922 0.13725490
v 183.64314918 -226.55800007 293.96969931 1.00000000 0.09803922 0.13725490
v 184.09807126 -226.92625767 293.37120685 1.00000000 0.09803922 0.13725490
v 184.68719340 -227.06302531 293.14775451 1.00000000 0.09803922 0.13725490
v 185.25580222 -226.93386834 293.09717658 1.00000000 0.09803922 0.13725490
v 185.82374173 -226.81954836 293.05721539 1.00000000 0.09803922 0.13725490
v 186.67101659 -226.52037602 294.12508267 1.00000000 0.09803922 0.13725490
v 186.38363637 -227.01605927 293.44737421 1.00000000 0.09803922 0.13725490
v 186.96999646 -227.01621938 294.36789216 1.00000000 0.09803922 0.13725490
v 181.13891409 -227.71547362 293.41887169 1.00000000 0.09803922 0.13725490
v 180.68167246 -227.68484163 293.86042102 1.00000000 0.09803922 0.13725490
v 181.81368573 -227.59492955 293.20544753 1.00000000 0.09803922 0.13725490
v 182.40831476 -227.50713357 293.16102627 1.00000000 0.09803922 0.13725490
v 183.18855495 -227.74192518 293.04765202 1.00000000 0.09803922 0.13725490
v 183.90608178 -227.62853410 293.18624156 1.00000000 0.09803922 0.13725490
v 184.44768943 -227.52244087 293.16935897 1.00000000 0.09803922 0.13725490
v 185.04817676 -227.67194944 293.32818055 1.00000000 0.09803922 0.13725490
v 185.80954022 -227.46086062 293.35450751 1.00000000 0.09803922 0.13725490
v 186.36276244 -227.66441262 294.13459256 1.00000000 0.09803922 0.13725490
v 186.67915613 -227.35242241 294.10733200 1.00000000 0.09803922 0.13725490
v 177.90107020 -228.50531661 293.58089519 1.00000000 0.09803922 0.13725490
v 177.45251093 -228.44979093 294.01109615 1.00000000 0.09803922 0.13725490
v 177.83172771 -228.02448758 294.36539148 1.00000000 0.09803922 0.13725490
v 178.11281866 -228.26448193 294.20079929 1.00000000 0.09803922 0.13725490
v 180.60459542 -228.36435070 293.47923454 1.00000000 0.09803922 0.13725490
v 180.12912756 -228.29968145 293.99394729 1.00000000 0.09803922 0.13725490
v 180.45154456 -227.96228592 293.96879984 1.00000000 0.09803922 0.13725490
v 181.25586362 -228.42618900 293.27255217 1.00000000 0.09803922 0.13725490
v 181.72733876 -228.19119345 293.21797940 1.00000000 0.09803922 0.13725490
v 182.47812498 -228.16613604 292.92853335 1.00000000 0.09803922 0.13725490
v 183.84337347 -228.14315513 293.20045800 1.00000000 0.09803922 0.13725490
v 184.43719886 -228.15598770 293.48385421 1.00000000 0.09803922 0.13725490
v 185.00660765 -228.36314899 294.22972215 1.00000000 0.09803922 0.13725490
v 185.47723565 -228.02847016 293.93088873 1.00000000 0.09803922 0.13725490
v 185.95242773 -227.96869773 294.14929890 1.00000000 0.09803922 0.13725490
v 177.79265558 -229.03020124 293.33180210 1.00000000 0.09803922 0.13725490
v 177.36035275 -229.19330496 293.86096571 1.00000000 0.09803922 0.13725490
v 178.33595298 -228.54918520 293.80500918 1.00000000 0.09803922 0.13725490
v 178.45717484 -229.00888671 293.31859820 1.00000000 0.09803922 0.13725490
v 178.90654880 -228.67536090 293.92178982 1.00000000 0.09803922 0.13725490
v 179.25808727 -229.10640402 293.38942406 1.00000000 0.09803922 0.13725490
v 179.56624044 -228.62666293 293.98462708 1.00000000 0.09803922 0.13725490
v 179.98042767 -228.97559862 293.40425944 1.00000000 0.09803922 0.13725490
v 180.57582737 -229.12059443 293.28650176 1.00000000 0.09803922 0.13725490
v 181.14172692 -228.99773502 293.25709914 1.00000000 0.09803922 0.13725490
v 181.86022858 -228.79847949 293.03235141 1.00000000 0.09803922 0.13725490
v 183.17735651 -229.21177025 293.07499094 1.00000000 0.09803922 0.13725490
v 183.54683164 -228.89129245 293.56355591 1.00000000 0.09803922 0.13725490
v 184.04873206 -228.65088995 293.82155017 1.00000000 0.09803922 0.13725490
v 184.57073167 -228.66516905 294.26867717 1.00000000 0.09803922 0.13725490
v 177.68892620 -229.53438427 293.50585680 1.00000000 0.09803922 0.13725490
v 177.43499499 -229.63083847 293.91749500 1.00000000 0.09803922 0.13725490
v 178.21597858 -229.57804173 293.38788236 1.00000000 0.09803922 0.13725490
v 179.02740656 -229.68501092 293.38136383 1.00000000 0.09803922 0.13725490
v 179.78350385 -229.67477458 293.22681461 1.00000000 0.09803922 0.13725490
v 180.47518464 -229.69330350 293.22150444 1.00000000 0.09803922 0.13725490
v 181.13828047 -229.68290051 293.24109774 1.00000000 0.09803922 0.13725490
v 181.72792416 -229.51520170 293.00245523 1.00000000 0.09803922 0.13725490
v 183.18654422 -229.85699658 293.20895845 1.00000000 0.09803922 0.13725490
v 183.54130732 -229.49548275 293.99230457 1.00000000 0.09803922 0.13725490
v 177.76089986 -229.95558095 294.18539915 1.00000000 0.09803922 0.13725490
v 178.60123401 -230.03353549 293.95421583 1.00000000 0.09803922 0.13725490
v 179.16614540 -230.14871937 293.88747056 1.00000000 0.09803922 0.13725490
v 179.64930795 -230.21889853 293.44562937 1.00000000 0.09803922 0.13725490
v 179.40056378 -230.59396315 294.02981237 1.00000000 0.09803922 0.13725490
v 180.37806352 -230.34003376 293.02849122 1.00000000 0.09803922 0.13725490
v 181.18798535 -230.40670240 293.01419762 1.00000000 0.09803922 0.13725490
v 181.83156520 -230.31423230 293.00979040 1.00000000 0.09803922 0.13725490
v 183.18556819 -230.58012189 293.17809379 1.00000000 0.09803922 0.13725490
v 183.61128890 -230.14856847 293.95281159 1.00000000 0.09803922 0.13725490
v 179.90235274 -230.86851564 293.23557206 1.00000000 0.09803922 0.13725490
v 179.45109448 -231.23300850 294.02567821 1.00000000 0.09803922 0.13725490
v 181.76099675 -231.04467774 292.97674269 1.00000000 0.09803922 0.13725490
v 182.40759181 -231.01661656 293.19066356 1.00000000 0.09803922 0.13725490
v 183.10555966 -231.07593980 293.41783257 1.00000000 0.09803922 0.13725490
v 183.79119205 -230.66345586 293.81808801 1.00000000 0.09803922 0.13725490
v 183.67166191 -231.02144147 293.59372680 1.00000000 0.09803922 0.13725490
v 184.17624161 -231.11250772 294.36752111 1.00000000 0.09803922 0.13725490
v 179.87387745 -231.60197494 293.18054473 1.00000000 0.09803922 0.13725490
v 179.50455706 -231.69355535 293.99624482 1.00000000 0.09803922 0.13725490
v 181.94035307 -231.58089418 293.32902040 1.00000000 0.09803922 0.13725490
v 182.25822463 -231.78689807 294.23863563 1.00000000 0.09803922 0.13725490
v 182.73800793 -231.44423436 293.94745669 1.00000000 0.09803922 0.13725490
v 183.38542894 -231.38739705 293.93413489 1.00000000 0.09803922 0.13725490
v 183.91121703 -231.40682410 294.20004258 1.00000000 0.09803922 0.13725490
v 179.79169517 -232.09597500 293.92474159 1.00000000 0.09803922 0.13725490
v 180.41446372 -232.39902543 293.38900826 1.00000000 0.09803922 0.13725490
v 180.13026505 -232.44409440 293.92198858 1.00000000 0.09803922 0.13725490
v 180.95149253 -232.46276197 293.25299102 1.00000000 0.09803922 0.13725490
v 181.52359714 -232.45902834 293.91090746 1.00000000 0.09803922 0.13725490
v 181.85126289 -232.09672201 293.99393351 1.00000000 0.09803922 0.13725490
v 180.48733309 -232.73127516 294.14390591 1.00000000 0.09803922 0.13725490
v 181.14966142 -232.80838084 294.11032017 1.00000000 0.09803922 0.13725490
v 176.40705145 -220.23128120 294.66104946 1.00000000 0.09803922 0.13725490
v 176.01038749 -220.07988022 295.39961670 1.00000000 0.09803922 0.13725490
v 176.42583134 -219.80928456 295.41073839 1.00000000 0.09803922 0.13725490
v 176.96934505 -219.73693066 295.73664343 1.00000000 0.09803922 0.13725490
v 176.96335766 -220.09597989 294.87148895 1.00000000 0.09803922 0.13725490
v 177.38938308 -220.08966515 295.43285191 1.00000000 0.09803922 0.13725490
v 175.74238144 -220.81558835 294.83864252 1.00000000 0.09803922 0.13725490
v 175.30821153 -220.76850958 295.46529454 1.00000000 0.09803922 0.13725490
v 175.64455741 -220.40858219 295.44188710 1.00000000 0.09803922 0.13725490
v 177.63208919 -220.44387398 295.02534051 1.00000000 0.09803922 0.13725490
v 177.74878269 -220.95627985 294.68109078 1.00000000 0.09803922 0.13725490
v 178.24216333 -220.44819121 295.44989558 1.00000000 0.09803922 0.13725490
v 178.57419757 -220.88418912 294.92411644 1.00000000 0.09803922 0.13725490
v 179.01417669 -220.44757991 295.76432597 1.00000000 0.09803922 0.13725490
v 179.22223266 -220.96395816 294.98621190 1.00000000 0.09803922 0.13725490
v 179.47751369 -220.73383101 295.62373503 1.00000000 0.09803922 0.13725490
v 175.10238074 -221.50819439 294.94369977 1.00000000 0.09803922 0.13725490
v 174.61534769 -221.46376898 295.45299936 1.00000000 0.09803922 0.13725490
v 174.95488379 -221.12134633 295.45821162 1.00000000 0.09803922 0.13725490
v 175.73805296 -221.58192329 294.73123831 1.00000000 0.09803922 0.13725490
v 176.28559886 -221.43173999 294.51217914 1.00000000 0.09803922 0.13725490
v 177.10501264 -221.47445927 294.51294652 1.00000000 0.09803922 0.13725490
v 177.83103414 -221.59211815 294.72631278 1.00000000 0.09803922 0.13725490
v 178.42269792 -221.47425047 294.70397723 1.00000000 0.09803922 0.13725490
v 179.11286106 -221.47198782 294.65754291 1.00000000 0.09803922 0.13725490
v 179.72820576 -221.01975396 295.27811444 1.00000000 0.09803922 0.13725490
v 179.84629984 -221.49050915 294.80730811 1.00000000 0.09803922 0.13725490
v 180.39869174 -221.13307100 295.70996948 1.00000000 0.09803922 0.13725490
v 180.45130472 -221.64279559 295.03695165 1.00000000 0.09803922 0.13725490
v 180.80645405 -221.49534386 295.68136580 1.00000000 0.09803922 0.13725490
v 174.51856520 -222.13222139 294.94039331 1.00000000 0.09803922 0.13725490
v 174.01449148 -222.29259286 295.51488246 1.00000000 0.09803922 0.13725490
v 174.26875763 -221.82679288 295.42991889 1.00000000 0.09803922 0.13725490
v 175.08943953 -222.27323489 294.71280782 1.00000000 0.09803922 0.13725490
v 175.65900399 -222.17357729 294.74803320 1.00000000 0.09803922 0.13725490
v 176.32590339 -222.16166671 294.76395343 1.00000000 0.09803922 0.13725490
v 177.01105472 -222.15541042 294.76082814 1.00000000 0.09803922 0.13725490
v 177.72570354 -222.16803061 294.76033564 1.00000000 0.09803922 0.13725490
v 178.41538912 -222.15640728 294.72749366 1.00000000 0.09803922 0.13725490
v 179.07920004 -222.15113322 294.67057448 1.00000000 0.09803922 0.13725490
v 179.75787842 -222.16069957 294.65239911 1.00000000 0.09803922 0.13725490
v 180.48967202 -222.19506653 294.81678293 1.00000000 0.09803922 0.13725490
v 180.86043186 -221.95579420 295.35790309 1.00000000 0.09803922 0.13725490
v 174.37269437 -222.88059594 294.88480489 1.00000000 0.09803922 0.13725490
v 173.93629057 -223.04997058 295.39881640 1.00000000 0.09803922 0.13725490
v 174.97357132 -222.85947314 294.69326873 1.00000000 0.09803922 0.13725490
v 175.65729574 -222.85983757 294.70375059 1.00000000 0.09803922 0.13725490
v 176.36849637 -222.84399625 294.75739927 1.00000000 0.09803922 0.13725490
v 177.06926373 -222.84338009 294.78149475 1.00000000 0.09803922 0.13725490
v 177.74850015 -222.85996879 294.77132841 1.00000000 0.09803922 0.13725490
v 178.42641610 -222.85251241 294.75333784 1.00000000 0.09803922 0.13725490
v 178.98363490 -222.74652513 294.73317399 1.00000000 0.09803922 0.13725490
v 179.57788882 -222.88303028 294.89346668 1.00000000 0.09803922 0.13725490
v 180.28505514 -222.75397690 294.92611496 1.00000000 0.09803922 0.13725490
v 181.10127214 -222.38341557 295.23584509 1.00000000 0.09803922 0.13725490
v 181.15248323 -222.84902396 294.99640177 1.00000000 0.09803922 0.13725490
v 181.78143329 -222.50657766 295.70693722 1.00000000 0.09803922 0.13725490
v 181.84083614 -223.00032249 295.04406832 1.00000000 0.09803922 0.13725490
v 182.20694158 -222.85421458 295.64585687 1.00000000 0.09803922 0.13725490
v 174.28612097 -223.40147744 295.04613673 1.00000000 0.09803922 0.13725490
v 174.02218153 -223.48231301 295.42636886 1.00000000 0.09803922 0.13725490
v 174.90160278 -223.54173385 294.87478653 1.00000000 0.09803922 0.13725490
v 175.54850844 -223.42540295 294.69020839 1.00000000 0.09803922 0.13725490
v 176.28342877 -223.53552836 294.52672541 1.00000000 0.09803922 0.13725490
v 177.06328052 -223.43999999 294.49624590 1.00000000 0.09803922 0.13725490
v 177.80631107 -223.57939565 294.51532208 1.00000000 0.09803922 0.13725490
v 178.45332034 -223.57214363 294.72200274 1.00000000 0.09803922 0.13725490
v 179.10231881 -223.45911041 294.92660361 1.00000000 0.09803922 0.13725490
v 179.56485141 -223.48680929 295.39428698 1.00000000 0.09803922 0.13725490
v 180.01606680 -223.24404461 295.51798093 1.00000000 0.09803922 0.13725490
v 180.66255190 -223.16963975 295.48820815 1.00000000 0.09803922 0.13725490
v 181.22096007 -223.29791790 295.33377875 1.00000000 0.09803922 0.13725490
v 181.72789394 -223.48602431 295.02951623 1.00000000 0.09803922 0.13725490
v 181.45527049 -223.76196690 295.48951378 1.00000000 0.09803922 0.13725490
v 182.17622579 -223.35410499 295.38842749 1.00000000 0.09803922 0.13725490
v 174.32850340 -223.83015297 295.68050052 1.00000000 0.09803922 0.13725490
v 175.04832995 -224.01563613 295.32911218 1.00000000 0.09803922 0.13725490
v 175.74273361 -224.05345744 294.68312058 1.00000000 0.09803922 0.13725490
v 175.34271866 -224.24329164 295.42774664 1.00000000 0.09803922 0.13725490
v 178.44010665 -224.32484767 294.53648098 1.00000000 0.09803922 0.13725490
v 179.00817129 -224.22530648 294.96677152 1.00000000 0.09803922 0.13725490
v 179.46207633 -224.04531200 295.52027325 1.00000000 0.09803922 0.13725490
v 181.84305370 -224.22076714 295.16481038 1.00000000 0.09803922 0.13725490
v 181.51961480 -224.40614614 295.53064748 1.00000000 0.09803922 0.13725490
v 182.16500644 -224.02141580 295.44415118 1.00000000 0.09803922 0.13725490
v 175.68191333 -224.56462580 295.44884499 1.00000000 0.09803922 0.13725490
v 176.29776015 -224.84621460 294.95727723 1.00000000 0.09803922 0.13725490
v 176.01453584 -224.89466833 295.51568308 1.00000000 0.09803922 0.13725490
v 176.95425659 -224.95111633 294.47005426 1.00000000 0.09803922 0.13725490
v 178.50920468 -224.86548157 294.71381726 1.00000000 0.09803922 0.13725490
v 178.88356298 -224.83076168 295.06125454 1.00000000 0.09803922 0.13725490
v 179.38213464 -224.68822373 295.57350023 1.00000000 0.09803922 0.13725490
v 181.88752236 -225.02118091 295.05938685 1.00000000 0.09803922 0.13725490
v 181.39552351 -224.95371083 295.37409849 1.00000000 0.09803922 0.13725490
v 182.22208514 -224.67660551 295.47565971 1.00000000 0.09803922 0.13725490
v 176.40545103 -225.17008304 295.66483217 1.00000000 0.09803922 0.13725490
v 177.19671790 -225.35055439 295.12756184 1.00000000 0.09803922 0.13725490
v 177.70089586 -225.66639925 295.03296126 1.00000000 0.09803922 0.13725490
v 177.35914872 -225.82538609 295.42353233 1.00000000 0.09803922 0.13725490
v 178.07958554 -225.49041098 295.07897518 1.00000000 0.09803922 0.13725490
v 178.59260835 -225.26652019 295.31802682 1.00000000 0.09803922 0.13725490
v 179.14690983 -225.14873438 295.68668597 1.00000000 0.09803922 0.13725490
v 180.64034879 -225.57307331 295.14488603 1.00000000 0.09803922 0.13725490
v 180.18478624 -225.81032280 295.55351076 1.00000000 0.09803922 0.13725490
v 180.42063122 -225.36547051 295.69435736 1.00000000 0.09803922 0.13725490
v 180.92489832 -225.17459234 295.52672777 1.00000000 0.09803922 0.13725490
v 181.24093659 -225.53112886 294.71816612 1.00000000 0.09803922 0.13725490
v 181.96850815 -225.72092688 294.51990891 1.00000000 0.09803922 0.13725490
v 182.43890060 -225.13753553 295.37626301 1.00000000 0.09803922 0.13725490
v 182.60388928 -225.61619466 294.93001156 1.00000000 0.09803922 0.13725490
v 182.99452975 -225.26782815 295.50502943 1.00000000 0.09803922 0.13725490
v 183.38713065 -225.68527228 294.97792036 1.00000000 0.09803922 0.13725490
v 183.68377889 -225.26124847 295.52098098 1.00000000 0.09803922 0.13725490
v 184.00037723 -225.58651713 294.97943408 1.00000000 0.09803922 0.13725490
v 184.37382968 -225.24117937 295.45417801 1.00000000 0.09803922 0.13725490
v 184.63276178 -225.64158959 294.67687821 1.00000000 0.09803922 0.13725490
v 185.09198626 -225.21986381 295.41913411 1.00000000 0.09803922 0.13725490
v 185.42123025 -225.56052679 294.66879692 1.00000000 0.09803922 0.13725490
v 185.89529214 -225.21094154 295.73765720 1.00000000 0.09803922 0.13725490
v 185.89545492 -225.55725323 294.83615397 1.00000000 0.09803922 0.13725490
v 186.29173091 -225.56521400 295.42793119 1.00000000 0.09803922 0.13725490
v 177.73911291 -226.25403009 295.19065517 1.00000000 0.09803922 0.13725490
v 177.41290248 -226.44755179 295.47202285 1.00000000 0.09803922 0.13725490
v 178.06337942 -226.07395095 295.50249689 1.00000000 0.09803922 0.13725490
v 180.58868528 -226.05148157 294.73872239 1.00000000 0.09803922 0.13725490
v 180.12412243 -226.44276784 295.54410353 1.00000000 0.09803922 0.13725490
v 182.55795649 -226.17228570 294.40793280 1.00000000 0.09803922 0.13725490
v 183.19483098 -226.17519606 294.53723765 1.00000000 0.09803922 0.13725490
v 183.93005831 -226.03245633 294.46858739 1.00000000 0.09803922 0.13725490
v 186.63682977 -225.90631399 295.43504036 1.00000000 0.09803922 0.13725490
v 186.63951562 -226.23242289 294.62715369 1.00000000 0.09803922 0.13725490
v 186.98379603 -226.23708515 295.37386180 1.00000000 0.09803922 0.13725490
v 177.72996629 -226.93635378 295.14173690 1.00000000 0.09803922 0.13725490
v 177.38442790 -227.14353458 295.41634970 1.00000000 0.09803922 0.13725490
v 178.07022834 -226.74015916 295.54771491 1.00000000 0.09803922 0.13725490
v 180.47025266 -226.76732514 294.74257529 1.00000000 0.09803922 0.13725490
v 180.14321867 -227.14790139 295.55191749 1.00000000 0.09803922 0.13725490
v 187.34335209 -226.60080575 295.43719615 1.00000000 0.09803922 0.13725490
v 187.34000269 -226.95153613 294.96055200 1.00000000 0.09803922 0.13725490
v 187.69547491 -227.03410806 295.94539457 1.00000000 0.09803922 0.13725490
v 177.56582131 -227.66720960 294.80229552 1.00000000 0.09803922 0.13725490
v 177.26646376 -227.69190200 295.29406724 1.00000000 0.09803922 0.13725490
v 178.05870407 -227.46581102 295.32441131 1.00000000 0.09803922 0.13725490
v 180.37521148 -227.60139141 294.59505952 1.00000000 0.09803922 0.13725490
v 180.04845925 -227.71769490 295.44629585 1.00000000 0.09803922 0.13725490
v 186.64917706 -227.62957762 294.60237659 1.00000000 0.09803922 0.13725490
v 186.97926706 -227.64944053 295.37141535 1.00000000 0.09803922 0.13725490
v 187.32603763 -227.30605850 295.40870956 1.00000000 0.09803922 0.13725490
v 177.16795915 -228.17514318 294.88198426 1.00000000 0.09803922 0.13725490
v 176.75847249 -228.43501959 295.52918046 1.00000000 0.09803922 0.13725490
v 177.04483812 -227.98381474 295.43000964 1.00000000 0.09803922 0.13725490
v 178.31226534 -227.97583355 295.10798006 1.00000000 0.09803922 0.13725490
v 178.61517634 -228.32702124 294.61914937 1.00000000 0.09803922 0.13725490
v 178.93247520 -228.01350972 295.56150644 1.00000000 0.09803922 0.13725490
v 179.27791159 -228.34473542 294.79815319 1.00000000 0.09803922 0.13725490
v 179.58390719 -227.95044292 295.60762741 1.00000000 0.09803922 0.13725490
v 179.88765843 -228.15587771 294.77992267 1.00000000 0.09803922 0.13725490
v 185.35335393 -228.32712207 294.54265804 1.00000000 0.09803922 0.13725490
v 185.72723234 -228.31296026 294.78742200 1.00000000 0.09803922 0.13725490
v 186.28765027 -228.32045909 295.46374338 1.00000000 0.09803922 0.13725490
v 186.63834251 -227.97952269 295.39538187 1.00000000 0.09803922 0.13725490
v 177.02298086 -228.85180968 294.66283288 1.00000000 0.09803922 0.13725490
v 176.65359903 -229.19372186 295.44076575 1.00000000 0.09803922 0.13725490
v 183.97827823 -229.23060689 294.45187640 1.00000000 0.09803922 0.13725490
v 184.47584373 -229.09830851 294.77958014 1.00000000 0.09803922 0.13725490
v 184.91901723 -228.91019836 295.10445783 1.00000000 0.09803922 0.13725490
v 185.39924062 -228.66171407 295.29697468 1.00000000 0.09803922 0.13725490
v 185.91811358 -228.65367282 295.74236200 1.00000000 0.09803922 0.13725490
v 177.08991716 -229.55334898 294.67055716 1.00000000 0.09803922 0.13725490
v 176.73001913 -229.63408453 295.45663405 1.00000000 0.09803922 0.13725490
v 183.98824741 -229.86714877 294.56989341 1.00000000 0.09803922 0.13725490
v 184.46255515 -229.69594204 295.00020260 1.00000000 0.09803922 0.13725490
v 184.90873613 -229.48517656 295.50394718 1.00000000 0.09803922 0.13725490
v 177.02898204 -230.02530627 295.46647558 1.00000000 0.09803922 0.13725490
v 177.78744530 -230.48952737 294.83275710 1.00000000 0.09803922 0.13725490
v 177.33185223 -230.60532562 295.46961250 1.00000000 0.09803922 0.13725490
v 178.43389326 -230.45338500 294.52717138 1.00000000 0.09803922 0.13725490
v 178.96306817 -230.38339245 294.36792790 1.00000000 0.09803922 0.13725490
v 184.08587840 -230.50425963 294.39519288 1.00000000 0.09803922 0.13725490
v 184.49011472 -230.38387753 294.95115068 1.00000000 0.09803922 0.13725490
v 184.93366734 -230.19651451 295.54905588 1.00000000 0.09803922 0.13725490
v 177.81922908 -231.08271690 294.92145975 1.00000000 0.09803922 0.13725490
v 177.39613552 -231.23568568 295.42598651 1.00000000 0.09803922 0.13725490
v 178.41314560 -231.04254250 294.73724377 1.00000000 0.09803922 0.13725490
v 178.99792869 -230.88753218 294.55166347 1.00000000 0.09803922 0.13725490
v 184.48958669 -230.92768203 294.85779347 1.00000000 0.09803922 0.13725490
v 184.95188430 -231.02094284 295.79448480 1.00000000 0.09803922 0.13725490
v 177.72767219 -231.59323860 295.05008690 1.00000000 0.09803922 0.13725490
v 177.46545647 -231.68499876 295.41504539 1.00000000 0.09803922 0.13725490
v 178.24490020 -231.64450870 294.93758422 1.00000000 0.09803922 0.13725490
v 179.03899923 -231.64995291 294.65482498 1.00000000 0.09803922 0.13725490
v 182.57743332 -231.74656261 294.56922301 1.00000000 0.09803922 0.13725490
v 183.04143598 -231.73784649 294.66067787 1.00000000 0.09803922 0.13725490
v 183.70001101 -231.75840950 294.79207629 1.00000000 0.09803922 0.13725490
v 184.27018247 -231.79125586 295.47524118 1.00000000 0.09803922 0.13725490
v 184.60803401 -231.44398890 295.50686209 1.00000000 0.09803922 0.13725490
v 177.75483320 -232.03296693 295.65495643 1.00000000 0.09803922 0.13725490
v 178.58162376 -232.11236460 295.42819336 1.00000000 0.09803922 0.13725490
v 179.22708472 -232.20380320 295.14899500 1.00000000 0.09803922 0.13725490
v 179.79161562 -232.45238188 294.69004741 1.00000000 0.09803922 0.13725490
v 179.37954464 -232.50081164 295.69909249 1.00000000 0.09803922 0.13725490
v 181.84764870 -232.46141643 294.74336721 1.00000000 0.09803922 0.13725490
v 182.18469492 -232.45425311 295.53049661 1.00000000 0.09803922 0.13725490
v 182.66885982 -232.09865287 295.31696447 1.00000000 0.09803922 0.13725490
v 183.37712358 -232.11725378 295.48154611 1.00000000 0.09803922 0.13725490
v 183.92137214 -232.13218508 295.70067698 1.00000000 0.09803922 0.13725490
v 179.91354185 -232.78546651 295.60477594 1.00000000 0.09803922 0.13725490
v 180.40811754 -233.07321478 294.90702811 1.00000000 0.09803922 0.13725490
v 180.27788563 -233.08832044 295.61251318 1.00000000 0.09803922 0.13725490
v 180.93656487 -233.13961947 294.77952194 1.00000000 0.09803922 0.13725490
v 181.47372327 -233.03210392 295.05835148 1.00000000 0.09803922 0.13725490
v 181.84858213 -232.80877349 295.46502155 1.00000000 0.09803922 0.13725490
v 180.70134226 -233.31035499 295.54412327 1.00000000 0.09803922 0.13725490
v 181.30309379 -233.37014938 295.87777636 1.00000000 0.09803922 0.13725490
v 176.42985436 -219.52466058 296.19371577 1.00000000 0.09803922 0.13725490
v 176.01784567 -219.49805010 296.92392154 1.00000000 0.09803922 0.13725490
v 176.45633493 -219.18953500 297.41749278 1.00000000 0.09803922 0.13725490
v 176.99365503 -219.18330967 297.15376874 1.00000000 0.09803922 0.13725490
v 176.96764944 -219.38543113 296.36995911 1.00000000 0.09803922 0.13725490
v 177.37930780 -219.38735496 296.95655777 1.00000000 0.09803922 0.13725490
v 175.66018187 -220.07457351 296.19005124 1.00000000 0.09803922 0.13725490
v 175.27140466 -220.18590827 296.85430106 1.00000000 0.09803922 0.13725490
v 175.55844827 -219.76897932 297.44508219 1.00000000 0.09803922 0.13725490
v 177.64800419 -219.74476014 296.57173834 1.00000000 0.09803922 0.13725490
v 177.95573911 -220.09856643 296.06616876 1.00000000 0.09803922 0.13725490
v 178.27100977 -219.75152244 296.96902100 1.00000000 0.09803922 0.13725490
v 178.58389563 -220.09736023 296.25857770 1.00000000 0.09803922 0.13725490
v 179.03915414 -219.74506010 297.29039654 1.00000000 0.09803922 0.13725490
v 179.03495480 -220.09721767 296.40454410 1.00000000 0.09803922 0.13725490
v 179.44476575 -220.09473797 296.93095351 1.00000000 0.09803922 0.13725490
v 174.97500675 -220.76890391 296.19716336 1.00000000 0.09803922 0.13725490
v 174.64644342 -220.76088998 296.94965887 1.00000000 0.09803922 0.13725490
v 174.99788690 -220.42597942 296.93324106 1.00000000 0.09803922 0.13725490
v 179.71964474 -220.43680388 296.54248766 1.00000000 0.09803922 0.13725490
v 179.99972978 -220.77817691 296.05338104 1.00000000 0.09803922 0.13725490
v 180.43704556 -220.43745991 297.26311522 1.00000000 0.09803922 0.13725490
v 180.43110174 -220.79022350 296.37556546 1.00000000 0.09803922 0.13725490
v 180.83157975 -220.77995177 296.99611497 1.00000000 0.09803922 0.13725490
v 174.27919387 -221.47040310 296.20187144 1.00000000 0.09803922 0.13725490
v 173.93940048 -221.44981593 296.93307446 1.00000000 0.09803922 0.13725490
v 174.28968306 -221.10859692 296.95037135 1.00000000 0.09803922 0.13725490
v 181.18022423 -221.13452211 296.96804528 1.00000000 0.09803922 0.13725490
v 181.30028473 -221.70702122 296.26960242 1.00000000 0.09803922 0.13725490
v 181.60005144 -221.42424338 297.24658971 1.00000000 0.09803922 0.13725490
v 173.72886134 -222.02847341 296.39530740 1.00000000 0.09803922 0.13725490
v 173.30626441 -222.26625578 297.03414340 1.00000000 0.09803922 0.13725490
v 173.59485255 -221.81745855 296.93364075 1.00000000 0.09803922 0.13725490
v 181.30786945 -222.16310857 295.74602293 1.00000000 0.09803922 0.13725490
v 181.90787528 -221.73894118 297.25634986 1.00000000 0.09803922 0.13725490
v 181.70070306 -222.07050360 296.30702946 1.00000000 0.09803922 0.13725490
v 182.20850797 -222.13887411 297.00105579 1.00000000 0.09803922 0.13725490
v 173.58495734 -222.71048915 296.18131002 1.00000000 0.09803922 0.13725490
v 173.21687919 -223.04685519 296.96064552 1.00000000 0.09803922 0.13725490
v 182.56362853 -222.49262594 296.95599852 1.00000000 0.09803922 0.13725490
v 182.54120179 -223.05540714 296.26680890 1.00000000 0.09803922 0.13725490
v 182.88385830 -222.83280960 297.19871152 1.00000000 0.09803922 0.13725490
v 173.66982437 -223.41885152 296.17388671 1.00000000 0.09803922 0.13725490
v 173.29963328 -223.51253644 296.97007076 1.00000000 0.09803922 0.13725490
v 179.90599663 -223.78351108 296.00656220 1.00000000 0.09803922 0.13725490
v 180.48396942 -223.60313439 296.10835951 1.00000000 0.09803922 0.13725490
v 180.99980436 -223.51121621 295.87264378 1.00000000 0.09803922 0.13725490
v 182.50532649 -223.71132227 296.17326346 1.00000000 0.09803922 0.13725490
v 182.86977316 -223.36343454 296.97240021 1.00000000 0.09803922 0.13725490
v 173.59593177 -223.89915253 296.95946280 1.00000000 0.09803922 0.13725490
v 174.23494382 -224.18596046 296.48490856 1.00000000 0.09803922 0.13725490
v 173.94041371 -224.24416964 297.00533469 1.00000000 0.09803922 0.13725490
v 174.88653589 -224.28787443 296.04059462 1.00000000 0.09803922 0.13725490
v 179.88087062 -224.42807415 296.11385578 1.00000000 0.09803922 0.13725490
v 180.48329093 -224.20590972 296.32944552 1.00000000 0.09803922 0.13725490
v 181.06570425 -224.00380047 296.09295897 1.00000000 0.09803922 0.13725490
v 182.62318546 -224.42517706 296.21318196 1.00000000 0.09803922 0.13725490
v 182.89074736 -224.01278796 296.95331341 1.00000000 0.09803922 0.13725490
v 174.33256447 -224.51085456 297.18407806 1.00000000 0.09803922 0.13725490
v 175.11654663 -224.66353504 296.67227559 1.00000000 0.09803922 0.13725490
v 175.69282757 -224.90255643 296.24435396 1.00000000 0.09803922 0.13725490
v 175.29764836 -224.95589254 297.19621756 1.00000000 0.09803922 0.13725490
v 179.66528631 -225.05041443 296.10946620 1.00000000 0.09803922 0.13725490
v 180.39044820 -224.90205179 296.14604681 1.00000000 0.09803922 0.13725490
v 181.06465329 -224.63518904 295.99374219 1.00000000 0.09803922 0.13725490
v 182.66005229 -224.91998588 295.84938923 1.00000000 0.09803922 0.13725490
v 183.11932765 -224.46539325 296.87886916 1.00000000 0.09803922 0.13725490
v 183.24878195 -224.85549887 296.24174637 1.00000000 0.09803922 0.13725490
v 183.79012726 -224.56439311 297.15301688 1.00000000 0.09803922 0.13725490
v 184.05120875 -224.90329780 296.24299905 1.00000000 0.09803922 0.13725490
v 184.59296796 -224.63830068 297.20839269 1.00000000 0.09803922 0.13725490
v 184.76796177 -224.88332793 296.21177131 1.00000000 0.09803922 0.13725490
v 185.29144637 -224.62924020 297.17058827 1.00000000 0.09803922 0.13725490
v 185.45491228 -224.86545864 296.21151443 1.00000000 0.09803922 0.13725490
v 185.80276246 -224.68745494 296.96672045 1.00000000 0.09803922 0.13725490
v 185.89987994 -224.86133915 296.40012703 1.00000000 0.09803922 0.13725490
v 186.23297088 -224.90678552 297.24578610 1.00000000 0.09803922 0.13725490
v 175.78241920 -225.23642753 297.01416324 1.00000000 0.09803922 0.13725490
v 176.41169198 -225.59328637 296.43602699 1.00000000 0.09803922 0.13725490
v 176.06968458 -225.58419633 297.48799148 1.00000000 0.09803922 0.13725490
v 176.89626282 -225.57294062 295.79985495 1.00000000 0.09803922 0.13725490
v 178.51156723 -225.84031072 295.94825248 1.00000000 0.09803922 0.13725490
v 179.18587698 -225.59834132 296.14057300 1.00000000 0.09803922 0.13725490
v 179.91260095 -225.46213262 296.10077874 1.00000000 0.09803922 0.13725490
v 186.52611307 -225.31200663 296.66650749 1.00000000 0.09803922 0.13725490
v 186.65663060 -225.57291049 296.20352082 1.00000000 0.09803922 0.13725490
v 186.93613273 -225.60491632 297.22053319 1.00000000 0.09803922 0.13725490
v 176.47371866 -225.90481759 297.00623314 1.00000000 0.09803922 0.13725490
v 176.93020149 -226.05794351 296.16525658 1.00000000 0.09803922 0.13725490
v 176.71265426 -226.32159491 297.14936401 1.00000000 0.09803922 0.13725490
v 178.50063194 -226.48124759 296.13960609 1.00000000 0.09803922 0.13725490
v 179.08522483 -226.28415360 296.36228671 1.00000000 0.09803922 0.13725490
v 179.68499379 -226.08024826 296.12907308 1.00000000 0.09803922 0.13725490
v 187.20362148 -226.00239475 296.68025175 1.00000000 0.09803922 0.13725490
v 187.33326927 -226.25399241 296.20971569 1.00000000 0.09803922 0.13725490
v 187.63546265 -226.39008400 297.24717855 1.00000000 0.09803922 0.13725490
v 177.05550340 -226.75274600 296.18485211 1.00000000 0.09803922 0.13725490
v 176.79254738 -226.91965377 297.13299537 1.00000000 0.09803922 0.13725490
v 178.52697667 -227.15226020 296.11279458 1.00000000 0.09803922 0.13725490
v 179.11087229 -226.96810644 296.37850947 1.00000000 0.09803922 0.13725490
v 179.69028016 -226.77128635 296.17075432 1.00000000 0.09803922 0.13725490
v 187.90606505 -226.76628996 296.57946310 1.00000000 0.09803922 0.13725490
v 188.03695370 -226.97357387 296.55262500 1.00000000 0.09803922 0.13725490
v 188.11462995 -226.94562789 296.93427381 1.00000000 0.09803922 0.13725490
v 176.93809710 -227.59681430 296.03227732 1.00000000 0.09803922 0.13725490
v 176.63570941 -227.55223728 297.18559534 1.00000000 0.09803922 0.13725490
v 178.56728782 -227.65958850 295.91428172 1.00000000 0.09803922 0.13725490
v 179.10623583 -227.57400513 296.17664075 1.00000000 0.09803922 0.13725490
v 179.70913373 -227.42757961 296.06780798 1.00000000 0.09803922 0.13725490
v 187.31901982 -227.66113750 296.11726570 1.00000000 0.09803922 0.13725490
v 187.61212128 -227.53380228 297.03396337 1.00000000 0.09803922 0.13725490
v 187.96273020 -227.09965504 297.00344721 1.00000000 0.09803922 0.13725490
v 176.45465361 -228.17530399 296.42258490 1.00000000 0.09803922 0.13725490
v 176.13449578 -228.46272361 296.95820103 1.00000000 0.09803922 0.13725490
v 176.32841556 -228.00719343 297.49703628 1.00000000 0.09803922 0.13725490
v 186.63614236 -228.33437193 296.19789433 1.00000000 0.09803922 0.13725490
v 186.97234968 -228.34389002 296.94656080 1.00000000 0.09803922 0.13725490
v 187.31503822 -228.00719713 296.91685092 1.00000000 0.09803922 0.13725490
v 176.31411126 -228.83816401 296.21465831 1.00000000 0.09803922 0.13725490
v 176.05379880 -228.98237303 297.17399250 1.00000000 0.09803922 0.13725490
v 185.26256108 -229.16077064 295.84992460 1.00000000 0.09803922 0.13725490
v 185.73783431 -229.12994927 296.33819667 1.00000000 0.09803922 0.13725490
v 186.29220298 -229.00536228 297.02692980 1.00000000 0.09803922 0.13725490
v 186.63800784 -228.67376641 296.95237572 1.00000000 0.09803922 0.13725490
v 176.39302714 -229.53542460 296.25619384 1.00000000 0.09803922 0.13725490
v 176.09678209 -229.69321770 297.53294464 1.00000000 0.09803922 0.13725490
v 185.35995291 -229.76764033 296.23107405 1.00000000 0.09803922 0.13725490
v 185.72474325 -229.63807087 296.88794257 1.00000000 0.09803922 0.13725490
v 186.00360257 -229.40206122 297.19669215 1.00000000 0.09803922 0.13725490
v 176.50401340 -230.07898961 296.71049514 1.00000000 0.09803922 0.13725490
v 176.91384342 -230.37305312 296.22557775 1.00000000 0.09803922 0.13725490
v 176.61287331 -230.59956003 296.98940793 1.00000000 0.09803922 0.13725490
v 185.29947142 -230.58680659 296.26073373 1.00000000 0.09803922 0.13725490
v 185.48874335 -230.28324187 297.20664573 1.00000000 0.09803922 0.13725490
v 177.01789955 -230.89772591 296.23059524 1.00000000 0.09803922 0.13725490
v 176.66449771 -231.24147149 297.00713999 1.00000000 0.09803922 0.13725490
v 185.30944108 -231.05205423 296.38848546 1.00000000 0.09803922 0.13725490
v 185.41035613 -230.92419638 296.85473549 1.00000000 0.09803922 0.13725490
v 177.11416835 -231.60769453 296.17496394 1.00000000 0.09803922 0.13725490
v 176.73061662 -231.71140920 296.95396152 1.00000000 0.09803922 0.13725490
v 184.62109428 -231.80079575 296.21144781 1.00000000 0.09803922 0.13725490
v 184.88296560 -231.59493305 296.73920848 1.00000000 0.09803922 0.13725490
v 185.24073211 -231.25522701 296.74281438 1.00000000 0.09803922 0.13725490
v 177.01193621 -232.11740039 296.91776072 1.00000000 0.09803922 0.13725490
v 177.64270463 -232.42352001 296.41705549 1.00000000 0.09803922 0.13725490
v 177.34330172 -232.48386736 296.91402868 1.00000000 0.09803922 0.13725490
v 178.23331970 -232.46028717 296.23094943 1.00000000 0.09803922 0.13725490
v 178.88253864 -232.45578438 296.11648962 1.00000000 0.09803922 0.13725490
v 182.58645862 -232.45774789 296.12627228 1.00000000 0.09803922 0.13725490
v 183.03082934 -232.46407685 296.27711179 1.00000000 0.09803922 0.13725490
v 183.66067022 -232.46783951 296.36560703 1.00000000 0.09803922 0.13725490
v 184.18296516 -232.27960007 296.72975709 1.00000000 0.09803922 0.13725490
v 184.56436904 -231.97345813 296.73506085 1.00000000 0.09803922 0.13725490
v 177.76823922 -232.75889109 297.34916394 1.00000000 0.09803922 0.13725490
v 178.58156874 -232.69694942 297.16306756 1.00000000 0.09803922 0.13725490
v 179.28125734 -232.68897293 296.92605238 1.00000000 0.09803922 0.13725490
v 179.87150659 -232.77925286 297.17420545 1.00000000 0.09803922 0.13725490
v 180.56085020 -233.21280764 296.29621091 1.00000000 0.09803922 0.13725490
v 180.26213475 -232.94427505 296.67161963 1.00000000 0.09803922 0.13725490
v 180.73471791 -233.15779479 297.47611601 1.00000000 0.09803922 0.13725490
v 181.75312768 -233.21490761 296.16087225 1.00000000 0.09803922 0.13725490
v 182.09056396 -233.03108542 296.75972984 1.00000000 0.09803922 0.13725490
v 182.55630748 -232.76487977 297.03033938 1.00000000 0.09803922 0.13725490
v 183.15734056 -232.65661651 297.29373230 1.00000000 0.09803922 0.13725490
v 183.73765428 -232.58972585 297.13048053 1.00000000 0.09803922 0.13725490
v 181.11444230 -233.41964261 296.93562637 1.00000000 0.09803922 0.13725490
v 181.73592495 -233.38181737 297.14743639 1.00000000 0.09803922 0.13725490
v 176.00329272 -219.37200951 298.02864977 1.00000000 0.09803922 0.13725490
v 176.44555329 -219.12216843 298.84141407 1.00000000 0.09803922 0.13725490
v 177.03972775 -219.03715488 298.50652357 1.00000000 0.09803922 0.13725490
v 177.70537612 -219.11389207 298.42450733 1.00000000 0.09803922 0.13725490
v 177.96921352 -219.39845587 297.62062317 1.00000000 0.09803922 0.13725490
v 178.45154437 -219.14343019 298.69905883 1.00000000 0.09803922 0.13725490
v 178.61180860 -219.40151298 297.76585193 1.00000000 0.09803922 0.13725490
v 178.95605574 -219.21953442 298.49645228 1.00000000 0.09803922 0.13725490
v 179.04818317 -219.39792147 297.92365528 1.00000000 0.09803922 0.13725490
v 179.38733245 -219.43296542 298.76205545 1.00000000 0.09803922 0.13725490
v 174.96765139 -220.21068739 297.55318320 1.00000000 0.09803922 0.13725490
v 174.73620579 -220.27720762 298.68558365 1.00000000 0.09803922 0.13725490
v 175.22315874 -219.89220308 298.65021299 1.00000000 0.09803922 0.13725490
v 175.66189728 -219.60230904 298.66175888 1.00000000 0.09803922 0.13725490
v 179.73334574 -219.79892768 298.17314705 1.00000000 0.09803922 0.13725490
v 180.04177148 -220.09785853 297.62809545 1.00000000 0.09803922 0.13725490
v 180.29395990 -219.93053616 298.56422342 1.00000000 0.09803922 0.13725490
v 180.44279912 -220.09604987 297.96033978 1.00000000 0.09803922 0.13725490
v 180.64710190 -220.15093819 298.31682410 1.00000000 0.09803922 0.13725490
v 174.30486383 -220.78376274 297.69977817 1.00000000 0.09803922 0.13725490
v 174.03685689 -220.96185778 298.70070374 1.00000000 0.09803922 0.13725490
v 174.36551613 -220.59616882 298.67058450 1.00000000 0.09803922 0.13725490
v 180.95749724 -220.49304400 298.40583085 1.00000000 0.09803922 0.13725490
v 181.19117523 -220.77687882 297.69594885 1.00000000 0.09803922 0.13725490
v 181.34486109 -220.82621869 298.23893855 1.00000000 0.09803922 0.13725490
v 173.60438840 -221.47522861 297.70060473 1.00000000 0.09803922 0.13725490
v 173.33395087 -221.63425391 298.74968529 1.00000000 0.09803922 0.13725490
v 173.66819690 -221.29001268 298.65894442 1.00000000 0.09803922 0.13725490
v 181.62699936 -221.17687438 298.40636593 1.00000000 0.09803922 0.13725490
v 181.86841328 -221.45239765 297.76130440 1.00000000 0.09803922 0.13725490
v 182.02355302 -221.51582812 298.28031443 1.00000000 0.09803922 0.13725490
v 173.03799103 -222.00755521 297.92133121 1.00000000 0.09803922 0.13725490
v 172.76878634 -222.30836209 298.36043343 1.00000000 0.09803922 0.13725490
v 172.96124071 -221.97461902 298.70618164 1.00000000 0.09803922 0.13725490
v 182.33091709 -221.87137702 298.43915338 1.00000000 0.09803922 0.13725490
v 182.57130852 -222.14703923 297.70942556 1.00000000 0.09803922 0.13725490
v 182.73182155 -222.19335275 298.24764038 1.00000000 0.09803922 0.13725490
v 172.88468093 -222.66516001 297.72056215 1.00000000 0.09803922 0.13725490
v 172.72852300 -222.84987431 298.49887937 1.00000000 0.09803922 0.13725490
v 182.99197969 -222.55477205 298.41336624 1.00000000 0.09803922 0.13725490
v 183.21692297 -223.05062661 297.82695847 1.00000000 0.09803922 0.13725490
v 183.36057738 -222.89025332 298.48921295 1.00000000 0.09803922 0.13725490
v 172.96695447 -223.38639341 297.73139527 1.00000000 0.09803922 0.13725490
v 172.78079375 -223.38482367 298.59329221 1.00000000 0.09803922 0.13725490
v 183.34412594 -223.71156956 297.73334049 1.00000000 0.09803922 0.13725490
v 183.59118580 -223.29279575 298.66918452 1.00000000 0.09803922 0.13725490
v 173.08234383 -223.85622361 298.18716252 1.00000000 0.09803922 0.13725490
v 173.61402855 -224.26236172 297.71412025 1.00000000 0.09803922 0.13725490
v 173.28285364 -224.23877407 298.98045863 1.00000000 0.09803922 0.13725490
v 183.33316240 -224.23212292 297.36688094 1.00000000 0.09803922 0.13725490
v 183.95912767 -223.78840231 298.78549521 1.00000000 0.09803922 0.13725490
v 183.85450464 -224.19092911 297.93173105 1.00000000 0.09803922 0.13725490
v 184.31862527 -224.15773847 298.75537039 1.00000000 0.09803922 0.13725490
v 173.79835834 -224.64044873 298.18446489 1.00000000 0.09803922 0.13725490
v 174.24377743 -224.85836516 297.98724418 1.00000000 0.09803922 0.13725490
v 173.97380404 -224.93105698 298.43656744 1.00000000 0.09803922 0.13725490
v 174.77495487 -224.89931205 297.66484288 1.00000000 0.09803922 0.13725490
v 184.54726319 -224.43586905 298.34989842 1.00000000 0.09803922 0.13725490
v 185.27275270 -224.54019549 298.46300483 1.00000000 0.09803922 0.13725490
v 185.88259266 -224.62652164 298.12565643 1.00000000 0.09803922 0.13725490
v 186.34117386 -224.86610321 298.92136479 1.00000000 0.09803922 0.13725490
v 174.32415549 -225.19161601 298.68511831 1.00000000 0.09803922 0.13725490
v 175.17741397 -225.24607287 298.19051628 1.00000000 0.09803922 0.13725490
v 175.67402213 -225.40338009 298.10161862 1.00000000 0.09803922 0.13725490
v 175.89507015 -225.63182063 298.60765927 1.00000000 0.09803922 0.13725490
v 186.67917097 -225.21292809 298.18143437 1.00000000 0.09803922 0.13725490
v 187.02102348 -225.55281276 298.91251453 1.00000000 0.09803922 0.13725490
v 176.38243451 -225.92376604 298.51323120 1.00000000 0.09803922 0.13725490
v 176.75595343 -226.36294468 298.33923118 1.00000000 0.09803922 0.13725490
v 187.35065012 -225.90500104 298.16938181 1.00000000 0.09803922 0.13725490
v 187.59734756 -226.26459343 298.77588038 1.00000000 0.09803922 0.13725490
v 176.79440645 -226.94568713 298.23341324 1.00000000 0.09803922 0.13725490
v 187.98770362 -226.83822947 297.33641505 1.00000000 0.09803922 0.13725490
v 187.77792208 -226.91298660 298.31021514 1.00000000 0.09803922 0.13725490
v 176.71364394 -227.63939669 298.64062395 1.00000000 0.09803922 0.13725490
v 187.68980433 -227.52047003 298.73188121 1.00000000 0.09803922 0.13725490
v 176.10618547 -228.41291662 297.97833928 1.00000000 0.09803922 0.13725490
v 176.37792498 -228.06290917 298.60726073 1.00000000 0.09803922 0.13725490
v 187.31210929 -228.34928837 297.72484613 1.00000000 0.09803922 0.13725490
v 187.55176194 -228.10008468 298.44500262 1.00000000 0.09803922 0.13725490
v 176.05794806 -228.99449299 298.32045984 1.00000000 0.09803922 0.13725490
v 186.63337279 -229.00479482 297.76056380 1.00000000 0.09803922 0.13725490
v 186.88324957 -228.89125223 298.21892701 1.00000000 0.09803922 0.13725490
v 187.28729230 -228.62448161 298.76925055 1.00000000 0.09803922 0.13725490
v 176.08730977 -229.57360632 298.54612090 1.00000000 0.09803922 0.13725490
v 185.82721880 -229.80663798 297.75402935 1.00000000 0.09803922 0.13725490
v 186.20929824 -229.55047249 298.19032403 1.00000000 0.09803922 0.13725490
v 186.60793579 -229.29535277 298.75010270 1.00000000 0.09803922 0.13725490
v 176.26694547 -230.31855543 297.52380827 1.00000000 0.09803922 0.13725490
v 176.12674529 -230.29123685 298.35368495 1.00000000 0.09803922 0.13725490
v 185.28582659 -230.45027043 297.93170619 1.00000000 0.09803922 0.13725490
v 185.34383177 -230.12536250 298.75289449 1.00000000 0.09803922 0.13725490
v 184.98821292 -230.60308105 298.51361387 1.00000000 0.09803922 0.13725490
v 185.96250926 -229.87745513 298.83407100 1.00000000 0.09803922 0.13725490
v 176.30496132 -230.88810399 297.74411064 1.00000000 0.09803922 0.13725490
v 176.15450604 -231.07443941 298.51585247 1.00000000 0.09803922 0.13725490
v 185.17480586 -231.03549311 297.59281665 1.00000000 0.09803922 0.13725490
v 184.82898517 -231.14103596 298.41731281 1.00000000 0.09803922 0.13725490
v 176.40139706 -231.60617875 297.75512774 1.00000000 0.09803922 0.13725490
v 176.18997811 -231.61224136 298.63483171 1.00000000 0.09803922 0.13725490
v 184.61186702 -231.77616184 297.76144581 1.00000000 0.09803922 0.13725490
v 184.59323516 -231.42855052 298.56567449 1.00000000 0.09803922 0.13725490
v 184.25552153 -231.75094099 298.55390266 1.00000000 0.09803922 0.13725490
v 176.55100198 -232.04083260 298.56174872 1.00000000 0.09803922 0.13725490
v 177.02809247 -232.48014678 297.69297861 1.00000000 0.09803922 0.13725490
v 176.83652934 -232.42696489 298.73144692 1.00000000 0.09803922 0.13725490
v 183.43193711 -232.46064485 297.87129001 1.00000000 0.09803922 0.13725490
v 183.27388975 -232.20720936 298.49767562 1.00000000 0.09803922 0.13725490
v 182.97943084 -232.42534412 298.42117761 1.00000000 0.09803922 0.13725490
v 184.00010625 -232.28976357 297.75811368 1.00000000 0.09803922 0.13725490
v 183.68844215 -232.07182413 298.52337912 1.00000000 0.09803922 0.13725490
v 177.24562564 -232.76937645 298.57222750 1.00000000 0.09803922 0.13725490
v 177.60194116 -233.11598740 298.11359599 1.00000000 0.09803922 0.13725490
v 177.52513983 -233.11486623 298.70368829 1.00000000 0.09803922 0.13725490
v 177.95552064 -233.02620888 298.36484398 1.00000000 0.09803922 0.13725490
v 178.35397001 -232.80941506 298.12122771 1.00000000 0.09803922 0.13725490
v 178.92800860 -232.69420349 298.27427987 1.00000000 0.09803922 0.13725490
v 179.61488776 -232.67031377 298.28825051 1.00000000 0.09803922 0.13725490
v 180.41561278 -232.75896583 298.50580905 1.00000000 0.09803922 0.13725490
v 180.93350311 -233.09450391 298.65758068 1.00000000 0.09803922 0.13725490
v 182.64130072 -232.74782411 298.17423166 1.00000000 0.09803922 0.13725490
v 182.17708451 -233.07351960 298.20715958 1.00000000 0.09803922 0.13725490
v 177.69923145 -233.23427926 298.48526113 1.00000000 0.09803922 0.13725490
v 181.15345295 -233.34224634 298.18522019 1.00000000 0.09803922 0.13725490
v 181.61139501 -233.36959290 298.32204014 1.00000000 0.09803922 0.13725490
v 175.99243687 -219.37242654 299.53518125 1.00000000 0.09803922 0.13725490
v 176.45148651 -219.14636915 300.39210855 1.00000000 0.09803922 0.13725490
v 177.05262603 -219.03456447 300.01387538 1.00000000 0.09803922 0.13725490
v 177.74918723 -219.02790429 300.00799838 1.00000000 0.09803922 0.13725490
v 178.44179812 -219.04690131 300.02625673 1.00000000 0.09803922 0.13725490
v 179.03122332 -219.14501385 299.66937580 1.00000000 0.09803922 0.13725490
v 179.48894167 -219.38798315 300.44205850 1.00000000 0.09803922 0.13725490
v 174.99985387 -220.07862116 299.20149410 1.00000000 0.09803922 0.13725490
v 175.21461157 -220.01529412 299.81894389 1.00000000 0.09803922 0.13725490
v 175.58398653 -219.73729251 300.11153751 1.00000000 0.09803922 0.13725490
v 179.94458209 -219.74185786 299.64202464 1.00000000 0.09803922 0.13725490
v 180.51829718 -220.09111317 299.25221485 1.00000000 0.09803922 0.13725490
v 180.23085527 -220.07335144 300.50135266 1.00000000 0.09803922 0.13725490
v 174.30074989 -220.75526725 299.19715651 1.00000000 0.09803922 0.13725490
v 174.54949090 -220.61444554 299.64789629 1.00000000 0.09803922 0.13725490
v 174.93931376 -220.34074266 300.17895131 1.00000000 0.09803922 0.13725490
v 180.70398813 -220.41909010 299.87768722 1.00000000 0.09803922 0.13725490
v 181.18837998 -220.77090392 299.25814518 1.00000000 0.09803922 0.13725490
v 180.88218843 -220.90128726 300.51946712 1.00000000 0.09803922 0.13725490
v 173.60354265 -221.44168844 299.21667306 1.00000000 0.09803922 0.13725490
v 173.86389427 -221.30294297 299.67335551 1.00000000 0.09803922 0.13725490
v 174.26346950 -221.02495480 300.18596307 1.00000000 0.09803922 0.13725490
v 181.35985543 -221.16386876 299.77092907 1.00000000 0.09803922 0.13725490
v 181.85779438 -221.47177404 299.26770344 1.00000000 0.09803922 0.13725490
v 181.57169590 -221.56746259 300.13429084 1.00000000 0.09803922 0.13725490
v 172.88482556 -222.39074403 299.15242147 1.00000000 0.09803922 0.13725490
v 173.19841835 -222.03550012 299.71609567 1.00000000 0.09803922 0.13725490
v 173.57441099 -221.70153352 300.23212236 1.00000000 0.09803922 0.13725490
v 182.03428085 -221.84794796 299.78244863 1.00000000 0.09803922 0.13725490
v 182.54570743 -222.14194569 299.27363547 1.00000000 0.09803922 0.13725490
v 182.20277901 -222.12615530 300.05221735 1.00000000 0.09803922 0.13725490
v 172.87942738 -223.03394782 299.28460755 1.00000000 0.09803922 0.13725490
v 173.14714030 -222.63345193 300.19307975 1.00000000 0.09803922 0.13725490
v 182.53520409 -222.48908398 300.02921380 1.00000000 0.09803922 0.13725490
v 183.27843998 -222.89885079 299.34137026 1.00000000 0.09803922 0.13725490
v 182.94748210 -222.93608571 300.15950560 1.00000000 0.09803922 0.13725490
v 172.94872822 -223.61838349 299.02551933 1.00000000 0.09803922 0.13725490
v 173.15923554 -223.44398584 300.04566467 1.00000000 0.09803922 0.13725490
v 183.38842980 -223.18057916 300.12900494 1.00000000 0.09803922 0.13725490
v 183.75378170 -223.30520209 299.69321532 1.00000000 0.09803922 0.13725490
v 183.92485172 -223.49796766 299.24365491 1.00000000 0.09803922 0.13725490
v 184.07019871 -223.59499229 299.74008947 1.00000000 0.09803922 0.13725490
v 173.24525033 -224.09653840 300.26287285 1.00000000 0.09803922 0.13725490
v 184.37420043 -223.94320764 299.94411056 1.00000000 0.09803922 0.13725490
v 184.71382617 -224.26519615 299.36680852 1.00000000 0.09803922 0.13725490
v 184.81240148 -224.21513657 300.03907521 1.00000000 0.09803922 0.13725490
v 173.65586252 -224.88378887 298.98726142 1.00000000 0.09803922 0.13725490
v 173.28345012 -224.68357764 299.99289658 1.00000000 0.09803922 0.13725490
v 185.13845715 -224.50981321 300.01475403 1.00000000 0.09803922 0.13725490
v 185.89310924 -224.67162169 299.52049986 1.00000000 0.09803922 0.13725490
v 186.25840136 -224.88261696 299.91827907 1.00000000 0.09803922 0.13725490
v 173.59161673 -225.26063996 299.93111542 1.00000000 0.09803922 0.13725490
v 174.23048709 -225.56349891 299.44107974 1.00000000 0.09803922 0.13725490
v 173.92704672 -225.63260072 299.90674232 1.00000000 0.09803922 0.13725490
v 174.82850608 -225.60016645 299.24261525 1.00000000 0.09803922 0.13725490
v 175.46833118 -225.59768871 299.10130999 1.00000000 0.09803922 0.13725490
v 186.54784004 -225.22056487 299.91580734 1.00000000 0.09803922 0.13725490
v 186.93512724 -225.55858689 299.92686968 1.00000000 0.09803922 0.13725490
v 174.32155814 -225.91298604 300.18767919 1.00000000 0.09803922 0.13725490
v 175.18814859 -225.96899930 300.23612584 1.00000000 0.09803922 0.13725490
v 175.88775505 -225.85269048 299.93723609 1.00000000 0.09803922 0.13725490
v 176.47665986 -225.91313836 300.25714682 1.00000000 0.09803922 0.13725490
v 177.05469831 -226.47154053 299.26490833 1.00000000 0.09803922 0.13725490
v 176.97228735 -226.04000291 299.92256145 1.00000000 0.09803922 0.13725490
v 177.40010090 -226.26047581 300.23026105 1.00000000 0.09803922 0.13725490
v 187.21503692 -225.90435545 299.90673222 1.00000000 0.09803922 0.13725490
v 187.56962120 -226.50177456 300.11035855 1.00000000 0.09803922 0.13725490
v 177.04476741 -227.10407072 299.20264016 1.00000000 0.09803922 0.13725490
v 177.39796460 -226.77758452 299.97493924 1.00000000 0.09803922 0.13725490
v 187.70274321 -227.09368292 299.77210640 1.00000000 0.09803922 0.13725490
v 177.03485598 -227.56302814 299.42334385 1.00000000 0.09803922 0.13725490
v 177.38107027 -227.55302324 300.29300040 1.00000000 0.09803922 0.13725490
v 187.68886704 -227.64937359 299.99532280 1.00000000 0.09803922 0.13725490
v 176.32426383 -228.51175956 299.11843981 1.00000000 0.09803922 0.13725490
v 176.68370132 -228.20640860 299.63164821 1.00000000 0.09803922 0.13725490
v 177.03239325 -227.96139002 300.00108211 1.00000000 0.09803922 0.13725490
v 187.73501019 -228.33226554 300.36232033 1.00000000 0.09803922 0.13725490
v 176.32081267 -229.15176272 299.28501407 1.00000000 0.09803922 0.13725490
v 176.68186159 -228.80826408 300.04845647 1.00000000 0.09803922 0.13725490
v 187.40239340 -228.82642220 300.19344766 1.00000000 0.09803922 0.13725490
v 187.05263403 -229.15310107 299.98791613 1.00000000 0.09803922 0.13725490
v 176.32826100 -229.85158106 299.25715595 1.00000000 0.09803922 0.13725490
v 176.68533834 -229.49134684 300.05275616 1.00000000 0.09803922 0.13725490
v 186.70621991 -229.52712881 300.17325856 1.00000000 0.09803922 0.13725490
v 186.35459844 -229.71915461 299.54461219 1.00000000 0.09803922 0.13725490
v 176.32304572 -230.57504592 299.25540163 1.00000000 0.09803922 0.13725490
v 176.68236527 -230.19161686 300.02366624 1.00000000 0.09803922 0.13725490
v 184.71414759 -230.39706332 299.27335138 1.00000000 0.09803922 0.13725490
v 184.62879614 -230.12114618 299.88440834 1.00000000 0.09803922 0.13725490
v 184.28778276 -230.58214444 299.99796507 1.00000000 0.09803922 0.13725490
v 185.24505728 -229.95631633 300.16589303 1.00000000 0.09803922 0.13725490
v 185.98455933 -229.97823770 300.10912501 1.00000000 0.09803922 0.13725490
v 176.30138586 -231.26657696 299.26333117 1.00000000 0.09803922 0.13725490
v 176.66772343 -230.90643181 300.03365777 1.00000000 0.09803922 0.13725490
v 184.50186534 -231.03050456 299.14905166 1.00000000 0.09803922 0.13725490
v 184.12907105 -231.08911087 299.92412022 1.00000000 0.09803922 0.13725490
v 176.30784126 -231.70320915 299.10609886 1.00000000 0.09803922 0.13725490
v 176.65739257 -231.62219735 299.85680034 1.00000000 0.09803922 0.13725490
v 183.26294821 -231.89554422 299.29380960 1.00000000 0.09803922 0.13725490
v 183.15090560 -231.52604186 300.14308795 1.00000000 0.09803922 0.13725490
v 182.80988851 -231.86701327 299.93146884 1.00000000 0.09803922 0.13725490
v 183.97477839 -231.55586858 299.29812263 1.00000000 0.09803922 0.13725490
v 183.67599611 -231.34300948 300.03743086 1.00000000 0.09803922 0.13725490
v 177.01318032 -232.48621545 299.29390021 1.00000000 0.09803922 0.13725490
v 176.99933849 -232.11668001 300.05137792 1.00000000 0.09803922 0.13725490
v 177.33578197 -232.46609674 300.00866351 1.00000000 0.09803922 0.13725490
v 178.46900635 -232.58885929 299.24433565 1.00000000 0.09803922 0.13725490
v 178.47190206 -232.17624027 300.07678676 1.00000000 0.09803922 0.13725490
v 178.07747236 -232.44419760 300.03867680 1.00000000 0.09803922 0.13725490
v 179.25699939 -232.43031185 299.24170041 1.00000000 0.09803922 0.13725490
v 178.93398916 -232.08891989 300.03509665 1.00000000 0.09803922 0.13725490
v 179.96675556 -232.42360991 299.26343120 1.00000000 0.09803922 0.13725490
v 179.64923467 -232.07049066 300.01298675 1.00000000 0.09803922 0.13725490
v 180.42419714 -232.43267387 299.45395602 1.00000000 0.09803922 0.13725490
v 180.42827039 -232.08955546 300.33207354 1.00000000 0.09803922 0.13725490
v 180.82340758 -232.45156504 300.02038254 1.00000000 0.09803922 0.13725490
v 182.53218056 -232.45789974 299.28811045 1.00000000 0.09803922 0.13725490
v 182.51026797 -232.09359443 300.04223625 1.00000000 0.09803922 0.13725490
v 182.17451997 -232.42940230 300.10316283 1.00000000 0.09803922 0.13725490
v 177.84306676 -232.97546528 299.12347418 1.00000000 0.09803922 0.13725490
v 177.58417004 -232.75581088 299.61147205 1.00000000 0.09803922 0.13725490
v 181.37398393 -233.15730722 299.19019178 1.00000000 0.09803922 0.13725490
v 181.08198195 -232.81527417 299.65033525 1.00000000 0.09803922 0.13725490
v 181.91745924 -232.98116909 299.34494496 1.00000000 0.09803922 0.13725490
v 181.63768139 -232.76315764 300.09171030 1.00000000 0.09803922 0.13725490
v 176.07446091 -219.50479605 301.43616103 1.00000000 0.09803922 0.13725490
v 176.50512755 -219.22038090 301.53631357 1.00000000 0.09803922 0.13725490
v 177.02646104 -219.14418666 301.32936382 1.00000000 0.09803922 0.13725490
v 177.72928233 -219.13705083 301.32632240 1.00000000 0.09803922 0.13725490
v 178.43840729 -219.14238097 301.36616512 1.00000000 0.09803922 0.13725490
v 179.05013122 -219.18411915 301.07858380 1.00000000 0.09803922 0.13725490
v 179.39419540 -219.39430295 301.46524178 1.00000000 0.09803922 0.13725490
v 175.38422134 -220.19813016 301.43716859 1.00000000 0.09803922 0.13725490
v 175.70608932 -219.86879868 301.64953430 1.00000000 0.09803922 0.13725490
v 179.69217287 -219.74010834 301.43993411 1.00000000 0.09803922 0.13725490
v 180.06770551 -220.08208656 301.42663334 1.00000000 0.09803922 0.13725490
v 174.71149860 -220.87958681 301.42746037 1.00000000 0.09803922 0.13725490
v 175.05460916 -220.56420407 301.62910439 1.00000000 0.09803922 0.13725490
v 180.35679882 -220.43336269 301.42058753 1.00000000 0.09803922 0.13725490
v 180.62822045 -220.95448496 301.51012571 1.00000000 0.09803922 0.13725490
v 174.02339905 -221.54295901 301.46575873 1.00000000 0.09803922 0.13725490
v 174.36813661 -221.25055050 301.65953633 1.00000000 0.09803922 0.13725490
v 181.18157809 -221.50830308 300.61870184 1.00000000 0.09803922 0.13725490
v 180.79206111 -221.55423502 301.36095417 1.00000000 0.09803922 0.13725490
v 173.40838488 -222.20982353 301.05623590 1.00000000 0.09803922 0.13725490
v 173.68293101 -221.92237532 301.67114610 1.00000000 0.09803922 0.13725490
v 181.12942099 -221.98928858 301.17336270 1.00000000 0.09803922 0.13725490
v 180.90880487 -222.21635427 301.68185436 1.00000000 0.09803922 0.13725490
v 181.70101416 -222.07013373 300.66275435 1.00000000 0.09803922 0.13725490
v 173.36622714 -222.82955987 301.32008774 1.00000000 0.09803922 0.13725490
v 181.35739282 -222.44833532 301.56746135 1.00000000 0.09803922 0.13725490
v 181.95859951 -222.60267535 301.21169580 1.00000000 0.09803922 0.13725490
v 182.50604360 -222.93212776 300.78750395 1.00000000 0.09803922 0.13725490
v 182.11376787 -223.08611109 301.53562931 1.00000000 0.09803922 0.13725490
v 173.35974058 -223.54369192 301.28967438 1.00000000 0.09803922 0.13725490
v 182.50447628 -223.36263376 301.17489407 1.00000000 0.09803922 0.13725490
v 182.29554757 -223.59029388 301.67369671 1.00000000 0.09803922 0.13725490
v 183.02707933 -223.38064947 300.80746965 1.00000000 0.09803922 0.13725490
v 183.78416490 -223.56451825 300.57027405 1.00000000 0.09803922 0.13725490
v 173.27787921 -224.34736980 301.57114113 1.00000000 0.09803922 0.13725490
v 182.74782152 -223.80757626 301.53687800 1.00000000 0.09803922 0.13725490
v 183.38884532 -223.86666481 301.51253369 1.00000000 0.09803922 0.13725490
v 184.04939536 -223.95884539 301.24712940 1.00000000 0.09803922 0.13725490
v 184.59803447 -224.19319095 300.79679446 1.00000000 0.09803922 0.13725490
v 184.25483396 -224.20031171 301.55728424 1.00000000 0.09803922 0.13725490
v 173.03758519 -224.87236461 300.96856781 1.00000000 0.09803922 0.13725490
v 172.81058257 -224.91332029 301.54861979 1.00000000 0.09803922 0.13725490
v 172.92137013 -224.74336265 301.73927509 1.00000000 0.09803922 0.13725490
v 184.57010992 -224.53508591 301.56086073 1.00000000 0.09803922 0.13725490
v 185.20484763 -224.82348388 301.06127218 1.00000000 0.09803922 0.13725490
v 184.90825063 -224.86649631 301.58949960 1.00000000 0.09803922 0.13725490
v 185.85155894 -224.92972221 300.60547116 1.00000000 0.09803922 0.13725490
v 173.12577475 -225.18281107 301.56935052 1.00000000 0.09803922 0.13725490
v 173.60407382 -225.61927385 300.69916872 1.00000000 0.09803922 0.13725490
v 173.40764454 -225.55656885 301.78239852 1.00000000 0.09803922 0.13725490
v 185.28481156 -225.16009720 301.76584856 1.00000000 0.09803922 0.13725490
v 186.09042312 -225.32840626 301.24172751 1.00000000 0.09803922 0.13725490
v 186.66013619 -225.57111950 300.77523124 1.00000000 0.09803922 0.13725490
v 186.30138597 -225.58562826 301.53843535 1.00000000 0.09803922 0.13725490
v 173.82059650 -225.90422798 301.57299536 1.00000000 0.09803922 0.13725490
v 174.23970176 -226.27335290 300.96378116 1.00000000 0.09803922 0.13725490
v 174.13382782 -226.28302188 301.68701682 1.00000000 0.09803922 0.13725490
v 174.74145534 -226.32717240 300.83582741 1.00000000 0.09803922 0.13725490
v 175.23695313 -226.18906782 301.40587739 1.00000000 0.09803922 0.13725490
v 175.65276585 -225.95798404 301.13931748 1.00000000 0.09803922 0.13725490
v 176.19509753 -225.84596787 301.31176193 1.00000000 0.09803922 0.13725490
v 176.85955996 -225.82982461 301.30782096 1.00000000 0.09803922 0.13725490
v 177.74256540 -226.48596380 300.85846419 1.00000000 0.09803922 0.13725490
v 177.63540071 -225.91789082 301.56757632 1.00000000 0.09803922 0.13725490
v 178.07301614 -226.26916732 301.76591591 1.00000000 0.09803922 0.13725490
v 186.64600858 -225.91334112 301.53140988 1.00000000 0.09803922 0.13725490
v 187.23003401 -226.19676134 300.91894725 1.00000000 0.09803922 0.13725490
v 187.00300760 -226.22922748 301.56375701 1.00000000 0.09803922 0.13725490
v 174.44836975 -226.47235632 301.36428140 1.00000000 0.09803922 0.13725490
v 174.82002248 -226.45094680 301.58432429 1.00000000 0.09803922 0.13725490
v 177.72469593 -227.11296452 300.74266417 1.00000000 0.09803922 0.13725490
v 178.07843104 -226.77409527 301.50526988 1.00000000 0.09803922 0.13725490
v 187.21489795 -226.51397768 301.63764116 1.00000000 0.09803922 0.13725490
v 187.57022059 -227.06982474 301.15174451 1.00000000 0.09803922 0.13725490
v 177.71790997 -227.55874567 300.93906724 1.00000000 0.09803922 0.13725490
v 178.00622137 -227.40504775 301.49380682 1.00000000 0.09803922 0.13725490
v 187.70113664 -227.69796297 301.15055366 1.00000000 0.09803922 0.13725490
v 177.02854731 -228.52403140 300.68369083 1.00000000 0.09803922 0.13725490
v 177.37926391 -228.21688637 301.14360139 1.00000000 0.09803922 0.13725490
v 177.75903068 -227.86914980 301.42517633 1.00000000 0.09803922 0.13725490
v 187.85425429 -228.07034874 301.63503699 1.00000000 0.09803922 0.13725490
v 188.06288916 -228.33177633 301.09822150 1.00000000 0.09803922 0.13725490
v 188.11812005 -228.34196225 301.50279294 1.00000000 0.09803922 0.13725490
v 177.03080033 -229.15943025 300.84581172 1.00000000 0.09803922 0.13725490
v 177.37350327 -228.81926419 301.55742154 1.00000000 0.09803922 0.13725490
v 183.42392833 -229.09500038 301.02742596 1.00000000 0.09803922 0.13725490
v 183.14374359 -228.77411719 301.57000450 1.00000000 0.09803922 0.13725490
v 182.92977954 -229.23887240 301.51173298 1.00000000 0.09803922 0.13725490
v 184.05453186 -229.09666212 300.87201024 1.00000000 0.09803922 0.13725490
v 183.70777950 -228.65641144 301.43972087 1.00000000 0.09803922 0.13725490
v 184.70945450 -229.20570530 301.00409409 1.00000000 0.09803922 0.13725490
v 184.51525797 -228.66642065 301.74629925 1.00000000 0.09803922 0.13725490
v 184.97308759 -228.96755808 301.71293700 1.00000000 0.09803922 0.13725490
v 187.33741385 -229.04972247 300.76538404 1.00000000 0.09803922 0.13725490
v 187.62074430 -228.82930738 301.26263939 1.00000000 0.09803922 0.13725490
v 188.00679366 -228.50077556 301.26386405 1.00000000 0.09803922 0.13725490
v 177.03481276 -229.84461271 300.80456796 1.00000000 0.09803922 0.13725490
v 177.37077611 -229.49030696 301.57601547 1.00000000 0.09803922 0.13725490
v 183.30043190 -229.68606736 300.96477549 1.00000000 0.09803922 0.13725490
v 182.85783308 -229.89255537 301.50232220 1.00000000 0.09803922 0.13725490
v 183.77253624 -229.53566895 300.68472555 1.00000000 0.09803922 0.13725490
v 184.47297662 -229.68322870 300.50025397 1.00000000 0.09803922 0.13725490
v 185.28552567 -229.29656478 301.74471218 1.00000000 0.09803922 0.13725490
v 185.19180421 -229.66585470 300.92245180 1.00000000 0.09803922 0.13725490
v 185.65380106 -229.67728584 301.71204819 1.00000000 0.09803922 0.13725490
v 186.52311852 -229.80289952 300.66821349 1.00000000 0.09803922 0.13725490
v 186.90899095 -229.53929181 301.32610084 1.00000000 0.09803922 0.13725490
v 187.28218306 -229.19997969 301.28465682 1.00000000 0.09803922 0.13725490
v 177.03689415 -230.54584059 300.82158689 1.00000000 0.09803922 0.13725490
v 177.38227575 -230.18625832 301.57162648 1.00000000 0.09803922 0.13725490
v 183.22687943 -230.43121946 300.94137091 1.00000000 0.09803922 0.13725490
v 182.76217329 -230.44407155 301.43496164 1.00000000 0.09803922 0.13725490
v 183.90715743 -230.14762208 300.54068763 1.00000000 0.09803922 0.13725490
v 185.80866275 -229.92883244 301.12656554 1.00000000 0.09803922 0.13725490
v 186.41051916 -229.89099928 301.43255724 1.00000000 0.09803922 0.13725490
v 177.03154889 -231.24607699 300.82886766 1.00000000 0.09803922 0.13725490
v 177.38397841 -230.89721305 301.61004807 1.00000000 0.09803922 0.13725490
v 182.73748192 -230.94784519 301.10730814 1.00000000 0.09803922 0.13725490
v 182.44058702 -230.78487287 301.66738245 1.00000000 0.09803922 0.13725490
v 182.25992378 -231.30373657 301.56742575 1.00000000 0.09803922 0.13725490
v 183.22384026 -231.12217356 300.59578557 1.00000000 0.09803922 0.13725490
v 183.79803394 -230.82327193 300.46636270 1.00000000 0.09803922 0.13725490
v 177.01772312 -231.71112996 300.67635846 1.00000000 0.09803922 0.13725490
v 177.37797261 -231.59955156 301.42065069 1.00000000 0.09803922 0.13725490
v 178.49019767 -231.87791475 300.85457442 1.00000000 0.09803922 0.13725490
v 178.36476116 -231.51518017 301.74689727 1.00000000 0.09803922 0.13725490
v 178.03508305 -231.85400715 301.49115575 1.00000000 0.09803922 0.13725490
v 179.29448570 -231.72723329 300.76861611 1.00000000 0.09803922 0.13725490
v 178.92843999 -231.39297798 301.58730791 1.00000000 0.09803922 0.13725490
v 179.99677567 -231.74053903 300.78434133 1.00000000 0.09803922 0.13725490
v 179.64001164 -231.38321579 301.51734145 1.00000000 0.09803922 0.13725490
v 180.43568384 -231.74844112 300.96184129 1.00000000 0.09803922 0.13725490
v 180.27589720 -231.45551938 301.52762146 1.00000000 0.09803922 0.13725490
v 180.74293160 -231.71728091 301.44342095 1.00000000 0.09803922 0.13725490
v 182.54973695 -231.69738389 300.67157996 1.00000000 0.09803922 0.13725490
v 182.07473394 -231.82556470 301.46049824 1.00000000 0.09803922 0.13725490
v 177.83102205 -232.26956922 300.70864521 1.00000000 0.09803922 0.13725490
v 177.57988887 -232.04269895 301.18772602 1.00000000 0.09803922 0.13725490
v 181.38439594 -232.46003113 300.71280322 1.00000000 0.09803922 0.13725490
v 181.09467150 -232.11042279 301.17012608 1.00000000 0.09803922 0.13725490
v 181.93186066 -232.27096434 300.85988814 1.00000000 0.09803922 0.13725490
v 181.63940040 -232.05813710 301.57411198 1.00000000 0.09803922 0.13725490
v 176.41525983 -219.39820336 302.11550641 1.00000000 0.09803922 0.13725490
v 176.85642020 -219.39443782 302.27024637 1.00000000 0.09803922 0.13725490
v 177.54878729 -219.40038700 302.29299635 1.00000000 0.09803922 0.13725490
v 178.26398081 -219.40289439 302.34244179 1.00000000 0.09803922 0.13725490
v 179.01328585 -219.44646663 302.14702239 1.00000000 0.09803922 0.13725490
v 175.66591285 -220.11198004 302.30024049 1.00000000 0.09803922 0.13725490
v 176.00857658 -220.08834345 303.05135177 1.00000000 0.09803922 0.13725490
v 176.49311418 -219.74330727 302.87566307 1.00000000 0.09803922 0.13725490
v 177.20334011 -219.74940415 303.06201707 1.00000000 0.09803922 0.13725490
v 177.91464419 -219.74918027 303.09099774 1.00000000 0.09803922 0.13725490
v 178.61523716 -219.75248935 303.09066255 1.00000000 0.09803922 0.13725490
v 179.26644191 -219.84187634 302.78568782 1.00000000 0.09803922 0.13725490
v 179.81098636 -220.08283932 302.29159783 1.00000000 0.09803922 0.13725490
v 179.47763362 -220.08626009 303.09330830 1.00000000 0.09803922 0.13725490
v 175.00059121 -220.81491922 302.28042402 1.00000000 0.09803922 0.13725490
v 175.33375765 -220.79397860 303.06743244 1.00000000 0.09803922 0.13725490
v 175.66065603 -220.44289173 303.06050909 1.00000000 0.09803922 0.13725490
v 179.79030670 -220.42852780 303.04720830 1.00000000 0.09803922 0.13725490
v 180.29272918 -220.85757915 302.26006461 1.00000000 0.09803922 0.13725490
v 179.97075134 -220.87657945 302.91689667 1.00000000 0.09803922 0.13725490
v 174.30922860 -221.48766475 302.32524617 1.00000000 0.09803922 0.13725490
v 174.64297966 -221.47827560 303.08097463 1.00000000 0.09803922 0.13725490
v 174.98225227 -221.14079770 303.05090207 1.00000000 0.09803922 0.13725490
v 180.03471207 -221.40839969 302.50838285 1.00000000 0.09803922 0.13725490
v 179.79450545 -221.12405000 303.00840109 1.00000000 0.09803922 0.13725490
v 179.53624572 -221.56123407 303.09828994 1.00000000 0.09803922 0.13725490
v 180.47012211 -221.35145355 301.98063379 1.00000000 0.09803922 0.13725490
v 173.62938657 -222.37318552 302.19973426 1.00000000 0.09803922 0.13725490
v 173.95895342 -222.06231657 302.68878513 1.00000000 0.09803922 0.13725490
v 174.29506603 -221.81205282 303.04025284 1.00000000 0.09803922 0.13725490
v 179.87205294 -222.15855401 302.44817562 1.00000000 0.09803922 0.13725490
v 179.42088045 -222.32176545 302.96360632 1.00000000 0.09803922 0.13725490
v 180.46504993 -222.07277697 302.06830469 1.00000000 0.09803922 0.13725490
v 173.62468230 -223.00972831 302.27103499 1.00000000 0.09803922 0.13725490
v 173.95257978 -222.65215309 303.06102306 1.00000000 0.09803922 0.13725490
v 179.84659870 -222.84655067 302.42097908 1.00000000 0.09803922 0.13725490
v 179.42258180 -223.01399828 302.97340647 1.00000000 0.09803922 0.13725490
v 180.43225861 -222.83694570 302.24215653 1.00000000 0.09803922 0.13725490
v 181.08700436 -222.80844665 302.10068397 1.00000000 0.09803922 0.13725490
v 181.65975201 -222.85933204 301.90306072 1.00000000 0.09803922 0.13725490
v 173.61875449 -223.71597126 302.26653922 1.00000000 0.09803922 0.13725490
v 173.96144193 -223.35633519 303.04893337 1.00000000 0.09803922 0.13725490
v 179.87039718 -223.51382714 302.41841503 1.00000000 0.09803922 0.13725490
v 179.44758400 -223.70405914 302.98622533 1.00000000 0.09803922 0.13725490
v 180.45457050 -223.51682741 302.23070586 1.00000000 0.09803922 0.13725490
v 181.13580346 -223.53640357 302.25506181 1.00000000 0.09803922 0.13725490
v 181.81052611 -223.47202830 302.09722302 1.00000000 0.09803922 0.13725490
v 173.61035573 -224.17480379 302.47785651 1.00000000 0.09803922 0.13725490
v 173.96655076 -224.15762435 303.36159489 1.00000000 0.09803922 0.13725490
v 179.88819145 -224.20427797 302.42505631 1.00000000 0.09803922 0.13725490
v 179.43866025 -224.38854047 302.98268902 1.00000000 0.09803922 0.13725490
v 180.48105633 -224.19282799 302.19121732 1.00000000 0.09803922 0.13725490
v 181.16927076 -224.23231257 302.20766555 1.00000000 0.09803922 0.13725490
v 181.85939442 -224.23841289 302.22379002 1.00000000 0.09803922 0.13725490
v 182.49706511 -224.19006626 302.07179099 1.00000000 0.09803922 0.13725490
v 183.09346766 -224.22270597 302.03053271 1.00000000 0.09803922 0.13725490
v 183.75919858 -224.33899788 302.14284367 1.00000000 0.09803922 0.13725490
v 172.87562553 -224.90476381 301.94679106 1.00000000 0.09803922 0.13725490
v 173.22089009 -224.84496291 302.52563585 1.00000000 0.09803922 0.13725490
v 173.60137061 -224.56302077 303.04551190 1.00000000 0.09803922 0.13725490
v 176.51952615 -225.05823860 302.52192028 1.00000000 0.09803922 0.13725490
v 176.41713588 -224.59836725 303.00188527 1.00000000 0.09803922 0.13725490
v 176.03671879 -224.89744482 303.02564705 1.00000000 0.09803922 0.13725490
v 177.24827831 -224.99749932 302.47202081 1.00000000 0.09803922 0.13725490
v 176.86283527 -224.52746177 302.96690876 1.00000000 0.09803922 0.13725490
v 177.76089528 -225.07422560 302.65457721 1.00000000 0.09803922 0.13725490
v 177.50790279 -224.59870100 302.98028127 1.00000000 0.09803922 0.13725490
v 177.97682737 -224.87791663 303.14139447 1.00000000 0.09803922 0.13725490
v 179.78804400 -224.96280714 302.39235601 1.00000000 0.09803922 0.13725490
v 179.31338501 -224.95586726 302.93561286 1.00000000 0.09803922 0.13725490
v 180.45136717 -224.88083850 302.19368154 1.00000000 0.09803922 0.13725490
v 181.13878793 -224.91146889 302.20016613 1.00000000 0.09803922 0.13725490
v 181.84628287 -224.92190179 302.21567021 1.00000000 0.09803922 0.13725490
v 182.51883292 -224.91731006 302.23343944 1.00000000 0.09803922 0.13725490
v 183.17407438 -224.81344893 302.45491228 1.00000000 0.09803922 0.13725490
v 183.64537001 -224.83389265 302.92675481 1.00000000 0.09803922 0.13725490
v 184.04828952 -224.68546569 302.73999810 1.00000000 0.09803922 0.13725490
v 184.57320999 -224.87777973 302.29598425 1.00000000 0.09803922 0.13725490
v 184.26127611 -225.00426191 303.10558152 1.00000000 0.09803922 0.13725490
v 173.58281231 -225.61528487 302.34619390 1.00000000 0.09803922 0.13725490
v 173.57185367 -225.26473456 303.06422493 1.00000000 0.09803922 0.13725490
v 173.92618584 -225.63274592 303.04929158 1.00000000 0.09803922 0.13725490
v 175.77568045 -225.64472497 302.26380044 1.00000000 0.09803922 0.13725490
v 175.68704525 -225.25604114 303.03128999 1.00000000 0.09803922 0.13725490
v 175.34036756 -225.60372944 303.06070928 1.00000000 0.09803922 0.13725490
v 176.47762669 -225.59371246 302.01981513 1.00000000 0.09803922 0.13725490
v 177.07932879 -225.48748613 302.05539575 1.00000000 0.09803922 0.13725490
v 177.61897239 -225.42205282 302.27695905 1.00000000 0.09803922 0.13725490
v 178.10013224 -225.43280158 302.85219373 1.00000000 0.09803922 0.13725490
v 179.22874298 -225.62372933 302.50766008 1.00000000 0.09803922 0.13725490
v 178.98748087 -225.29295288 303.18153648 1.00000000 0.09803922 0.13725490
v 178.71761056 -225.70077941 302.93694871 1.00000000 0.09803922 0.13725490
v 179.88599517 -225.67177625 302.22162772 1.00000000 0.09803922 0.13725490
v 180.33258247 -225.46980644 302.20261934 1.00000000 0.09803922 0.13725490
v 180.93660905 -225.62175224 302.42225525 1.00000000 0.09803922 0.13725490
v 181.64908480 -225.51078085 302.47178811 1.00000000 0.09803922 0.13725490
v 182.34892489 -225.50529620 302.43908393 1.00000000 0.09803922 0.13725490
v 182.97940226 -225.49488533 302.60545370 1.00000000 0.09803922 0.13725490
v 183.54333178 -225.50328558 303.35513618 1.00000000 0.09803922 0.13725490
v 184.72412459 -225.27115415 302.76841983 1.00000000 0.09803922 0.13725490
v 185.19756388 -225.52644910 302.55040912 1.00000000 0.09803922 0.13725490
v 184.93753679 -225.68036625 303.15196147 1.00000000 0.09803922 0.13725490
v 185.83302053 -225.61829994 302.12644790 1.00000000 0.09803922 0.13725490
v 174.51703861 -226.33105031 302.13594140 1.00000000 0.09803922 0.13725490
v 174.20283590 -225.99731898 302.62237458 1.00000000 0.09803922 0.13725490
v 175.07185724 -226.14125972 302.28342356 1.00000000 0.09803922 0.13725490
v 174.76874745 -225.93217899 303.03165499 1.00000000 0.09803922 0.13725490
v 178.58186265 -226.29691421 302.27806639 1.00000000 0.09803922 0.13725490
v 178.30050660 -225.88187269 302.62414642 1.00000000 0.09803922 0.13725490
v 179.19439247 -226.35292339 302.26093395 1.00000000 0.09803922 0.13725490
v 179.77083648 -226.26007821 302.22295790 1.00000000 0.09803922 0.13725490
v 180.54041167 -226.22284063 302.38389092 1.00000000 0.09803922 0.13725490
v 180.97080270 -226.17137021 302.90834077 1.00000000 0.09803922 0.13725490
v 181.38667011 -225.98483512 303.02685652 1.00000000 0.09803922 0.13725490
v 182.04916264 -225.94049323 302.99891827 1.00000000 0.09803922 0.13725490
v 182.72137945 -225.96057674 303.01909506 1.00000000 0.09803922 0.13725490
v 183.20299913 -225.93401738 303.30524910 1.00000000 0.09803922 0.13725490
v 185.44654587 -225.88412360 303.04890906 1.00000000 0.09803922 0.13725490
v 186.08161325 -226.01731743 302.72551272 1.00000000 0.09803922 0.13725490
v 186.65892126 -226.24723010 302.30033776 1.00000000 0.09803922 0.13725490
v 186.28327676 -226.26211203 303.03989976 1.00000000 0.09803922 0.13725490
v 178.48500519 -227.10665186 302.06164072 1.00000000 0.09803922 0.13725490
v 179.08485096 -226.94047383 302.25760668 1.00000000 0.09803922 0.13725490
v 179.74394573 -226.93309483 302.22283837 1.00000000 0.09803922 0.13725490
v 180.44663046 -226.94543946 302.23055201 1.00000000 0.09803922 0.13725490
v 181.07545469 -226.49132620 302.90800197 1.00000000 0.09803922 0.13725490
v 181.21372697 -226.94883650 302.44175486 1.00000000 0.09803922 0.13725490
v 182.00950415 -227.05312481 302.46659975 1.00000000 0.09803922 0.13725490
v 181.60837041 -226.60289721 303.01583846 1.00000000 0.09803922 0.13725490
v 182.66897483 -227.14651274 302.58375902 1.00000000 0.09803922 0.13725490
v 182.26714182 -226.66110047 303.00695479 1.00000000 0.09803922 0.13725490
v 182.79239866 -226.84023976 303.14366033 1.00000000 0.09803922 0.13725490
v 186.61766481 -226.59227411 303.06955619 1.00000000 0.09803922 0.13725490
v 187.21721789 -226.93033886 302.29078501 1.00000000 0.09803922 0.13725490
v 186.93224706 -227.13972599 303.07321377 1.00000000 0.09803922 0.13725490
v 178.36012785 -227.82710890 302.11001125 1.00000000 0.09803922 0.13725490
v 179.07264265 -227.62884675 302.27279675 1.00000000 0.09803922 0.13725490
v 179.75992573 -227.60840171 302.26313308 1.00000000 0.09803922 0.13725490
v 180.44945646 -227.63383858 302.23093777 1.00000000 0.09803922 0.13725490
v 181.14623117 -227.65149596 302.23891863 1.00000000 0.09803922 0.13725490
v 181.84381038 -227.64207045 302.23755664 1.00000000 0.09803922 0.13725490
v 182.53485422 -227.65598126 302.21337041 1.00000000 0.09803922 0.13725490
v 183.23890912 -227.21217660 303.32367739 1.00000000 0.09803922 0.13725490
v 183.25887860 -227.72486942 302.49049756 1.00000000 0.09803922 0.13725490
v 183.60870708 -227.59219856 303.25576993 1.00000000 0.09803922 0.13725490
v 187.42027142 -227.47111707 302.26347820 1.00000000 0.09803922 0.13725490
v 187.07969998 -227.52340031 303.07365802 1.00000000 0.09803922 0.13725490
v 177.87200030 -228.42551287 302.03279290 1.00000000 0.09803922 0.13725490
v 178.50504381 -228.41980010 302.30804056 1.00000000 0.09803922 0.13725490
v 179.07982956 -228.30079861 302.29480848 1.00000000 0.09803922 0.13725490
v 179.77526301 -228.29369013 302.27063486 1.00000000 0.09803922 0.13725490
v 180.46854022 -228.32102061 302.25482561 1.00000000 0.09803922 0.13725490
v 181.15760983 -228.34656874 302.26425689 1.00000000 0.09803922 0.13725490
v 181.83774764 -228.32352621 302.24986519 1.00000000 0.09803922 0.13725490
v 182.40056475 -228.19323501 302.18759852 1.00000000 0.09803922 0.13725490
v 183.10965819 -228.30404588 302.00447201 1.00000000 0.09803922 0.13725490
v 183.84863575 -227.87334717 302.86227135 1.00000000 0.09803922 0.13725490
v 183.94515041 -228.23692474 302.18133341 1.00000000 0.09803922 0.13725490
v 184.49583469 -228.31605373 302.35374308 1.00000000 0.09803922 0.13725490
v 184.38005346 -228.02920598 302.94822228 1.00000000 0.09803922 0.13725490
v 184.82852781 -228.27973768 302.87125963 1.00000000 0.09803922 0.13725490
v 187.35082043 -227.96609578 303.05229862 1.00000000 0.09803922 0.13725490
v 187.83206242 -228.45195377 302.08471143 1.00000000 0.09803922 0.13725490
v 187.52395834 -228.46382000 302.95161349 1.00000000 0.09803922 0.13725490
v 177.80174481 -229.15461009 302.12503135 1.00000000 0.09803922 0.13725490
v 178.39896431 -228.98802913 302.31568265 1.00000000 0.09803922 0.13725490
v 179.08106921 -228.96941519 302.30138365 1.00000000 0.09803922 0.13725490
v 179.77604551 -228.98370273 302.26180326 1.00000000 0.09803922 0.13725490
v 180.47554089 -229.01138186 302.25644639 1.00000000 0.09803922 0.13725490
v 181.17368309 -229.03840850 302.28526463 1.00000000 0.09803922 0.13725490
v 181.85955782 -229.00981793 302.27704564 1.00000000 0.09803922 0.13725490
v 182.55684139 -228.80411677 302.06104621 1.00000000 0.09803922 0.13725490
v 185.25148514 -229.01155384 302.23667622 1.00000000 0.09803922 0.13725490
v 185.24896352 -228.65886900 302.96905193 1.00000000 0.09803922 0.13725490
v 185.60026934 -229.04314222 302.98231050 1.00000000 0.09803922 0.13725490
v 187.35666219 -229.01551968 302.30849598 1.00000000 0.09803922 0.13725490
v 187.35013082 -228.70044726 303.09321631 1.00000000 0.09803922 0.13725490
v 187.01051741 -229.02020897 303.12478757 1.00000000 0.09803922 0.13725490
v 177.81171257 -229.85381092 302.12653566 1.00000000 0.09803922 0.13725490
v 178.39749108 -229.68215755 302.33219042 1.00000000 0.09803922 0.13725490
v 179.07993792 -229.66160305 302.31893063 1.00000000 0.09803922 0.13725490
v 179.77775644 -229.68271866 302.28067936 1.00000000 0.09803922 0.13725490
v 180.47508713 -229.70714962 302.27389194 1.00000000 0.09803922 0.13725490
v 181.17093999 -229.72347585 302.29705057 1.00000000 0.09803922 0.13725490
v 181.84839890 -229.70176509 302.28427428 1.00000000 0.09803922 0.13725490
v 182.44550529 -229.51583945 302.04826939 1.00000000 0.09803922 0.13725490
v 186.16207392 -229.74248145 302.16738965 1.00000000 0.09803922 0.13725490
v 185.86356040 -229.40158119 302.64181133 1.00000000 0.09803922 0.13725490
v 186.74394702 -229.54383758 302.34964158 1.00000000 0.09803922 0.13725490
v 186.44950096 -229.34076371 303.07812874 1.00000000 0.09803922 0.13725490
v 177.81630684 -230.55428432 302.14970359 1.00000000 0.09803922 0.13725490
v 178.42051915 -230.37457344 302.33171231 1.00000000 0.09803922 0.13725490
v 179.11248680 -230.34617049 302.32110711 1.00000000 0.09803922 0.13725490
v 179.80630649 -230.37946165 302.29730550 1.00000000 0.09803922 0.13725490
v 180.48942182 -230.40932839 302.31730077 1.00000000 0.09803922 0.13725490
v 181.17601905 -230.39975815 302.32082585 1.00000000 0.09803922 0.13725490
v 181.75134001 -230.27893062 302.28988969 1.00000000 0.09803922 0.13725490
v 182.36365608 -230.26220441 302.00470489 1.00000000 0.09803922 0.13725490
v 177.74745232 -231.15400813 302.10905798 1.00000000 0.09803922 0.13725490
v 178.34502056 -231.05723167 302.18206420 1.00000000 0.09803922 0.13725490
v 179.09884078 -230.93979042 302.11855479 1.00000000 0.09803922 0.13725490
v 179.80309842 -230.96924587 302.09064428 1.00000000 0.09803922 0.13725490
v 180.54238885 -231.12258184 302.13691616 1.00000000 0.09803922 0.13725490
v 181.19890243 -231.07417366 302.31606425 1.00000000 0.09803922 0.13725490
v 181.89443807 -230.88662541 302.13922515 1.00000000 0.09803922 0.13725490
v 177.90780402 -231.56779330 301.95778631 1.00000000 0.09803922 0.13725490
v 181.22100075 -231.67215291 302.00755302 1.00000000 0.09803922 0.13725490
v 181.76512767 -231.55218422 302.03562472 1.00000000 0.09803922 0.13725490
v 176.40461835 -220.09228628 303.67934482 1.00000000 0.09803922 0.13725490
v 176.85411294 -220.09783352 303.82595312 1.00000000 0.09803922 0.13725490
v 177.53859268 -220.10284478 303.84225731 1.00000000 0.09803922 0.13725490
v 178.24622379 -220.09594755 303.86058456 1.00000000 0.09803922 0.13725490
v 179.02776883 -220.12859647 303.68232654 1.00000000 0.09803922 0.13725490
v 175.66595383 -220.77056830 303.85685419 1.00000000 0.09803922 0.13725490
v 175.95650527 -220.64336785 304.19704681 1.00000000 0.09803922 0.13725490
v 176.48984367 -220.44207835 304.40627673 1.00000000 0.09803922 0.13725490
v 177.20952157 -220.45318463 304.59653786 1.00000000 0.09803922 0.13725490
v 177.90601226 -220.45110471 304.61370201 1.00000000 0.09803922 0.13725490
v 178.60568343 -220.44245594 304.58965874 1.00000000 0.09803922 0.13725490
v 179.25713965 -220.53118147 304.26013445 1.00000000 0.09803922 0.13725490
v 179.61068752 -220.88762384 303.60517205 1.00000000 0.09803922 0.13725490
v 179.29130605 -220.88726903 304.44624559 1.00000000 0.09803922 0.13725490
v 174.97317742 -221.46492508 303.85185164 1.00000000 0.09803922 0.13725490
v 175.27602248 -221.32956581 304.20518142 1.00000000 0.09803922 0.13725490
v 175.69906309 -221.03743151 304.48047609 1.00000000 0.09803922 0.13725490
v 179.25085061 -221.33032371 304.01273159 1.00000000 0.09803922 0.13725490
v 179.01160329 -221.18393528 304.71698475 1.00000000 0.09803922 0.13725490
v 178.83735925 -221.69537695 304.57976061 1.00000000 0.09803922 0.13725490
v 174.28932651 -222.36135043 303.72259937 1.00000000 0.09803922 0.13725490
v 174.63847220 -222.06030232 304.20421106 1.00000000 0.09803922 0.13725490
v 175.02589445 -221.72385474 304.48083538 1.00000000 0.09803922 0.13725490
v 179.11856197 -221.97444223 303.76257530 1.00000000 0.09803922 0.13725490
v 178.77148882 -222.36297760 304.54462163 1.00000000 0.09803922 0.13725490
v 174.29993277 -223.01541464 303.82596749 1.00000000 0.09803922 0.13725490
v 174.64687300 -222.68126802 304.58658147 1.00000000 0.09803922 0.13725490
v 179.09076406 -222.67348984 303.75325122 1.00000000 0.09803922 0.13725490
v 178.77172165 -223.05514618 304.54273616 1.00000000 0.09803922 0.13725490
v 174.30570651 -223.71382210 303.81519424 1.00000000 0.09803922 0.13725490
v 174.65501179 -223.37759404 304.58129718 1.00000000 0.09803922 0.13725490
v 176.62429779 -223.60399507 304.06902867 1.00000000 0.09803922 0.13725490
v 176.32367862 -223.27674854 304.67582290 1.00000000 0.09803922 0.13725490
v 176.08902999 -223.73614344 304.55450403 1.00000000 0.09803922 0.13725490
v 177.26218258 -223.62180180 303.95344035 1.00000000 0.09803922 0.13725490
v 176.86484021 -223.17296339 304.52395964 1.00000000 0.09803922 0.13725490
v 177.90579890 -223.74119349 304.11564438 1.00000000 0.09803922 0.13725490
v 177.51911776 -223.25765639 304.53726080 1.00000000 0.09803922 0.13725490
v 178.03572025 -223.44923622 304.65297468 1.00000000 0.09803922 0.13725490
v 179.03306355 -223.46203420 303.78143212 1.00000000 0.09803922 0.13725490
v 178.66974147 -223.60964583 304.43256079 1.00000000 0.09803922 0.13725490
v 174.31177331 -224.16816621 303.99531528 1.00000000 0.09803922 0.13725490
v 174.60289672 -224.02840847 304.58531906 1.00000000 0.09803922 0.13725490
v 176.33806527 -224.24997463 303.65953135 1.00000000 0.09803922 0.13725490
v 175.91076041 -224.26977860 304.43927345 1.00000000 0.09803922 0.13725490
v 177.05754428 -224.08159619 303.49478157 1.00000000 0.09803922 0.13725490
v 177.80351172 -224.26653129 303.58856823 1.00000000 0.09803922 0.13725490
v 178.34256644 -223.73272328 304.45158999 1.00000000 0.09803922 0.13725490
v 178.54067545 -224.12549077 303.94238065 1.00000000 0.09803922 0.13725490
v 179.10998376 -224.09207380 303.53034744 1.00000000 0.09803922 0.13725490
v 173.58439357 -224.91257340 303.48983493 1.00000000 0.09803922 0.13725490
v 173.96526090 -224.84857832 304.08467252 1.00000000 0.09803922 0.13725490
v 174.36597632 -224.48732147 304.50117501 1.00000000 0.09803922 0.13725490
v 175.68719082 -224.90548388 303.80220280 1.00000000 0.09803922 0.13725490
v 175.58709135 -224.60970777 304.70833317 1.00000000 0.09803922 0.13725490
v 175.30240155 -225.01891153 304.52303927 1.00000000 0.09803922 0.13725490
v 178.36847224 -224.89496052 303.57110695 1.00000000 0.09803922 0.13725490
v 178.95667188 -224.77686016 303.52607777 1.00000000 0.09803922 0.13725490
v 183.92738562 -225.11422717 303.39375472 1.00000000 0.09803922 0.13725490
v 174.48891459 -225.62372735 303.74291509 1.00000000 0.09803922 0.13725490
v 174.20464748 -225.28483116 304.21975179 1.00000000 0.09803922 0.13725490
v 175.08181489 -225.43673839 303.86484525 1.00000000 0.09803922 0.13725490
v 174.80426087 -225.22153973 304.62714855 1.00000000 0.09803922 0.13725490
v 178.60216260 -225.40994420 303.36918149 1.00000000 0.09803922 0.13725490
v 184.01923364 -225.62616577 303.80329854 1.00000000 0.09803922 0.13725490
v 184.44470461 -225.53531487 303.53748969 1.00000000 0.09803922 0.13725490
v 181.29815588 -226.31909766 303.28264344 1.00000000 0.09803922 0.13725490
v 181.82566090 -226.28427400 303.34306098 1.00000000 0.09803922 0.13725490
v 182.55959960 -226.39380646 303.39481118 1.00000000 0.09803922 0.13725490
v 183.12344741 -226.37071341 303.76762951 1.00000000 0.09803922 0.13725490
v 183.53774605 -226.19588480 304.16297355 1.00000000 0.09803922 0.13725490
v 183.92327710 -226.02807456 304.30206220 1.00000000 0.09803922 0.13725490
v 184.27899202 -226.38476332 304.74683802 1.00000000 0.09803922 0.13725490
v 184.40204353 -226.06541518 304.16255292 1.00000000 0.09803922 0.13725490
v 185.03074837 -226.12354652 303.85525926 1.00000000 0.09803922 0.13725490
v 185.83027124 -226.29205092 303.63834034 1.00000000 0.09803922 0.13725490
v 183.08125170 -226.77759750 303.68540267 1.00000000 0.09803922 0.13725490
v 183.53579391 -226.80136028 304.38044676 1.00000000 0.09803922 0.13725490
v 184.79751775 -226.53730129 304.65101866 1.00000000 0.09803922 0.13725490
v 185.43769919 -226.59586870 304.57538968 1.00000000 0.09803922 0.13725490
v 186.05942465 -226.68813304 304.29231929 1.00000000 0.09803922 0.13725490
v 186.51145830 -226.94844606 303.83975311 1.00000000 0.09803922 0.13725490
v 186.22677640 -227.16221880 304.62985285 1.00000000 0.09803922 0.13725490
v 184.11863355 -227.65225170 303.66512512 1.00000000 0.09803922 0.13725490
v 183.80255855 -227.29118361 304.18590571 1.00000000 0.09803922 0.13725490
v 184.78213367 -227.77181484 303.80527381 1.00000000 0.09803922 0.13725490
v 184.39754005 -227.29468801 304.56715709 1.00000000 0.09803922 0.13725490
v 185.27937031 -227.79624822 304.22640338 1.00000000 0.09803922 0.13725490
v 185.02262078 -227.34921329 304.63502051 1.00000000 0.09803922 0.13725490
v 185.49367970 -227.58807750 304.75431929 1.00000000 0.09803922 0.13725490
v 186.72953450 -227.47087669 303.86653484 1.00000000 0.09803922 0.13725490
v 186.41820995 -227.67464971 304.75532185 1.00000000 0.09803922 0.13725490
v 185.19251286 -228.16049153 303.65670751 1.00000000 0.09803922 0.13725490
v 185.62769357 -228.16629483 304.40922998 1.00000000 0.09803922 0.13725490
v 186.83541394 -228.01595488 304.30443545 1.00000000 0.09803922 0.13725490
v 187.16272020 -228.45620054 303.66743694 1.00000000 0.09803922 0.13725490
v 186.80476621 -228.43393380 304.50141007 1.00000000 0.09803922 0.13725490
v 186.16566206 -229.03809063 303.73320093 1.00000000 0.09803922 0.13725490
v 185.88345125 -228.69622965 304.18402543 1.00000000 0.09803922 0.13725490
v 186.72623567 -228.85315212 303.90238459 1.00000000 0.09803922 0.13725490
v 186.42310928 -228.63453976 304.63870674 1.00000000 0.09803922 0.13725490
v 176.30816577 -221.02472576 305.08837422 1.00000000 0.09803922 0.13725490
v 177.04277636 -220.89696174 305.15656437 1.00000000 0.09803922 0.13725490
v 177.74589770 -220.87866406 305.15260482 1.00000000 0.09803922 0.13725490
v 178.32508863 -220.77895143 305.09945031 1.00000000 0.09803922 0.13725490
v 178.89254313 -220.82413285 304.93905781 1.00000000 0.09803922 0.13725490
v 175.71172659 -221.62115644 305.14288197 1.00000000 0.09803922 0.13725490
v 176.46226873 -221.59201950 305.38174900 1.00000000 0.09803922 0.13725490
v 177.03916584 -221.48870377 305.38612392 1.00000000 0.09803922 0.13725490
v 177.72826083 -221.46113882 305.35414940 1.00000000 0.09803922 0.13725490
v 178.44764512 -221.28416992 305.15817677 1.00000000 0.09803922 0.13725490
v 175.14370928 -222.27773078 305.11318570 1.00000000 0.09803922 0.13725490
v 175.77694782 -222.27193208 305.37256593 1.00000000 0.09803922 0.13725490
v 176.37538186 -222.15058046 305.34906913 1.00000000 0.09803922 0.13725490
v 177.07597599 -222.15431789 305.35603171 1.00000000 0.09803922 0.13725490
v 177.74429972 -222.15712183 305.35431882 1.00000000 0.09803922 0.13725490
v 178.34432369 -221.99656830 305.13544004 1.00000000 0.09803922 0.13725490
v 175.09213688 -223.01472613 305.16034476 1.00000000 0.09803922 0.13725490
v 175.57226275 -222.72982733 305.35076343 1.00000000 0.09803922 0.13725490
v 176.26569849 -222.80007375 305.14733236 1.00000000 0.09803922 0.13725490
v 177.03291373 -222.74211043 305.06760613 1.00000000 0.09803922 0.13725490
v 177.79024500 -222.88693369 305.11320348 1.00000000 0.09803922 0.13725490
v 178.35504461 -222.70202979 305.09962259 1.00000000 0.09803922 0.13725490
v 175.08239904 -223.71820358 305.13459465 1.00000000 0.09803922 0.13725490
v 175.71799031 -223.33067579 305.15149545 1.00000000 0.09803922 0.13725490
v 178.39379128 -223.33295951 304.88014759 1.00000000 0.09803922 0.13725490
v 174.88535269 -224.37385066 305.14719137 1.00000000 0.09803922 0.13725490
v 175.53657883 -224.10618654 305.08263147 1.00000000 0.09803922 0.13725490
v 174.54455846 -224.88991609 304.95110548 1.00000000 0.09803922 0.13725490
v 175.13937387 -224.74674942 305.08912914 1.00000000 0.09803922 0.13725490
v 183.94090548 -226.50924376 304.91097162 1.00000000 0.09803922 0.13725490
v 184.03027744 -226.95285096 304.96523217 1.00000000 0.09803922 0.13725490
v 184.53167180 -226.84566308 305.02414289 1.00000000 0.09803922 0.13725490
v 185.29778919 -227.04876438 305.00929934 1.00000000 0.09803922 0.13725490
v 185.78650573 -226.96259389 304.97923777 1.00000000 0.09803922 0.13725490
v 185.94725477 -227.63157904 305.07185516 1.00000000 0.09803922 0.13725490
v 186.10870581 -228.31789762 304.98654543 1.00000000 0.09803922 0.13725490
v 186.46591748 -228.15213344 304.99696518 1.00000000 0.09803922 0.13725490
v 164.94435786 -218.80925262 340.04360140 1.00000000 0.09803922 0.13725490
v 164.53569052 -218.73992571 340.37900188 1.00000000 0.09803922 0.13725490
v 164.68050451 -218.50307685 340.47196502 1.00000000 0.09803922 0.13725490
v 165.20491263 -218.46744536 340.37571559 1.00000000 0.09803922 0.13725490
v 165.41300625 -218.89042884 340.00992731 1.00000000 0.09803922 0.13725490
v 165.66534023 -218.69082829 340.48327158 1.00000000 0.09803922 0.13725490
v 164.64978384 -219.09077614 340.58328948 1.00000000 0.09803922 0.13725490
v 165.25609030 -219.25254233 340.08354081 1.00000000 0.09803922 0.13725490
v 165.11945175 -219.54212409 340.54885753 1.00000000 0.09803922 0.13725490
v 165.72241527 -219.20333708 340.41507656 1.00000000 0.09803922 0.13725490
v 165.53492147 -219.60519098 340.53326254 1.00000000 0.09803922 0.13725490
v 166.95584187 -220.76588939 340.20365169 1.00000000 0.09803922 0.13725490
v 166.62991636 -220.90845194 340.58074259 1.00000000 0.09803922 0.13725490
v 166.73299463 -220.56740604 340.57989966 1.00000000 0.09803922 0.13725490
v 167.22809682 -220.49552626 340.45723514 1.00000000 0.09803922 0.13725490
v 167.31570641 -220.83045552 340.20035357 1.00000000 0.09803922 0.13725490
v 167.63078501 -220.68191252 340.55708770 1.00000000 0.09803922 0.13725490
v 167.03788026 -221.09457994 340.46825727 1.00000000 0.09803922 0.13725490
v 167.53027840 -221.02250842 340.56866071 1.00000000 0.09803922 0.13725490
v 164.19025409 -218.04531008 341.55380998 1.00000000 0.09803922 0.13725490
v 163.76496055 -218.16553083 342.05684203 1.00000000 0.09803922 0.13725490
v 164.07727214 -217.80209971 341.97141954 1.00000000 0.09803922 0.13725490
v 164.53259220 -217.70265573 341.93971022 1.00000000 0.09803922 0.13725490
v 164.78375355 -218.11634551 341.14317248 1.00000000 0.09803922 0.13725490
v 165.25617858 -217.69627464 341.90060959 1.00000000 0.09803922 0.13725490
v 165.60843639 -218.17974715 341.15183340 1.00000000 0.09803922 0.13725490
v 166.05849576 -217.70754507 342.23475521 1.00000000 0.09803922 0.13725490
v 166.11584495 -218.21556140 341.57393120 1.00000000 0.09803922 0.13725490
v 166.44039858 -218.05877878 342.23164259 1.00000000 0.09803922 0.13725490
v 164.19769549 -218.56625254 341.16728896 1.00000000 0.09803922 0.13725490
v 163.73408286 -218.65578265 341.94490421 1.00000000 0.09803922 0.13725490
v 166.15131589 -218.84236166 341.19285959 1.00000000 0.09803922 0.13725490
v 166.49151870 -218.52375759 341.95499904 1.00000000 0.09803922 0.13725490
v 169.59430621 -218.96624037 341.54585140 1.00000000 0.09803922 0.13725490
v 169.16593847 -218.74115782 341.93941975 1.00000000 0.09803922 0.13725490
v 169.62466630 -218.44972421 342.34953851 1.00000000 0.09803922 0.13725490
v 169.89988150 -218.67717233 342.18241818 1.00000000 0.09803922 0.13725490
v 164.02304122 -219.07992482 341.94894114 1.00000000 0.09803922 0.13725490
v 164.71860055 -219.54370070 341.19875935 1.00000000 0.09803922 0.13725490
v 164.33668873 -219.64178694 341.99561631 1.00000000 0.09803922 0.13725490
v 166.08218440 -219.63061822 341.04009776 1.00000000 0.09803922 0.13725490
v 166.72359013 -218.95412735 341.84712714 1.00000000 0.09803922 0.13725490
v 166.87626729 -219.44552476 341.41703759 1.00000000 0.09803922 0.13725490
v 167.28079624 -219.08490014 342.00678203 1.00000000 0.09803922 0.13725490
v 167.67027135 -219.52465414 341.47075546 1.00000000 0.09803922 0.13725490
v 167.96568753 -219.10337766 342.00450925 1.00000000 0.09803922 0.13725490
v 168.33553734 -219.51597585 341.42582249 1.00000000 0.09803922 0.13725490
v 168.61779267 -219.02756541 341.92937307 1.00000000 0.09803922 0.13725490
v 169.03094317 -219.39321133 341.34045989 1.00000000 0.09803922 0.13725490
v 169.64771810 -219.54383502 341.16512319 1.00000000 0.09803922 0.13725490
v 170.11705112 -218.96150948 341.81713325 1.00000000 0.09803922 0.13725490
v 170.26821708 -219.42779657 341.30952093 1.00000000 0.09803922 0.13725490
v 170.70262460 -219.07119832 341.91226479 1.00000000 0.09803922 0.13725490
v 171.06604577 -219.52993759 341.36246884 1.00000000 0.09803922 0.13725490
v 171.49565580 -219.09166766 342.23348505 1.00000000 0.09803922 0.13725490
v 171.71195462 -219.61497713 341.46477147 1.00000000 0.09803922 0.13725490
v 171.95815276 -219.37058149 342.12089313 1.00000000 0.09803922 0.13725490
v 164.82228834 -220.11126428 341.42536151 1.00000000 0.09803922 0.13725490
v 164.40517250 -220.25633847 341.99101389 1.00000000 0.09803922 0.13725490
v 165.46599827 -220.01716141 341.06444294 1.00000000 0.09803922 0.13725490
v 166.10130457 -220.11651597 341.20707326 1.00000000 0.09803922 0.13725490
v 166.70800446 -220.12471877 341.04314382 1.00000000 0.09803922 0.13725490
v 167.52440297 -220.14217279 341.03451917 1.00000000 0.09803922 0.13725490
v 168.18833277 -220.12338133 341.21308497 1.00000000 0.09803922 0.13725490
v 168.85533222 -220.09998721 341.19574578 1.00000000 0.09803922 0.13725490
v 169.51592972 -220.10889843 341.16050587 1.00000000 0.09803922 0.13725490
v 170.18854902 -220.11072680 341.16012146 1.00000000 0.09803922 0.13725490
v 170.88325361 -220.09637115 341.15121814 1.00000000 0.09803922 0.13725490
v 171.58415835 -220.12922864 341.14229477 1.00000000 0.09803922 0.13725490
v 172.20838985 -219.66077177 341.79491500 1.00000000 0.09803922 0.13725490
v 172.33213521 -220.13120912 341.29173482 1.00000000 0.09803922 0.13725490
v 172.86917186 -219.77642884 342.21277379 1.00000000 0.09803922 0.13725490
v 173.07360787 -220.30665718 341.42867340 1.00000000 0.09803922 0.13725490
v 173.34888626 -220.06831842 342.10514323 1.00000000 0.09803922 0.13725490
v 164.82179478 -220.78305952 341.43408129 1.00000000 0.09803922 0.13725490
v 164.39232474 -220.95431018 341.97888047 1.00000000 0.09803922 0.13725490
v 165.41312368 -220.76612407 341.23793986 1.00000000 0.09803922 0.13725490
v 166.18919780 -220.69061796 341.07626691 1.00000000 0.09803922 0.13725490
v 168.07406079 -220.89905447 341.04146628 1.00000000 0.09803922 0.13725490
v 168.84174694 -220.79770097 341.20196196 1.00000000 0.09803922 0.13725490
v 169.39973459 -220.69127914 341.21226297 1.00000000 0.09803922 0.13725490
v 170.01627360 -220.83574709 341.39100083 1.00000000 0.09803922 0.13725490
v 170.71248114 -220.69869597 341.41360754 1.00000000 0.09803922 0.13725490
v 171.40113113 -220.69414105 341.37402363 1.00000000 0.09803922 0.13725490
v 172.19193644 -220.79313942 341.29455899 1.00000000 0.09803922 0.13725490
v 172.83639652 -220.69452961 341.12431942 1.00000000 0.09803922 0.13725490
v 173.59627677 -220.35745427 341.74486786 1.00000000 0.09803922 0.13725490
v 173.52854501 -220.83296465 341.40004574 1.00000000 0.09803922 0.13725490
v 174.26148157 -220.44837638 342.16659066 1.00000000 0.09803922 0.13725490
v 174.16225080 -220.85679580 341.60240654 1.00000000 0.09803922 0.13725490
v 174.68304992 -220.88038295 342.40244423 1.00000000 0.09803922 0.13725490
v 164.81912198 -221.46402230 341.42133812 1.00000000 0.09803922 0.13725490
v 164.38520487 -221.65384122 341.97103220 1.00000000 0.09803922 0.13725490
v 165.40108854 -221.46424683 341.23534667 1.00000000 0.09803922 0.13725490
v 166.07567919 -221.47985507 341.23491213 1.00000000 0.09803922 0.13725490
v 166.74945300 -221.45053709 341.04254916 1.00000000 0.09803922 0.13725490
v 167.57064200 -221.48895450 341.02716285 1.00000000 0.09803922 0.13725490
v 168.30356070 -221.61438830 341.19320943 1.00000000 0.09803922 0.13725490
v 168.87570338 -221.50886361 341.21018641 1.00000000 0.09803922 0.13725490
v 169.53749932 -221.40183419 341.39386659 1.00000000 0.09803922 0.13725490
v 170.00653730 -221.43764771 341.83536665 1.00000000 0.09803922 0.13725490
v 170.44042363 -221.20220584 341.97688309 1.00000000 0.09803922 0.13725490
v 171.06824573 -221.12239530 342.01394906 1.00000000 0.09803922 0.13725490
v 171.76593883 -221.14807317 341.94121112 1.00000000 0.09803922 0.13725490
v 172.34710679 -221.26729500 341.77364061 1.00000000 0.09803922 0.13725490
v 172.86650650 -221.24995517 341.50079081 1.00000000 0.09803922 0.13725490
v 172.59896166 -221.48585020 341.93192778 1.00000000 0.09803922 0.13725490
v 173.39410172 -221.52796541 342.16610619 1.00000000 0.09803922 0.13725490
v 173.85752305 -221.19022159 341.85218051 1.00000000 0.09803922 0.13725490
v 174.32093412 -221.14791760 342.12519937 1.00000000 0.09803922 0.13725490
v 164.82576798 -222.14945579 341.42878550 1.00000000 0.09803922 0.13725490
v 164.38703761 -222.33960026 341.97368218 1.00000000 0.09803922 0.13725490
v 165.41416405 -222.14085654 341.20996347 1.00000000 0.09803922 0.13725490
v 166.09710633 -222.17480706 341.23154113 1.00000000 0.09803922 0.13725490
v 166.78352711 -222.18749477 341.25108153 1.00000000 0.09803922 0.13725490
v 167.47289935 -222.17479759 341.22627321 1.00000000 0.09803922 0.13725490
v 168.17626931 -222.18030688 341.22166838 1.00000000 0.09803922 0.13725490
v 168.85502686 -222.18448437 341.21611780 1.00000000 0.09803922 0.13725490
v 169.45190134 -222.15912303 341.41335922 1.00000000 0.09803922 0.13725490
v 169.89122258 -221.99359299 341.94011239 1.00000000 0.09803922 0.13725490
v 172.82531316 -221.74865982 342.39536885 1.00000000 0.09803922 0.13725490
v 164.84637955 -222.84779281 341.42562637 1.00000000 0.09803922 0.13725490
v 164.39627645 -223.03511575 341.98569319 1.00000000 0.09803922 0.13725490
v 165.43660785 -222.83072340 341.18747480 1.00000000 0.09803922 0.13725490
v 166.12551894 -222.85929212 341.18354047 1.00000000 0.09803922 0.13725490
v 166.82750363 -222.88060153 341.20578517 1.00000000 0.09803922 0.13725490
v 167.50725810 -222.87240359 341.21962840 1.00000000 0.09803922 0.13725490
v 168.05818226 -222.75456932 341.23498248 1.00000000 0.09803922 0.13725490
v 168.67458470 -222.88789514 341.35714030 1.00000000 0.09803922 0.13725490
v 169.32185839 -222.76719932 341.50105631 1.00000000 0.09803922 0.13725490
v 169.88316099 -222.79251427 342.24408560 1.00000000 0.09803922 0.13725490
v 164.85593839 -223.54875203 341.39619330 1.00000000 0.09803922 0.13725490
v 164.40737171 -223.74180375 341.96921905 1.00000000 0.09803922 0.13725490
v 165.43105825 -223.53000039 341.17024131 1.00000000 0.09803922 0.13725490
v 166.11182237 -223.54937410 341.18300664 1.00000000 0.09803922 0.13725490
v 166.81412453 -223.55083793 341.18994746 1.00000000 0.09803922 0.13725490
v 167.49973685 -223.55972438 341.18962303 1.00000000 0.09803922 0.13725490
v 168.17741447 -223.46699004 341.37158961 1.00000000 0.09803922 0.13725490
v 168.65953569 -223.50020418 341.77376003 1.00000000 0.09803922 0.13725490
v 169.08101616 -223.25787373 341.88481044 1.00000000 0.09803922 0.13725490
v 169.54467341 -223.20273283 342.17632389 1.00000000 0.09803922 0.13725490
v 164.83108301 -224.23773864 341.41373427 1.00000000 0.09803922 0.13725490
v 164.40789546 -224.43789940 341.97587940 1.00000000 0.09803922 0.13725490
v 165.30698456 -224.11045185 341.17974704 1.00000000 0.09803922 0.13725490
v 165.92246385 -224.26221103 341.35217417 1.00000000 0.09803922 0.13725490
v 166.65107594 -224.14076212 341.40817457 1.00000000 0.09803922 0.13725490
v 167.33319472 -224.13741427 341.37398798 1.00000000 0.09803922 0.13725490
v 167.96559611 -224.14548739 341.49594152 1.00000000 0.09803922 0.13725490
v 168.53561104 -224.16142992 342.22556221 1.00000000 0.09803922 0.13725490
v 164.76432994 -224.77771504 341.59354307 1.00000000 0.09803922 0.13725490
v 164.52537030 -224.99696052 342.06373039 1.00000000 0.09803922 0.13725490
v 165.31740783 -224.74230549 341.45996119 1.00000000 0.09803922 0.13725490
v 165.84573014 -224.81568082 341.81294630 1.00000000 0.09803922 0.13725490
v 166.36271259 -224.63026227 341.92418452 1.00000000 0.09803922 0.13725490
v 167.01122350 -224.55953725 341.93220699 1.00000000 0.09803922 0.13725490
v 167.67690536 -224.56893862 341.91791301 1.00000000 0.09803922 0.13725490
v 168.18944678 -224.58722654 342.18094163 1.00000000 0.09803922 0.13725490
v 164.97651215 -225.21528601 341.95973180 1.00000000 0.09803922 0.13725490
v 165.49488475 -225.16028724 342.02766370 1.00000000 0.09803922 0.13725490
v 164.08791615 -217.49583078 342.70157706 1.00000000 0.09803922 0.13725490
v 163.67602275 -217.33395371 343.43402613 1.00000000 0.09803922 0.13725490
v 164.07859677 -217.06818903 343.44963333 1.00000000 0.09803922 0.13725490
v 164.54595116 -216.99131214 343.45721344 1.00000000 0.09803922 0.13725490
v 164.88849481 -217.34776904 342.67269788 1.00000000 0.09803922 0.13725490
v 165.28176375 -216.97986403 343.47177498 1.00000000 0.09803922 0.13725490
v 165.61822473 -217.34995325 342.69911745 1.00000000 0.09803922 0.13725490
v 166.08355264 -216.99699251 343.78493588 1.00000000 0.09803922 0.13725490
v 166.09084341 -217.35529566 342.86207079 1.00000000 0.09803922 0.13725490
v 166.48497540 -217.35120020 343.48604178 1.00000000 0.09803922 0.13725490
v 163.45799707 -217.92088690 342.91092624 1.00000000 0.09803922 0.13725490
v 163.05041594 -218.14659696 343.56720336 1.00000000 0.09803922 0.13725490
v 163.30600433 -217.68625080 343.43297004 1.00000000 0.09803922 0.13725490
v 166.81432038 -217.71095794 343.48087415 1.00000000 0.09803922 0.13725490
v 166.91734439 -218.28723142 342.80788830 1.00000000 0.09803922 0.13725490
v 167.20409305 -218.00578666 343.72720915 1.00000000 0.09803922 0.13725490
v 169.40950100 -218.22016164 342.81095929 1.00000000 0.09803922 0.13725490
v 169.19247251 -218.02442804 343.46550699 1.00000000 0.09803922 0.13725490
v 169.64881317 -217.72792604 343.88656759 1.00000000 0.09803922 0.13725490
v 169.87157888 -218.03340550 343.48341023 1.00000000 0.09803922 0.13725490
v 163.41729221 -218.60101518 342.73823443 1.00000000 0.09803922 0.13725490
v 163.09497261 -218.80365115 343.59488750 1.00000000 0.09803922 0.13725490
v 166.94393168 -218.74127346 342.34852933 1.00000000 0.09803922 0.13725490
v 167.41872284 -218.30210551 343.39157624 1.00000000 0.09803922 0.13725490
v 167.53320448 -218.69567213 342.72637866 1.00000000 0.09803922 0.13725490
v 167.98616993 -218.40642698 343.48050437 1.00000000 0.09803922 0.13725490
v 168.30829827 -218.74804913 342.71784212 1.00000000 0.09803922 0.13725490
v 168.63943357 -218.33233435 343.45302300 1.00000000 0.09803922 0.13725490
v 168.91733614 -218.56009639 342.65312536 1.00000000 0.09803922 0.13725490
v 170.10967449 -218.37212290 343.04967752 1.00000000 0.09803922 0.13725490
v 170.39377421 -218.72095735 342.54201102 1.00000000 0.09803922 0.13725490
v 170.74371363 -218.37882708 343.45622251 1.00000000 0.09803922 0.13725490
v 171.05675171 -218.73889577 342.72529858 1.00000000 0.09803922 0.13725490
v 171.53313065 -218.36744972 343.81371650 1.00000000 0.09803922 0.13725490
v 171.52417928 -218.73154539 342.89920009 1.00000000 0.09803922 0.13725490
v 171.93470291 -218.72288697 343.46403989 1.00000000 0.09803922 0.13725490
v 163.52900029 -219.14458291 343.20624166 1.00000000 0.09803922 0.13725490
v 163.94986383 -219.43242619 342.76537263 1.00000000 0.09803922 0.13725490
v 163.66770048 -219.65105311 343.51512865 1.00000000 0.09803922 0.13725490
v 172.19853405 -219.06690924 343.03731823 1.00000000 0.09803922 0.13725490
v 172.46965110 -219.41238577 342.57489626 1.00000000 0.09803922 0.13725490
v 172.91279599 -219.06131265 343.78694584 1.00000000 0.09803922 0.13725490
v 172.88500977 -219.42573145 342.91347154 1.00000000 0.09803922 0.13725490
v 173.29568738 -219.41411324 343.48926465 1.00000000 0.09803922 0.13725490
v 164.06713141 -219.92166592 342.78678994 1.00000000 0.09803922 0.13725490
v 163.74400745 -220.28639437 343.54749699 1.00000000 0.09803922 0.13725490
v 173.57149204 -219.75602859 343.04464996 1.00000000 0.09803922 0.13725490
v 173.86587227 -220.09656104 342.53430171 1.00000000 0.09803922 0.13725490
v 174.29414209 -219.74564328 343.77608715 1.00000000 0.09803922 0.13725490
v 174.29381939 -220.10364073 342.85182968 1.00000000 0.09803922 0.13725490
v 174.69868615 -220.09212181 343.46971297 1.00000000 0.09803922 0.13725490
v 164.07969094 -220.60102860 342.76897196 1.00000000 0.09803922 0.13725490
v 163.73682798 -220.98109498 343.52890560 1.00000000 0.09803922 0.13725490
v 175.06143848 -220.44813243 343.43362687 1.00000000 0.09803922 0.13725490
v 175.06452553 -220.81384076 342.98994434 1.00000000 0.09803922 0.13725490
v 175.42409027 -220.87006521 343.96615593 1.00000000 0.09803922 0.13725490
v 160.83157063 -221.54827563 342.96959292 1.00000000 0.09803922 0.13725490
v 160.35033636 -221.57323114 343.51293956 1.00000000 0.09803922 0.13725490
v 160.65853281 -221.18064208 343.41473256 1.00000000 0.09803922 0.13725490
v 161.07586948 -221.16901950 343.45974260 1.00000000 0.09803922 0.13725490
v 161.42875119 -221.63699282 343.00601549 1.00000000 0.09803922 0.13725490
v 161.59197714 -221.35881427 343.56460861 1.00000000 0.09803922 0.13725490
v 163.99824253 -221.40522693 342.76040582 1.00000000 0.09803922 0.13725490
v 163.62245071 -221.55981008 343.43485800 1.00000000 0.09803922 0.13725490
v 170.21718076 -221.66192003 342.32898521 1.00000000 0.09803922 0.13725490
v 170.69047776 -221.59615003 342.74868000 1.00000000 0.09803922 0.13725490
v 171.39399690 -221.45514109 342.78180244 1.00000000 0.09803922 0.13725490
v 172.16068216 -221.52678660 342.52111986 1.00000000 0.09803922 0.13725490
v 173.73128912 -221.49532068 342.45193986 1.00000000 0.09803922 0.13725490
v 174.11315418 -221.49569372 342.73795611 1.00000000 0.09803922 0.13725490
v 174.67770833 -221.51362426 343.44909067 1.00000000 0.09803922 0.13725490
v 175.05112340 -221.17042748 343.45471159 1.00000000 0.09803922 0.13725490
v 160.71308321 -222.17037110 342.84097689 1.00000000 0.09803922 0.13725490
v 160.27135828 -222.34461105 343.40227358 1.00000000 0.09803922 0.13725490
v 161.32406009 -222.15787741 342.65870533 1.00000000 0.09803922 0.13725490
v 161.93496505 -221.70707610 343.35008714 1.00000000 0.09803922 0.13725490
v 162.08135411 -222.18076355 342.87874403 1.00000000 0.09803922 0.13725490
v 162.49679188 -221.84198478 343.48246417 1.00000000 0.09803922 0.13725490
v 162.89042791 -222.29729383 343.00109782 1.00000000 0.09803922 0.13725490
v 163.15496577 -221.80831424 343.54035718 1.00000000 0.09803922 0.13725490
v 163.58974490 -222.12982836 342.95739030 1.00000000 0.09803922 0.13725490
v 164.05904512 -222.03631701 342.49634714 1.00000000 0.09803922 0.13725490
v 170.26765248 -222.24713144 342.72456609 1.00000000 0.09803922 0.13725490
v 170.65051569 -222.12029356 343.39891196 1.00000000 0.09803922 0.13725490
v 171.10827092 -221.85392515 343.52851279 1.00000000 0.09803922 0.13725490
v 171.77470963 -221.81119249 343.47372355 1.00000000 0.09803922 0.13725490
v 172.41971029 -221.92552470 343.17163158 1.00000000 0.09803922 0.13725490
v 172.86761907 -222.14293639 343.11819188 1.00000000 0.09803922 0.13725490
v 172.69122909 -222.31830660 343.59122789 1.00000000 0.09803922 0.13725490
v 173.31927672 -222.19925599 343.47071827 1.00000000 0.09803922 0.13725490
v 173.79315213 -221.87203049 343.29661237 1.00000000 0.09803922 0.13725490
v 174.30742429 -221.86793144 343.73460860 1.00000000 0.09803922 0.13725490
v 160.70762977 -222.81951814 342.95458395 1.00000000 0.09803922 0.13725490
v 160.35109229 -222.81013077 343.41130659 1.00000000 0.09803922 0.13725490
v 161.29922032 -222.83350117 342.64183765 1.00000000 0.09803922 0.13725490
v 161.99367415 -222.85079612 342.64151750 1.00000000 0.09803922 0.13725490
v 162.71409715 -222.88259823 342.73676709 1.00000000 0.09803922 0.13725490
v 163.40258670 -222.85539627 342.77556533 1.00000000 0.09803922 0.13725490
v 163.96767957 -222.65448457 342.53783574 1.00000000 0.09803922 0.13725490
v 170.22187271 -222.81059704 342.88768573 1.00000000 0.09803922 0.13725490
v 170.55753706 -222.79210177 343.77715079 1.00000000 0.09803922 0.13725490
v 173.01344497 -222.49461486 343.73831691 1.00000000 0.09803922 0.13725490
v 160.54480304 -223.20234054 343.60102200 1.00000000 0.09803922 0.13725490
v 161.17835398 -223.35448654 342.99734592 1.00000000 0.09803922 0.13725490
v 160.96923784 -223.53647297 343.46786445 1.00000000 0.09803922 0.13725490
v 161.93216794 -223.52456599 342.87284924 1.00000000 0.09803922 0.13725490
v 162.69444307 -223.54632425 342.73041192 1.00000000 0.09803922 0.13725490
v 163.37371922 -223.53260451 342.73979044 1.00000000 0.09803922 0.13725490
v 163.95074897 -223.34719460 342.53472743 1.00000000 0.09803922 0.13725490
v 168.87773024 -223.70178973 342.26999451 1.00000000 0.09803922 0.13725490
v 169.32300095 -223.67774814 342.76242087 1.00000000 0.09803922 0.13725490
v 169.89036386 -223.57054883 343.46304676 1.00000000 0.09803922 0.13725490
v 170.22753546 -223.21666339 343.46748293 1.00000000 0.09803922 0.13725490
v 161.38028105 -223.80082524 343.68523778 1.00000000 0.09803922 0.13725490
v 162.07327540 -223.98427848 343.35793894 1.00000000 0.09803922 0.13725490
v 162.68373803 -224.18743391 342.92225765 1.00000000 0.09803922 0.13725490
v 162.33161600 -224.42932782 343.47327344 1.00000000 0.09803922 0.13725490
v 163.38939399 -224.21454236 342.74231289 1.00000000 0.09803922 0.13725490
v 163.96632093 -224.05122999 342.52622235 1.00000000 0.09803922 0.13725490
v 168.95586925 -224.07515521 342.80878270 1.00000000 0.09803922 0.13725490
v 169.27928623 -224.28310961 343.75676086 1.00000000 0.09803922 0.13725490
v 169.58967139 -223.96924492 343.68856744 1.00000000 0.09803922 0.13725490
v 162.83216466 -224.90949063 342.94040230 1.00000000 0.09803922 0.13725490
v 162.37928108 -225.06629483 343.46486401 1.00000000 0.09803922 0.13725490
v 163.41728143 -224.90528853 342.72385872 1.00000000 0.09803922 0.13725490
v 164.06761065 -224.85464385 342.52323877 1.00000000 0.09803922 0.13725490
v 165.97573652 -225.09917829 342.37625804 1.00000000 0.09803922 0.13725490
v 166.61033889 -225.02307153 342.69752280 1.00000000 0.09803922 0.13725490
v 167.33424986 -224.90500968 342.65913793 1.00000000 0.09803922 0.13725490
v 167.98615415 -224.92785569 342.78100143 1.00000000 0.09803922 0.13725490
v 168.53584028 -224.94339604 343.46744421 1.00000000 0.09803922 0.13725490
v 168.88860990 -224.57987010 343.45507595 1.00000000 0.09803922 0.13725490
v 162.71491621 -225.66262561 342.86199627 1.00000000 0.09803922 0.13725490
v 162.26842807 -225.64539187 343.34379473 1.00000000 0.09803922 0.13725490
v 163.39391222 -225.58197425 342.69882828 1.00000000 0.09803922 0.13725490
v 164.05604466 -225.59393532 342.67960484 1.00000000 0.09803922 0.13725490
v 164.61426541 -225.48044438 342.47798656 1.00000000 0.09803922 0.13725490
v 165.32769876 -225.63591992 342.68812590 1.00000000 0.09803922 0.13725490
v 166.04053260 -225.50315642 343.00518292 1.00000000 0.09803922 0.13725490
v 166.53808449 -225.62424329 343.75675976 1.00000000 0.09803922 0.13725490
v 167.01396698 -225.28827907 343.44367329 1.00000000 0.09803922 0.13725490
v 167.66586920 -225.26111942 343.47065076 1.00000000 0.09803922 0.13725490
v 168.19802763 -225.27813219 343.67013712 1.00000000 0.09803922 0.13725490
v 162.09550973 -226.24489334 342.94742470 1.00000000 0.09803922 0.13725490
v 161.63674652 -226.39603929 343.31499694 1.00000000 0.09803922 0.13725490
v 161.93420330 -225.98714335 343.54009527 1.00000000 0.09803922 0.13725490
v 162.55508591 -226.39866855 342.88322438 1.00000000 0.09803922 0.13725490
v 163.20212293 -226.18030132 342.86051594 1.00000000 0.09803922 0.13725490
v 163.90290639 -226.18225854 342.88086492 1.00000000 0.09803922 0.13725490
v 164.62585988 -226.13338906 342.96756356 1.00000000 0.09803922 0.13725490
v 165.18942139 -226.32971523 343.71186381 1.00000000 0.09803922 0.13725490
v 165.64507486 -225.96979208 343.45544410 1.00000000 0.09803922 0.13725490
v 166.10343165 -225.91951746 343.73626577 1.00000000 0.09803922 0.13725490
v 160.08268760 -226.91971088 343.12154994 1.00000000 0.09803922 0.13725490
v 159.77278961 -226.86229522 343.52114117 1.00000000 0.09803922 0.13725490
v 159.99334328 -226.71137594 343.37535944 1.00000000 0.09803922 0.13725490
v 160.43393164 -226.64818480 343.41409480 1.00000000 0.09803922 0.13725490
v 160.61452925 -226.97643546 343.06343403 1.00000000 0.09803922 0.13725490
v 161.10035845 -226.58268480 343.40846749 1.00000000 0.09803922 0.13725490
v 161.38428939 -226.85281728 342.98694698 1.00000000 0.09803922 0.13725490
v 161.97392539 -226.85607752 342.97577573 1.00000000 0.09803922 0.13725490
v 162.43484286 -226.99678543 343.68563250 1.00000000 0.09803922 0.13725490
v 162.90491362 -226.65709544 343.42644824 1.00000000 0.09803922 0.13725490
v 163.55995244 -226.61100124 343.42616556 1.00000000 0.09803922 0.13725490
v 164.24688214 -226.62398914 343.44883613 1.00000000 0.09803922 0.13725490
v 164.75601623 -226.63633524 343.72714951 1.00000000 0.09803922 0.13725490
v 159.96530240 -227.24756639 343.62449802 1.00000000 0.09803922 0.13725490
v 160.82202645 -227.32012351 343.36471096 1.00000000 0.09803922 0.13725490
v 161.50698217 -227.29721294 343.37685225 1.00000000 0.09803922 0.13725490
v 162.00374852 -227.29914803 343.66693976 1.00000000 0.09803922 0.13725490
v 164.10515018 -216.78029702 344.22331101 1.00000000 0.09803922 0.13725490
v 163.77503134 -216.84440845 345.24133288 1.00000000 0.09803922 0.13725490
v 164.19243832 -216.52044156 345.11499207 1.00000000 0.09803922 0.13725490
v 164.73054603 -216.47931111 345.01312253 1.00000000 0.09803922 0.13725490
v 164.93054365 -216.63623710 344.23019510 1.00000000 0.09803922 0.13725490
v 165.45776771 -216.48376233 345.01240354 1.00000000 0.09803922 0.13725490
v 165.65552442 -216.64435152 344.27308178 1.00000000 0.09803922 0.13725490
v 165.99896954 -216.52538018 344.88280005 1.00000000 0.09803922 0.13725490
v 166.10131823 -216.64825276 344.41682157 1.00000000 0.09803922 0.13725490
v 166.30476062 -216.71015776 344.78686139 1.00000000 0.09803922 0.13725490
v 163.31950843 -217.34597103 344.21588077 1.00000000 0.09803922 0.13725490
v 163.06127568 -217.51175460 345.24784465 1.00000000 0.09803922 0.13725490
v 163.37977735 -217.16547341 345.24695605 1.00000000 0.09803922 0.13725490
v 166.60355854 -217.07315041 344.92695115 1.00000000 0.09803922 0.13725490
v 166.83603626 -217.35452407 344.20049016 1.00000000 0.09803922 0.13725490
v 166.99911170 -217.40830245 344.75520045 1.00000000 0.09803922 0.13725490
v 169.41045916 -217.50125556 344.37447825 1.00000000 0.09803922 0.13725490
v 169.28499644 -217.52528379 345.28265003 1.00000000 0.09803922 0.13725490
v 169.52640139 -217.24984533 345.00409302 1.00000000 0.09803922 0.13725490
v 169.70698640 -217.36332737 344.76477757 1.00000000 0.09803922 0.13725490
v 162.77223095 -217.89473389 344.43696447 1.00000000 0.09803922 0.13725490
v 162.51662366 -218.19229221 344.86906640 1.00000000 0.09803922 0.13725490
v 162.69448837 -217.84993109 345.21650249 1.00000000 0.09803922 0.13725490
v 167.36999260 -217.75941699 344.99677661 1.00000000 0.09803922 0.13725490
v 167.71642118 -218.05613399 344.13523894 1.00000000 0.09803922 0.13725490
v 168.16824759 -217.90431562 344.96770719 1.00000000 0.09803922 0.13725490
v 168.35523747 -218.05294478 344.22134626 1.00000000 0.09803922 0.13725490
v 168.76890418 -217.82753210 345.13718387 1.00000000 0.09803922 0.13725490
v 168.94167230 -217.84461611 344.25196755 1.00000000 0.09803922 0.13725490
v 170.10159689 -217.71959018 345.00983494 1.00000000 0.09803922 0.13725490
v 170.44372356 -218.02534119 344.11919974 1.00000000 0.09803922 0.13725490
v 170.92611566 -217.87244722 345.02073816 1.00000000 0.09803922 0.13725490
v 171.11819664 -218.03034872 344.29907168 1.00000000 0.09803922 0.13725490
v 171.45946217 -217.90159085 344.88389232 1.00000000 0.09803922 0.13725490
v 171.55418894 -218.01560463 344.42625574 1.00000000 0.09803922 0.13725490
v 171.76748530 -218.07470781 344.78261444 1.00000000 0.09803922 0.13725490
v 162.72005072 -218.64662237 344.24641759 1.00000000 0.09803922 0.13725490
v 162.50865402 -218.74982190 344.98022561 1.00000000 0.09803922 0.13725490
v 172.18468178 -218.43619857 345.00603305 1.00000000 0.09803922 0.13725490
v 172.53512776 -218.72296445 344.14439167 1.00000000 0.09803922 0.13725490
v 172.83613505 -218.59424858 344.88325695 1.00000000 0.09803922 0.13725490
v 172.93846128 -218.71747473 344.44177527 1.00000000 0.09803922 0.13725490
v 173.13997604 -218.77474967 344.80240026 1.00000000 0.09803922 0.13725490
v 162.75101032 -219.40313167 344.45281897 1.00000000 0.09803922 0.13725490
v 162.50881907 -219.44240263 345.03908950 1.00000000 0.09803922 0.13725490
v 163.16094307 -219.29798730 343.95984216 1.00000000 0.09803922 0.13725490
v 173.55558713 -219.12726779 345.00905021 1.00000000 0.09803922 0.13725490
v 173.90584662 -219.40796130 344.15366902 1.00000000 0.09803922 0.13725490
v 174.21343852 -219.27827167 344.89295844 1.00000000 0.09803922 0.13725490
v 174.31745455 -219.40089394 344.45060392 1.00000000 0.09803922 0.13725490
v 174.51256941 -219.46051802 344.81003853 1.00000000 0.09803922 0.13725490
v 162.70593921 -220.20036016 344.47963996 1.00000000 0.09803922 0.13725490
v 162.25061235 -220.03503692 345.18851855 1.00000000 0.09803922 0.13725490
v 163.25971313 -219.94734295 344.08807190 1.00000000 0.09803922 0.13725490
v 174.81884344 -219.81352854 344.92408138 1.00000000 0.09803922 0.13725490
v 175.06357629 -220.08798200 344.17000447 1.00000000 0.09803922 0.13725490
v 175.23729788 -220.14178770 344.72640855 1.00000000 0.09803922 0.13725490
v 160.67406841 -220.89999373 344.19067629 1.00000000 0.09803922 0.13725490
v 160.28035803 -220.75238968 344.93402971 1.00000000 0.09803922 0.13725490
v 160.67814191 -220.48265093 344.94860688 1.00000000 0.09803922 0.13725490
v 161.13793633 -220.42201748 344.97397937 1.00000000 0.09803922 0.13725490
v 161.49341215 -220.89610046 344.22327517 1.00000000 0.09803922 0.13725490
v 161.77245624 -220.37617380 345.01558209 1.00000000 0.09803922 0.13725490
v 162.22905366 -220.78601339 344.45613415 1.00000000 0.09803922 0.13725490
v 162.83580763 -220.92657102 344.28804399 1.00000000 0.09803922 0.13725490
v 163.30449687 -220.64842967 344.08625125 1.00000000 0.09803922 0.13725490
v 175.51774914 -220.52390087 344.95086095 1.00000000 0.09803922 0.13725490
v 175.77218483 -220.79798467 344.57313078 1.00000000 0.09803922 0.13725490
v 175.83108328 -220.80163283 344.98031229 1.00000000 0.09803922 0.13725490
v 160.05687403 -221.31884121 344.39528450 1.00000000 0.09803922 0.13725490
v 159.63759333 -221.58520074 345.01563842 1.00000000 0.09803922 0.13725490
v 159.91995847 -221.11333740 344.93234143 1.00000000 0.09803922 0.13725490
v 162.06866092 -221.38820611 343.92217555 1.00000000 0.09803922 0.13725490
v 162.69953247 -221.41335260 344.05578879 1.00000000 0.09803922 0.13725490
v 163.29155234 -221.28716480 343.96845903 1.00000000 0.09803922 0.13725490
v 175.04238145 -221.50941376 344.16523089 1.00000000 0.09803922 0.13725490
v 175.33031556 -221.30932938 344.71823157 1.00000000 0.09803922 0.13725490
v 175.71856841 -220.97612115 344.76567817 1.00000000 0.09803922 0.13725490
v 159.91029953 -222.00256748 344.18273059 1.00000000 0.09803922 0.13725490
v 159.54863501 -222.36528202 344.92979940 1.00000000 0.09803922 0.13725490
v 170.98936297 -222.40461983 343.97163077 1.00000000 0.09803922 0.13725490
v 171.58785714 -222.27723581 344.07574455 1.00000000 0.09803922 0.13725490
v 172.24362847 -222.28894241 343.92661261 1.00000000 0.09803922 0.13725490
v 173.72898178 -222.23011618 344.05943894 1.00000000 0.09803922 0.13725490
v 174.10326539 -222.21296243 344.37417526 1.00000000 0.09803922 0.13725490
v 174.60554099 -222.00605973 344.79275652 1.00000000 0.09803922 0.13725490
v 174.99610396 -221.68999043 344.72799933 1.00000000 0.09803922 0.13725490
v 159.98842289 -222.72508777 344.16716597 1.00000000 0.09803922 0.13725490
v 159.62823211 -222.82028711 344.94476723 1.00000000 0.09803922 0.13725490
v 170.94624547 -222.80656439 344.27109001 1.00000000 0.09803922 0.13725490
v 171.37851169 -222.78480064 344.45541872 1.00000000 0.09803922 0.13725490
v 172.05459773 -222.78887892 344.46214813 1.00000000 0.09803922 0.13725490
v 172.71553716 -222.77931132 344.33136885 1.00000000 0.09803922 0.13725490
v 173.23578909 -222.70835508 344.71637275 1.00000000 0.09803922 0.13725490
v 173.73210865 -222.44030354 344.69350785 1.00000000 0.09803922 0.13725490
v 174.17105830 -222.34134136 345.16053145 1.00000000 0.09803922 0.13725490
v 159.92165836 -223.21407699 344.98103892 1.00000000 0.09803922 0.13725490
v 160.64979383 -223.56004049 344.21607544 1.00000000 0.09803922 0.13725490
v 160.32354003 -223.65188496 345.08112944 1.00000000 0.09803922 0.13725490
v 170.24199650 -223.56989101 344.24922512 1.00000000 0.09803922 0.13725490
v 170.48169028 -223.37667061 344.92569708 1.00000000 0.09803922 0.13725490
v 170.93886975 -223.04960396 344.93538762 1.00000000 0.09803922 0.13725490
v 171.59928096 -223.03316697 345.02331290 1.00000000 0.09803922 0.13725490
v 172.28416578 -223.06675836 345.01083974 1.00000000 0.09803922 0.13725490
v 172.80630514 -223.02381514 345.10017617 1.00000000 0.09803922 0.13725490
v 160.83884297 -223.92661193 344.71260751 1.00000000 0.09803922 0.13725490
v 161.40844517 -224.28794334 344.37968200 1.00000000 0.09803922 0.13725490
v 160.96161771 -224.45504493 345.03117962 1.00000000 0.09803922 0.13725490
v 161.86395748 -224.19577531 343.87363373 1.00000000 0.09803922 0.13725490
v 169.55941415 -224.25272452 344.27834629 1.00000000 0.09803922 0.13725490
v 169.81070423 -224.11175384 344.70983091 1.00000000 0.09803922 0.13725490
v 170.20114194 -223.82363608 345.26865219 1.00000000 0.09803922 0.13725490
v 161.44588683 -224.90752437 344.54387040 1.00000000 0.09803922 0.13725490
v 161.00538477 -225.10696885 345.06260982 1.00000000 0.09803922 0.13725490
v 161.93460746 -224.69064239 344.05393974 1.00000000 0.09803922 0.13725490
v 168.86882087 -224.95059897 344.21364147 1.00000000 0.09803922 0.13725490
v 169.11866394 -224.81345880 344.70912801 1.00000000 0.09803922 0.13725490
v 169.51502895 -224.52009650 345.23895707 1.00000000 0.09803922 0.13725490
v 161.30218920 -225.59323475 344.49775635 1.00000000 0.09803922 0.13725490
v 160.89747965 -225.65217449 344.92383907 1.00000000 0.09803922 0.13725490
v 161.88281130 -225.44258368 343.99700493 1.00000000 0.09803922 0.13725490
v 166.87954878 -225.59656165 344.08584226 1.00000000 0.09803922 0.13725490
v 167.32781499 -225.60568909 344.22676780 1.00000000 0.09803922 0.13725490
v 167.95007663 -225.60656308 344.36911048 1.00000000 0.09803922 0.13725490
v 168.39433294 -225.48369183 344.63422468 1.00000000 0.09803922 0.13725490
v 168.73669238 -225.21982458 345.27439784 1.00000000 0.09803922 0.13725490
v 160.01310039 -226.42427117 344.17759039 1.00000000 0.09803922 0.13725490
v 159.57428062 -226.28831495 344.93388278 1.00000000 0.09803922 0.13725490
v 159.98780478 -226.02387413 344.98147857 1.00000000 0.09803922 0.13725490
v 160.41943848 -225.88770057 344.98423451 1.00000000 0.09803922 0.13725490
v 160.84204334 -226.16821195 344.22367600 1.00000000 0.09803922 0.13725490
v 161.49123034 -226.09523624 343.91250340 1.00000000 0.09803922 0.13725490
v 165.51649695 -226.28209065 344.01907524 1.00000000 0.09803922 0.13725490
v 165.89206561 -226.28759365 344.29964948 1.00000000 0.09803922 0.13725490
v 166.45624530 -226.30343736 345.01806606 1.00000000 0.09803922 0.13725490
v 166.97481037 -225.96083711 345.07726336 1.00000000 0.09803922 0.13725490
v 167.57815538 -225.84908442 345.04820570 1.00000000 0.09803922 0.13725490
v 168.00528321 -225.77950407 345.40108531 1.00000000 0.09803922 0.13725490
v 159.42404005 -226.85030585 344.32221282 1.00000000 0.09803922 0.13725490
v 159.02790987 -226.83536948 345.02795216 1.00000000 0.09803922 0.13725490
v 159.21118640 -226.60017558 344.91224621 1.00000000 0.09803922 0.13725490
v 162.75995375 -226.94844273 344.03978907 1.00000000 0.09803922 0.13725490
v 163.20752235 -226.95175856 344.18327708 1.00000000 0.09803922 0.13725490
v 163.90772519 -226.96982660 344.18900700 1.00000000 0.09803922 0.13725490
v 164.54541247 -226.98919667 344.31757720 1.00000000 0.09803922 0.13725490
v 165.11573886 -226.98783629 344.97140402 1.00000000 0.09803922 0.13725490
v 165.58636695 -226.65226470 344.82442519 1.00000000 0.09803922 0.13725490
v 166.09484762 -226.65527657 345.24555474 1.00000000 0.09803922 0.13725490
v 159.21953301 -227.31129617 344.91459397 1.00000000 0.09803922 0.13725490
v 159.83865144 -227.62094462 344.37913053 1.00000000 0.09803922 0.13725490
v 159.55014135 -227.68517089 344.89600380 1.00000000 0.09803922 0.13725490
v 160.44891767 -227.66566034 344.13751790 1.00000000 0.09803922 0.13725490
v 161.17605058 -227.66671396 344.10850961 1.00000000 0.09803922 0.13725490
v 161.80725874 -227.66045672 344.29114098 1.00000000 0.09803922 0.13725490
v 162.37082979 -227.65969459 344.97741433 1.00000000 0.09803922 0.13725490
v 162.85665881 -227.30377766 344.79605840 1.00000000 0.09803922 0.13725490
v 163.56216236 -227.31715303 344.96766859 1.00000000 0.09803922 0.13725490
v 164.26057567 -227.34330110 344.98441555 1.00000000 0.09803922 0.13725490
v 164.76156610 -227.34184313 345.21618473 1.00000000 0.09803922 0.13725490
v 159.95681577 -227.95738418 345.15798349 1.00000000 0.09803922 0.13725490
v 160.82844242 -228.02801888 344.92008390 1.00000000 0.09803922 0.13725490
v 161.53902218 -228.02800434 344.97800997 1.00000000 0.09803922 0.13725490
v 162.04278680 -228.01727951 345.21655572 1.00000000 0.09803922 0.13725490
v 164.10574923 -216.63583605 345.59238448 1.00000000 0.09803922 0.13725490
v 164.54382382 -216.62739676 345.74633031 1.00000000 0.09803922 0.13725490
v 165.24876633 -216.63753785 345.80165494 1.00000000 0.09803922 0.13725490
v 166.02433882 -216.69931813 345.59693655 1.00000000 0.09803922 0.13725490
v 163.33199026 -217.34201913 345.78544304 1.00000000 0.09803922 0.13725490
v 163.68683454 -217.33108671 346.52615832 1.00000000 0.09803922 0.13725490
v 164.18125887 -216.98572130 346.34444150 1.00000000 0.09803922 0.13725490
v 164.89256160 -216.98669918 346.56465333 1.00000000 0.09803922 0.13725490
v 165.62832696 -216.99597294 346.56272616 1.00000000 0.09803922 0.13725490
v 166.29344099 -217.09267247 346.26371669 1.00000000 0.09803922 0.13725490
v 166.82263778 -217.35261756 345.78470992 1.00000000 0.09803922 0.13725490
v 166.48552888 -217.34408615 346.56440636 1.00000000 0.09803922 0.13725490
v 169.64680619 -217.37124341 345.37078435 1.00000000 0.09803922 0.13725490
v 162.64149803 -218.26072575 345.62274664 1.00000000 0.09803922 0.13725490
v 162.98078038 -217.94285738 346.12413134 1.00000000 0.09803922 0.13725490
v 163.32616736 -217.67807257 346.50178883 1.00000000 0.09803922 0.13725490
v 166.80417021 -217.70252031 346.54152174 1.00000000 0.09803922 0.13725490
v 167.44387897 -217.99518355 345.98099080 1.00000000 0.09803922 0.13725490
v 167.20133084 -218.16095370 346.61067344 1.00000000 0.09803922 0.13725490
v 168.00306301 -218.05404867 345.71321462 1.00000000 0.09803922 0.13725490
v 168.62198856 -218.05707119 345.86941429 1.00000000 0.09803922 0.13725490
v 169.19326683 -218.03723041 346.51791565 1.00000000 0.09803922 0.13725490
v 169.65614606 -217.75684399 346.10310327 1.00000000 0.09803922 0.13725490
v 170.13045504 -217.96601125 346.07314807 1.00000000 0.09803922 0.13725490
v 169.87428959 -218.03437650 346.55968511 1.00000000 0.09803922 0.13725490
v 170.71727438 -218.02320231 345.84007565 1.00000000 0.09803922 0.13725490
v 171.49541053 -218.08199578 345.56754658 1.00000000 0.09803922 0.13725490
v 162.65060609 -218.89417798 345.75725627 1.00000000 0.09803922 0.13725490
v 162.99535717 -218.53942733 346.51492254 1.00000000 0.09803922 0.13725490
v 167.71858468 -218.35474081 346.45455418 1.00000000 0.09803922 0.13725490
v 168.35268798 -218.40628319 346.49624058 1.00000000 0.09803922 0.13725490
v 168.84753151 -218.37707271 346.78042907 1.00000000 0.09803922 0.13725490
v 170.22925584 -218.30975009 346.81127428 1.00000000 0.09803922 0.13725490
v 171.07826359 -218.38173028 346.52056982 1.00000000 0.09803922 0.13725490
v 171.75168965 -218.47237967 346.22333267 1.00000000 0.09803922 0.13725490
v 172.24205864 -218.65636594 346.05785922 1.00000000 0.09803922 0.13725490
v 171.93397458 -218.71929099 346.56668269 1.00000000 0.09803922 0.13725490
v 172.85759445 -218.76262038 345.60096100 1.00000000 0.09803922 0.13725490
v 162.53076733 -219.48951284 345.86960924 1.00000000 0.09803922 0.13725490
v 162.95608932 -219.17203918 346.54659571 1.00000000 0.09803922 0.13725490
v 172.28958780 -218.99527027 346.76587721 1.00000000 0.09803922 0.13725490
v 173.10453207 -219.16022288 346.21685429 1.00000000 0.09803922 0.13725490
v 173.61623565 -219.34611666 346.04357160 1.00000000 0.09803922 0.13725490
v 173.30426567 -219.41099406 346.53540316 1.00000000 0.09803922 0.13725490
v 174.23004719 -219.44660398 345.61442271 1.00000000 0.09803922 0.13725490
v 160.68193782 -220.18921135 345.73515219 1.00000000 0.09803922 0.13725490
v 160.25976346 -220.15379519 346.51033711 1.00000000 0.09803922 0.13725490
v 160.60969441 -219.87913765 346.85474687 1.00000000 0.09803922 0.13725490
v 161.25070986 -219.89086978 346.67228540 1.00000000 0.09803922 0.13725490
v 161.48417688 -220.07074788 345.72909214 1.00000000 0.09803922 0.13725490
v 162.10842018 -219.88012837 346.26253595 1.00000000 0.09803922 0.13725490
v 161.92784556 -220.07381357 345.57553110 1.00000000 0.09803922 0.13725490
v 162.73224851 -219.62988202 346.61325180 1.00000000 0.09803922 0.13725490
v 173.66500987 -219.67964931 346.77655572 1.00000000 0.09803922 0.13725490
v 174.49573465 -219.83328766 346.25542673 1.00000000 0.09803922 0.13725490
v 175.06537824 -220.08627640 345.78930374 1.00000000 0.09803922 0.13725490
v 174.72911282 -220.07954747 346.57431223 1.00000000 0.09803922 0.13725490
v 159.91630250 -220.75978886 345.67128288 1.00000000 0.09803922 0.13725490
v 159.56598058 -220.85956422 346.49138325 1.00000000 0.09803922 0.13725490
v 159.91796813 -220.45356939 346.96183341 1.00000000 0.09803922 0.13725490
v 175.04678527 -220.45037672 346.57191669 1.00000000 0.09803922 0.13725490
v 175.54576973 -220.91874263 345.58151110 1.00000000 0.09803922 0.13725490
v 175.23614578 -220.93064666 346.47391426 1.00000000 0.09803922 0.13725490
v 159.34805880 -221.33111494 345.88813144 1.00000000 0.09803922 0.13725490
v 159.03472366 -221.62578555 346.46147790 1.00000000 0.09803922 0.13725490
v 159.22769121 -221.18062126 346.96891268 1.00000000 0.09803922 0.13725490
v 175.06708753 -221.50128013 345.78218922 1.00000000 0.09803922 0.13725490
v 175.05598364 -221.17145888 346.59499286 1.00000000 0.09803922 0.13725490
v 174.71808494 -221.47701062 346.58357165 1.00000000 0.09803922 0.13725490
v 159.20673203 -222.00750506 345.69911175 1.00000000 0.09803922 0.13725490
v 159.02678228 -222.13972552 346.72761614 1.00000000 0.09803922 0.13725490
v 173.72577543 -222.35020579 345.75871263 1.00000000 0.09803922 0.13725490
v 173.71294352 -221.96828112 346.52632438 1.00000000 0.09803922 0.13725490
v 173.31986292 -222.21351116 346.52310174 1.00000000 0.09803922 0.13725490
v 174.43894350 -222.02132233 345.81117083 1.00000000 0.09803922 0.13725490
v 174.14206064 -221.80717906 346.55070057 1.00000000 0.09803922 0.13725490
v 159.29483537 -222.70632171 345.72578958 1.00000000 0.09803922 0.13725490
v 159.08998260 -222.70641073 346.60449393 1.00000000 0.09803922 0.13725490
v 171.13067526 -222.89483568 345.84054249 1.00000000 0.09803922 0.13725490
v 170.83057793 -222.63419770 346.62150816 1.00000000 0.09803922 0.13725490
v 170.59540751 -223.10232342 346.24330150 1.00000000 0.09803922 0.13725490
v 171.78467483 -222.90271280 345.72892226 1.00000000 0.09803922 0.13725490
v 171.39078433 -222.53882070 346.50099651 1.00000000 0.09803922 0.13725490
v 172.45641368 -222.91596130 345.74388399 1.00000000 0.09803922 0.13725490
v 172.08999019 -222.56082668 346.48815208 1.00000000 0.09803922 0.13725490
v 173.05076525 -222.73585510 345.74564549 1.00000000 0.09803922 0.13725490
v 172.73839690 -222.49695659 346.50842942 1.00000000 0.09803922 0.13725490
v 159.46175606 -223.12101869 346.53880244 1.00000000 0.09803922 0.13725490
v 159.91069937 -223.63589652 345.76999593 1.00000000 0.09803922 0.13725490
v 159.72175531 -223.63850462 346.61143291 1.00000000 0.09803922 0.13725490
v 170.39974649 -223.57465830 346.20123227 1.00000000 0.09803922 0.13725490
v 160.00122310 -224.18417953 345.96736730 1.00000000 0.09803922 0.13725490
v 159.78287826 -224.21155749 346.48585724 1.00000000 0.09803922 0.13725490
v 160.43021395 -224.07410979 345.44825969 1.00000000 0.09803922 0.13725490
v 170.23551501 -223.83763313 346.43065147 1.00000000 0.09803922 0.13725490
v 169.90339201 -224.17213624 346.23827569 1.00000000 0.09803922 0.13725490
v 160.03493247 -224.84745807 345.95590880 1.00000000 0.09803922 0.13725490
v 159.78429212 -224.89267576 346.45570616 1.00000000 0.09803922 0.13725490
v 160.53097963 -224.69962261 345.57134832 1.00000000 0.09803922 0.13725490
v 169.57039754 -224.55129947 346.40411573 1.00000000 0.09803922 0.13725490
v 169.20530459 -224.85625997 346.20903679 1.00000000 0.09803922 0.13725490
v 159.88912103 -225.63307461 345.67185374 1.00000000 0.09803922 0.13725490
v 159.66203222 -225.64666342 346.77050852 1.00000000 0.09803922 0.13725490
v 160.53315717 -225.35001782 345.45641254 1.00000000 0.09803922 0.13725490
v 168.30588958 -225.57957638 345.68322569 1.00000000 0.09803922 0.13725490
v 168.24096128 -225.38766822 346.44828242 1.00000000 0.09803922 0.13725490
v 167.90950161 -225.68540460 346.28527701 1.00000000 0.09803922 0.13725490
v 168.70933794 -225.12171617 346.54676531 1.00000000 0.09803922 0.13725490
v 159.21231653 -226.26876045 345.72405250 1.00000000 0.09803922 0.13725490
v 158.94599843 -226.45596773 346.77875328 1.00000000 0.09803922 0.13725490
v 159.27370218 -226.08097632 346.77261550 1.00000000 0.09803922 0.13725490
v 166.80556152 -226.31325393 345.78743271 1.00000000 0.09803922 0.13725490
v 167.05408909 -226.16880838 346.42407556 1.00000000 0.09803922 0.13725490
v 167.49753021 -225.90473844 346.03948880 1.00000000 0.09803922 0.13725490
v 158.72716534 -226.84209789 345.91806772 1.00000000 0.09803922 0.13725490
v 158.44564674 -226.95193176 346.52056960 1.00000000 0.09803922 0.13725490
v 158.55933028 -226.77894262 346.73409240 1.00000000 0.09803922 0.13725490
v 165.52857507 -227.00463232 345.57692748 1.00000000 0.09803922 0.13725490
v 165.90093351 -226.99431650 345.87477286 1.00000000 0.09803922 0.13725490
v 166.38625298 -226.79536724 346.29093074 1.00000000 0.09803922 0.13725490
v 166.74455767 -226.48945443 346.27601175 1.00000000 0.09803922 0.13725490
v 158.75999867 -227.22895279 346.55195525 1.00000000 0.09803922 0.13725490
v 159.23685740 -227.67273652 345.69823327 1.00000000 0.09803922 0.13725490
v 159.04974155 -227.61055578 346.78383319 1.00000000 0.09803922 0.13725490
v 162.77664465 -227.67003599 345.60000831 1.00000000 0.09803922 0.13725490
v 163.20702484 -227.66920369 345.76994958 1.00000000 0.09803922 0.13725490
v 163.89749892 -227.68162902 345.74772415 1.00000000 0.09803922 0.13725490
v 164.53169895 -227.68542437 345.82667897 1.00000000 0.09803922 0.13725490
v 165.03181662 -227.49287675 346.23040876 1.00000000 0.09803922 0.13725490
v 165.53238856 -227.21506296 346.20683164 1.00000000 0.09803922 0.13725490
v 165.96868318 -227.12536520 346.65779478 1.00000000 0.09803922 0.13725490
v 159.45742781 -227.94944683 346.58620845 1.00000000 0.09803922 0.13725490
v 159.87025446 -228.30874335 345.98789270 1.00000000 0.09803922 0.13725490
v 159.75057173 -228.31162915 346.71311053 1.00000000 0.09803922 0.13725490
v 160.43422220 -228.36748600 345.70965154 1.00000000 0.09803922 0.13725490
v 161.16266269 -228.37721256 345.72387155 1.00000000 0.09803922 0.13725490
v 161.81075936 -228.36234099 345.86197698 1.00000000 0.09803922 0.13725490
v 162.23778623 -228.22698908 346.11807464 1.00000000 0.09803922 0.13725490
v 162.62298313 -227.98294847 346.57090259 1.00000000 0.09803922 0.13725490
v 163.32781220 -227.85706939 346.77170676 1.00000000 0.09803922 0.13725490
v 164.07372096 -227.85459654 346.50634779 1.00000000 0.09803922 0.13725490
v 164.59925950 -227.80252388 346.58960616 1.00000000 0.09803922 0.13725490
v 160.08445075 -228.49602177 346.37394033 1.00000000 0.09803922 0.13725490
v 160.63612241 -228.53030189 346.47192781 1.00000000 0.09803922 0.13725490
v 161.33857692 -228.53196269 346.54769854 1.00000000 0.09803922 0.13725490
v 161.87954594 -228.48942401 346.63007919 1.00000000 0.09803922 0.13725490
v 164.08713800 -217.34378639 347.14729925 1.00000000 0.09803922 0.13725490
v 164.53969676 -217.35357684 347.33213036 1.00000000 0.09803922 0.13725490
v 165.23748678 -217.34989151 347.37762533 1.00000000 0.09803922 0.13725490
v 166.01854160 -217.38747916 347.15240298 1.00000000 0.09803922 0.13725490
v 163.34624979 -218.24353947 347.20862030 1.00000000 0.09803922 0.13725490
v 163.68189271 -217.94800233 347.69461086 1.00000000 0.09803922 0.13725490
v 164.17823805 -217.70589653 347.91820884 1.00000000 0.09803922 0.13725490
v 164.89359824 -217.70140359 348.14259831 1.00000000 0.09803922 0.13725490
v 165.58960302 -217.69073304 348.08509990 1.00000000 0.09803922 0.13725490
v 166.24046705 -217.80320296 347.73057948 1.00000000 0.09803922 0.13725490
v 166.77828331 -218.15227957 347.27158317 1.00000000 0.09803922 0.13725490
v 166.39097641 -218.28048888 348.04344748 1.00000000 0.09803922 0.13725490
v 169.65395227 -218.09811596 346.89754503 1.00000000 0.09803922 0.13725490
v 163.48603517 -218.91507828 347.32206291 1.00000000 0.09803922 0.13725490
v 163.75403422 -218.51637524 348.08504875 1.00000000 0.09803922 0.13725490
v 166.77287780 -218.57841052 347.66029858 1.00000000 0.09803922 0.13725490
v 166.56014993 -218.78676891 348.18357070 1.00000000 0.09803922 0.13725490
v 167.27525848 -218.61917206 347.24586130 1.00000000 0.09803922 0.13725490
v 167.98584156 -218.75331032 347.23994354 1.00000000 0.09803922 0.13725490
v 168.62571187 -218.73485321 347.40938711 1.00000000 0.09803922 0.13725490
v 169.13016030 -218.59365455 347.64397729 1.00000000 0.09803922 0.13725490
v 169.63667046 -218.47248544 347.60593650 1.00000000 0.09803922 0.13725490
v 170.13980939 -218.67134051 347.59245065 1.00000000 0.09803922 0.13725490
v 169.91841363 -218.85013194 348.16675431 1.00000000 0.09803922 0.13725490
v 170.70285909 -218.71604416 347.34007820 1.00000000 0.09803922 0.13725490
v 171.47278929 -218.77499475 347.09583441 1.00000000 0.09803922 0.13725490
v 163.36618947 -219.61788252 347.07735463 1.00000000 0.09803922 0.13725490
v 164.00787336 -218.94970084 347.94635107 1.00000000 0.09803922 0.13725490
v 164.15151145 -219.45791162 347.42742144 1.00000000 0.09803922 0.13725490
v 164.75816644 -219.58561646 347.63351862 1.00000000 0.09803922 0.13725490
v 164.51813137 -219.12221905 348.04216250 1.00000000 0.09803922 0.13725490
v 164.97679943 -219.36669484 348.15035641 1.00000000 0.09803922 0.13725490
v 167.00954878 -219.02808196 348.02534283 1.00000000 0.09803922 0.13725490
v 167.64198309 -219.10218640 347.99127816 1.00000000 0.09803922 0.13725490
v 168.33821727 -219.09322900 348.06004170 1.00000000 0.09803922 0.13725490
v 168.89364636 -218.96776709 348.16833324 1.00000000 0.09803922 0.13725490
v 170.42472071 -219.01174273 348.07773895 1.00000000 0.09803922 0.13725490
v 171.05828944 -219.08087614 347.99395409 1.00000000 0.09803922 0.13725490
v 171.69330102 -219.16747924 347.76793324 1.00000000 0.09803922 0.13725490
v 172.19556882 -219.35358007 347.58251544 1.00000000 0.09803922 0.13725490
v 171.96166495 -219.52555122 348.18966933 1.00000000 0.09803922 0.13725490
v 172.83778772 -219.44910603 347.11354026 1.00000000 0.09803922 0.13725490
v 160.34208578 -220.15687988 347.94602979 1.00000000 0.09803922 0.13725490
v 160.79310022 -219.88854543 347.62872327 1.00000000 0.09803922 0.13725490
v 161.34371430 -220.11333121 347.48076243 1.00000000 0.09803922 0.13725490
v 160.96200465 -220.05183494 348.01413294 1.00000000 0.09803922 0.13725490
v 162.01640840 -220.19191032 347.01850368 1.00000000 0.09803922 0.13725490
v 162.80387509 -220.12532082 347.01589811 1.00000000 0.09803922 0.13725490
v 163.51936505 -220.24247347 347.17511788 1.00000000 0.09803922 0.13725490
v 164.07811434 -220.14030620 347.21005506 1.00000000 0.09803922 0.13725490
v 164.68187869 -220.10421921 347.44052452 1.00000000 0.09803922 0.13725490
v 165.11707574 -219.91753581 347.98778677 1.00000000 0.09803922 0.13725490
v 172.47225027 -219.72386401 348.04825855 1.00000000 0.09803922 0.13725490
v 173.07398060 -219.86478300 347.76750373 1.00000000 0.09803922 0.13725490
v 173.58228926 -220.04528745 347.62030094 1.00000000 0.09803922 0.13725490
v 173.35285179 -220.23526648 348.21175736 1.00000000 0.09803922 0.13725490
v 174.24958569 -220.12145224 347.18847041 1.00000000 0.09803922 0.13725490
v 159.64093466 -220.87276578 347.98379694 1.00000000 0.09803922 0.13725490
v 159.97853892 -220.51385982 348.20409760 1.00000000 0.09803922 0.13725490
v 161.23245212 -220.41701179 348.19840364 1.00000000 0.09803922 0.13725490
v 161.66210332 -220.79389353 348.01501736 1.00000000 0.09803922 0.13725490
v 161.97019118 -220.70952722 347.49372437 1.00000000 0.09803922 0.13725490
v 162.69974042 -220.80081190 347.18649430 1.00000000 0.09803922 0.13725490
v 163.39418746 -220.81247324 347.20193521 1.00000000 0.09803922 0.13725490
v 163.96191418 -220.71050660 347.21987212 1.00000000 0.09803922 0.13725490
v 164.51578275 -220.82767806 347.48278083 1.00000000 0.09803922 0.13725490
v 165.05718787 -220.56498991 347.97994598 1.00000000 0.09803922 0.13725490
v 173.88036227 -220.39815570 348.10149824 1.00000000 0.09803922 0.13725490
v 174.49947867 -220.54122610 347.77620015 1.00000000 0.09803922 0.13725490
v 174.87577971 -220.91098021 347.17574610 1.00000000 0.09803922 0.13725490
v 174.53004539 -220.88965374 347.96076483 1.00000000 0.09803922 0.13725490
v 159.05737537 -221.52890357 347.52910565 1.00000000 0.09803922 0.13725490
v 159.27366782 -221.22515720 348.10447613 1.00000000 0.09803922 0.13725490
v 161.93655604 -221.14095768 348.14248816 1.00000000 0.09803922 0.13725490
v 162.35781318 -221.49001870 347.95102896 1.00000000 0.09803922 0.13725490
v 162.55843818 -221.31070630 347.50591476 1.00000000 0.09803922 0.13725490
v 163.20722020 -221.41073373 347.41823951 1.00000000 0.09803922 0.13725490
v 163.94613158 -221.34435784 347.47960596 1.00000000 0.09803922 0.13725490
v 164.46783890 -221.39017992 347.87786170 1.00000000 0.09803922 0.13725490
v 164.86454979 -221.09874551 348.08552286 1.00000000 0.09803922 0.13725490
v 173.73767710 -221.63804598 347.32019363 1.00000000 0.09803922 0.13725490
v 173.61488774 -221.28126090 348.20268926 1.00000000 0.09803922 0.13725490
v 173.28145025 -221.62082569 347.94613238 1.00000000 0.09803922 0.13725490
v 174.43108648 -221.29695669 347.34369928 1.00000000 0.09803922 0.13725490
v 174.11629525 -221.09537399 348.10414163 1.00000000 0.09803922 0.13725490
v 159.30406178 -221.82409259 348.20411855 1.00000000 0.09803922 0.13725490
v 159.20568188 -222.40645308 347.37199216 1.00000000 0.09803922 0.13725490
v 159.57321756 -222.20320529 348.32867309 1.00000000 0.09803922 0.13725490
v 162.75384756 -221.78167750 348.14403015 1.00000000 0.09803922 0.13725490
v 163.57991817 -221.85306949 347.94766697 1.00000000 0.09803922 0.13725490
v 164.15365676 -221.73664233 348.05748209 1.00000000 0.09803922 0.13725490
v 170.36258896 -222.13152360 347.58176871 1.00000000 0.09803922 0.13725490
v 170.25756921 -221.89267692 347.97293022 1.00000000 0.09803922 0.13725490
v 169.96316323 -222.24150461 348.09616539 1.00000000 0.09803922 0.13725490
v 170.94514392 -222.22115198 347.25562160 1.00000000 0.09803922 0.13725490
v 170.70957415 -221.80680517 347.98273569 1.00000000 0.09803922 0.13725490
v 171.75020457 -222.18855481 347.25343099 1.00000000 0.09803922 0.13725490
v 171.41707275 -221.82151724 347.98844448 1.00000000 0.09803922 0.13725490
v 172.44510262 -222.18726684 347.28384989 1.00000000 0.09803922 0.13725490
v 172.11173489 -221.85370382 348.01877642 1.00000000 0.09803922 0.13725490
v 173.05929454 -222.01884558 347.28246871 1.00000000 0.09803922 0.13725490
v 172.75485650 -221.79167452 348.03353904 1.00000000 0.09803922 0.13725490
v 159.21656335 -222.79513061 347.04343272 1.00000000 0.09803922 0.13725490
v 159.56190928 -222.71429173 347.81214469 1.00000000 0.09803922 0.13725490
v 170.33210672 -222.66221242 347.27256217 1.00000000 0.09803922 0.13725490
v 169.86291842 -223.00849376 348.02109073 1.00000000 0.09803922 0.13725490
v 160.04701163 -223.76521255 347.33162265 1.00000000 0.09803922 0.13725490
v 159.92139798 -223.17708104 347.98332174 1.00000000 0.09803922 0.13725490
v 160.33392763 -223.48108431 348.27112895 1.00000000 0.09803922 0.13725490
v 170.12535044 -223.53342762 347.13650438 1.00000000 0.09803922 0.13725490
v 169.76963958 -223.62283522 347.95445604 1.00000000 0.09803922 0.13725490
v 160.02010077 -224.40313115 346.96356712 1.00000000 0.09803922 0.13725490
v 160.67085132 -223.78223123 348.30341978 1.00000000 0.09803922 0.13725490
v 160.53031228 -224.24543197 347.53599752 1.00000000 0.09803922 0.13725490
v 161.00259812 -224.18721836 348.21787100 1.00000000 0.09803922 0.13725490
v 169.57148974 -224.25781278 347.30504840 1.00000000 0.09803922 0.13725490
v 169.55475248 -223.91225513 348.07652875 1.00000000 0.09803922 0.13725490
v 169.22842956 -224.23257137 348.06557475 1.00000000 0.09803922 0.13725490
v 160.01619145 -225.07566061 347.00477285 1.00000000 0.09803922 0.13725490
v 160.51421835 -224.87477774 347.39594240 1.00000000 0.09803922 0.13725490
v 161.01778033 -224.70024045 347.94945931 1.00000000 0.09803922 0.13725490
v 167.64070140 -224.91458477 347.62905595 1.00000000 0.09803922 0.13725490
v 167.42941757 -224.64685316 348.10965634 1.00000000 0.09803922 0.13725490
v 167.18371123 -225.10853751 348.01626505 1.00000000 0.09803922 0.13725490
v 168.24373827 -224.99298520 347.28257522 1.00000000 0.09803922 0.13725490
v 167.99039938 -224.57653244 347.99464829 1.00000000 0.09803922 0.13725490
v 168.95755991 -224.75443024 347.28271624 1.00000000 0.09803922 0.13725490
v 168.65735941 -224.53289827 348.01415226 1.00000000 0.09803922 0.13725490
v 160.00745704 -225.52061479 347.22224855 1.00000000 0.09803922 0.13725490
v 160.40920840 -225.47881987 347.52068631 1.00000000 0.09803922 0.13725490
v 160.94912146 -225.34964354 347.94223245 1.00000000 0.09803922 0.13725490
v 167.49892486 -225.56565328 347.13860451 1.00000000 0.09803922 0.13725490
v 167.03018542 -225.67090301 347.91717968 1.00000000 0.09803922 0.13725490
v 159.22749125 -226.25948924 347.32850189 1.00000000 0.09803922 0.13725490
v 159.59011666 -226.25563978 348.05643106 1.00000000 0.09803922 0.13725490
v 160.09430652 -225.92062532 347.85624469 1.00000000 0.09803922 0.13725490
v 160.68784104 -225.82370484 348.09582265 1.00000000 0.09803922 0.13725490
v 166.81636662 -226.29350793 347.29035350 1.00000000 0.09803922 0.13725490
v 166.80716008 -225.96399347 348.05558771 1.00000000 0.09803922 0.13725490
v 166.48836343 -226.27843474 348.05961641 1.00000000 0.09803922 0.13725490
v 158.50578310 -226.95463937 346.92792984 1.00000000 0.09803922 0.13725490
v 158.85654905 -226.88254542 347.53632920 1.00000000 0.09803922 0.13725490
v 159.22346302 -226.58528286 348.04524749 1.00000000 0.09803922 0.13725490
v 165.52364001 -227.13180578 347.26217291 1.00000000 0.09803922 0.13725490
v 165.50827956 -226.75615070 348.02685062 1.00000000 0.09803922 0.13725490
v 165.11675474 -226.99526275 348.02211407 1.00000000 0.09803922 0.13725490
v 166.22250703 -226.81671713 347.30488531 1.00000000 0.09803922 0.13725490
v 165.92968917 -226.60665363 348.04334919 1.00000000 0.09803922 0.13725490
v 159.22785640 -227.66492275 347.34944171 1.00000000 0.09803922 0.13725490
v 159.21235857 -227.30100462 348.07692798 1.00000000 0.09803922 0.13725490
v 159.56739173 -227.66199651 348.05557406 1.00000000 0.09803922 0.13725490
v 163.61740836 -227.68076885 347.34055932 1.00000000 0.09803922 0.13725490
v 163.43067549 -227.41694828 347.97917370 1.00000000 0.09803922 0.13725490
v 163.13609364 -227.61687992 347.90142204 1.00000000 0.09803922 0.13725490
v 164.24409524 -227.67953453 347.24017220 1.00000000 0.09803922 0.13725490
v 163.87813399 -227.35320416 347.99273403 1.00000000 0.09803922 0.13725490
v 164.84575530 -227.50688302 347.24267619 1.00000000 0.09803922 0.13725490
v 164.52732969 -227.26791353 348.00206928 1.00000000 0.09803922 0.13725490
v 160.15276913 -228.36497479 347.14088844 1.00000000 0.09803922 0.13725490
v 159.83045369 -228.01760193 347.62927932 1.00000000 0.09803922 0.13725490
v 160.81647169 -228.37101420 347.29156427 1.00000000 0.09803922 0.13725490
v 160.43316617 -228.01680237 348.03844572 1.00000000 0.09803922 0.13725490
v 161.52854190 -228.37442062 347.29332876 1.00000000 0.09803922 0.13725490
v 161.14550127 -228.02510155 348.06700224 1.00000000 0.09803922 0.13725490
v 162.09200978 -228.31841983 347.02022237 1.00000000 0.09803922 0.13725490
v 161.95503540 -228.03645772 347.85828508 1.00000000 0.09803922 0.13725490
v 162.65033093 -227.86636210 347.82673046 1.00000000 0.09803922 0.13725490
v 164.14401759 -218.26962468 348.53890131 1.00000000 0.09803922 0.13725490
v 164.73939044 -218.15542456 348.68082700 1.00000000 0.09803922 0.13725490
v 165.41299107 -218.11398268 348.66843715 1.00000000 0.09803922 0.13725490
v 165.93888216 -218.04447009 348.44069676 1.00000000 0.09803922 0.13725490
v 164.20439958 -218.71988854 348.46389209 1.00000000 0.09803922 0.13725490
v 164.76772420 -218.78805665 348.64889244 1.00000000 0.09803922 0.13725490
v 165.41189836 -218.72614713 348.84900771 1.00000000 0.09803922 0.13725490
v 166.07804618 -218.65248052 348.64861792 1.00000000 0.09803922 0.13725490
v 169.45975142 -218.97663132 348.42634917 1.00000000 0.09803922 0.13725490
v 165.44013436 -219.49066454 348.62656504 1.00000000 0.09803922 0.13725490
v 166.09860991 -219.40596296 348.82108825 1.00000000 0.09803922 0.13725490
v 166.75521864 -219.38801184 348.60993054 1.00000000 0.09803922 0.13725490
v 167.48383843 -219.53938806 348.54648837 1.00000000 0.09803922 0.13725490
v 168.18686205 -219.54123797 348.55523835 1.00000000 0.09803922 0.13725490
v 168.95104670 -219.43504417 348.61149510 1.00000000 0.09803922 0.13725490
v 169.63034895 -219.54007619 348.76245646 1.00000000 0.09803922 0.13725490
v 170.16640186 -219.38758076 348.63583558 1.00000000 0.09803922 0.13725490
v 170.89937626 -219.48968445 348.58783448 1.00000000 0.09803922 0.13725490
v 171.52590597 -219.52166419 348.47994744 1.00000000 0.09803922 0.13725490
v 160.72909508 -220.11250588 348.36181888 1.00000000 0.09803922 0.13725490
v 165.53736849 -220.28251920 348.53111327 1.00000000 0.09803922 0.13725490
v 166.12551971 -220.11951831 348.78716743 1.00000000 0.09803922 0.13725490
v 166.79912438 -220.11509385 348.78492074 1.00000000 0.09803922 0.13725490
v 167.47636245 -220.12553792 348.74466092 1.00000000 0.09803922 0.13725490
v 168.14897802 -220.14069103 348.75023310 1.00000000 0.09803922 0.13725490
v 168.83986285 -220.11411975 348.76914244 1.00000000 0.09803922 0.13725490
v 169.42975841 -219.99028040 348.79669854 1.00000000 0.09803922 0.13725490
v 170.03004478 -220.13074204 349.00590299 1.00000000 0.09803922 0.13725490
v 170.83158962 -220.10253249 349.01137180 1.00000000 0.09803922 0.13725490
v 171.56483859 -220.11579015 348.83041226 1.00000000 0.09803922 0.13725490
v 172.21956441 -220.07791258 348.66918823 1.00000000 0.09803922 0.13725490
v 172.90486896 -220.21632578 348.51201722 1.00000000 0.09803922 0.13725490
v 159.92899063 -220.76650209 348.86834334 1.00000000 0.09803922 0.13725490
v 160.28892354 -220.75928492 349.60303130 1.00000000 0.09803922 0.13725490
v 160.73386976 -220.49344794 349.12916699 1.00000000 0.09803922 0.13725490
v 161.31036207 -220.78508387 348.79152379 1.00000000 0.09803922 0.13725490
v 160.97305423 -220.76940250 349.56842576 1.00000000 0.09803922 0.13725490
v 165.42507714 -221.00331478 348.55769074 1.00000000 0.09803922 0.13725490
v 166.13584107 -220.80805094 348.73793470 1.00000000 0.09803922 0.13725490
v 166.82764225 -220.80778603 348.73619554 1.00000000 0.09803922 0.13725490
v 167.51411587 -220.82059280 348.72920731 1.00000000 0.09803922 0.13725490
v 168.06430629 -220.71217637 348.76052609 1.00000000 0.09803922 0.13725490
v 168.67694476 -220.86043858 348.95400569 1.00000000 0.09803922 0.13725490
v 169.40920594 -220.64743283 349.07800946 1.00000000 0.09803922 0.13725490
v 169.89818443 -220.78738359 349.56041646 1.00000000 0.09803922 0.13725490
v 170.48663203 -220.49611384 349.55932611 1.00000000 0.09803922 0.13725490
v 170.98272154 -220.55691142 349.46286625 1.00000000 0.09803922 0.13725490
v 171.08891864 -220.87621346 349.45453561 1.00000000 0.09803922 0.13725490
v 171.52683903 -220.83884787 348.98398191 1.00000000 0.09803922 0.13725490
v 172.29096857 -220.79138393 348.84986276 1.00000000 0.09803922 0.13725490
v 172.84648712 -220.68413393 348.81837080 1.00000000 0.09803922 0.13725490
v 173.54500470 -220.76203300 348.55510222 1.00000000 0.09803922 0.13725490
v 174.19032300 -220.73358656 348.35790545 1.00000000 0.09803922 0.13725490
v 159.22684613 -221.45308274 348.43024530 1.00000000 0.09803922 0.13725490
v 159.58383483 -221.38483760 349.06889212 1.00000000 0.09803922 0.13725490
v 159.93546439 -221.10602828 349.59562978 1.00000000 0.09803922 0.13725490
v 161.32095090 -221.13005543 349.60199283 1.00000000 0.09803922 0.13725490
v 162.03659626 -221.48757063 348.73055880 1.00000000 0.09803922 0.13725490
v 161.71023711 -221.55922810 349.65660176 1.00000000 0.09803922 0.13725490
v 164.81748277 -221.64420463 348.47795938 1.00000000 0.09803922 0.13725490
v 165.53878251 -221.60819719 348.72341676 1.00000000 0.09803922 0.13725490
v 166.11388330 -221.48116023 348.74979816 1.00000000 0.09803922 0.13725490
v 166.80258156 -221.47478296 348.72073420 1.00000000 0.09803922 0.13725490
v 167.49294699 -221.51629063 348.71635086 1.00000000 0.09803922 0.13725490
v 168.17201044 -221.43133033 348.91586164 1.00000000 0.09803922 0.13725490
v 168.64662390 -221.48141031 349.40039278 1.00000000 0.09803922 0.13725490
v 169.09360691 -221.21638707 349.52726233 1.00000000 0.09803922 0.13725490
v 169.49305444 -221.05794812 349.55892478 1.00000000 0.09803922 0.13725490
v 169.81027966 -221.56290176 349.46103191 1.00000000 0.09803922 0.13725490
v 170.28023040 -221.59460549 348.78502459 1.00000000 0.09803922 0.13725490
v 170.15581092 -221.24090103 349.67648881 1.00000000 0.09803922 0.13725490
v 171.09880953 -221.35002512 348.79274715 1.00000000 0.09803922 0.13725490
v 170.68249840 -221.07169198 349.56645567 1.00000000 0.09803922 0.13725490
v 171.72393106 -221.48825106 348.54495778 1.00000000 0.09803922 0.13725490
v 172.29055193 -221.41039980 348.60202222 1.00000000 0.09803922 0.13725490
v 173.01401411 -221.26727608 348.57338428 1.00000000 0.09803922 0.13725490
v 159.93652506 -222.38621410 348.93689343 1.00000000 0.09803922 0.13725490
v 159.94011670 -221.81818845 349.63273274 1.00000000 0.09803922 0.13725490
v 160.30028279 -222.15881317 349.89770257 1.00000000 0.09803922 0.13725490
v 162.19649740 -221.86996570 349.17281237 1.00000000 0.09803922 0.13725490
v 162.72599851 -222.27495870 348.81604141 1.00000000 0.09803922 0.13725490
v 162.28832270 -222.37964252 349.49264265 1.00000000 0.09803922 0.13725490
v 163.36505575 -222.28461264 348.49067934 1.00000000 0.09803922 0.13725490
v 164.14323905 -222.20438657 348.52048744 1.00000000 0.09803922 0.13725490
v 164.83986163 -222.28553937 348.72267603 1.00000000 0.09803922 0.13725490
v 165.32008438 -222.07066085 348.74598383 1.00000000 0.09803922 0.13725490
v 165.91557843 -222.17807853 348.93447957 1.00000000 0.09803922 0.13725490
v 166.61961571 -222.06551278 348.95473344 1.00000000 0.09803922 0.13725490
v 167.29872015 -222.09522674 348.93700876 1.00000000 0.09803922 0.13725490
v 167.93701297 -222.10158283 349.07579162 1.00000000 0.09803922 0.13725490
v 168.45767933 -221.97056973 349.52982124 1.00000000 0.09803922 0.13725490
v 169.66246531 -222.01064530 349.00760608 1.00000000 0.09803922 0.13725490
v 169.40668246 -221.86831931 349.67892560 1.00000000 0.09803922 0.13725490
v 169.23462730 -222.39036146 349.59700235 1.00000000 0.09803922 0.13725490
v 159.91838282 -222.76562626 348.59029364 1.00000000 0.09803922 0.13725490
v 160.29513717 -222.70021108 349.39225067 1.00000000 0.09803922 0.13725490
v 162.67378354 -222.69379848 349.14781628 1.00000000 0.09803922 0.13725490
v 162.45115562 -222.89322568 349.65631301 1.00000000 0.09803922 0.13725490
v 163.16626796 -222.74994301 348.94525316 1.00000000 0.09803922 0.13725490
v 163.83837095 -222.76330100 348.92674095 1.00000000 0.09803922 0.13725490
v 164.55114531 -222.76711214 348.96459388 1.00000000 0.09803922 0.13725490
v 165.29317157 -222.67781474 349.03244494 1.00000000 0.09803922 0.13725490
v 165.82023872 -222.74276478 349.40356143 1.00000000 0.09803922 0.13725490
v 166.34746398 -222.56624951 349.50763222 1.00000000 0.09803922 0.13725490
v 166.99843609 -222.52503860 349.52582012 1.00000000 0.09803922 0.13725490
v 167.67326328 -222.55073020 349.55438649 1.00000000 0.09803922 0.13725490
v 168.22290410 -222.42651429 349.68426116 1.00000000 0.09803922 0.13725490
v 169.53941235 -222.67119707 348.80304800 1.00000000 0.09803922 0.13725490
v 169.19836122 -223.04416740 349.56628666 1.00000000 0.09803922 0.13725490
v 160.62340572 -223.51400048 348.81512660 1.00000000 0.09803922 0.13725490
v 160.48504325 -223.23309867 349.13082094 1.00000000 0.09803922 0.13725490
v 160.89233143 -223.48246580 349.40817922 1.00000000 0.09803922 0.13725490
v 162.90959321 -223.12985342 349.52017312 1.00000000 0.09803922 0.13725490
v 163.53997293 -223.19161942 349.49629822 1.00000000 0.09803922 0.13725490
v 164.22439420 -223.20459102 349.50957294 1.00000000 0.09803922 0.13725490
v 164.91876252 -223.19231532 349.53707292 1.00000000 0.09803922 0.13725490
v 165.48444443 -223.08636793 349.63590295 1.00000000 0.09803922 0.13725490
v 169.45447354 -223.52180946 348.65796037 1.00000000 0.09803922 0.13725490
v 169.10248983 -223.61127018 349.45835406 1.00000000 0.09803922 0.13725490
v 161.51965230 -224.38448536 348.70058441 1.00000000 0.09803922 0.13725490
v 161.24097130 -223.85698828 349.10830423 1.00000000 0.09803922 0.13725490
v 162.02495761 -224.36015926 349.13318925 1.00000000 0.09803922 0.13725490
v 161.79709411 -223.92166018 349.51669984 1.00000000 0.09803922 0.13725490
v 162.24250562 -224.14363743 349.65640577 1.00000000 0.09803922 0.13725490
v 166.98388057 -224.21319800 349.13993112 1.00000000 0.09803922 0.13725490
v 166.74187664 -223.98235489 349.68141395 1.00000000 0.09803922 0.13725490
v 166.52632179 -224.44043796 349.55218672 1.00000000 0.09803922 0.13725490
v 167.57405252 -224.27937181 348.74700272 1.00000000 0.09803922 0.13725490
v 167.29851099 -223.86847618 349.55536026 1.00000000 0.09803922 0.13725490
v 168.36292965 -224.23832189 348.76739577 1.00000000 0.09803922 0.13725490
v 168.00579087 -223.88942965 349.55064481 1.00000000 0.09803922 0.13725490
v 168.97485342 -224.06557751 348.80016380 1.00000000 0.09803922 0.13725490
v 168.66168585 -223.84548483 349.57898882 1.00000000 0.09803922 0.13725490
v 161.44976681 -225.09666796 348.44399960 1.00000000 0.09803922 0.13725490
v 161.94876195 -224.89748403 348.94459341 1.00000000 0.09803922 0.13725490
v 162.36305792 -224.69038293 349.51766624 1.00000000 0.09803922 0.13725490
v 166.93914394 -224.71512885 348.75872695 1.00000000 0.09803922 0.13725490
v 166.47211877 -225.09062187 349.51477435 1.00000000 0.09803922 0.13725490
v 161.18806697 -225.74676390 348.51060685 1.00000000 0.09803922 0.13725490
v 161.77204734 -225.63723970 348.99739661 1.00000000 0.09803922 0.13725490
v 162.36790060 -225.49365229 349.83947159 1.00000000 0.09803922 0.13725490
v 166.72086786 -225.56263181 348.63231470 1.00000000 0.09803922 0.13725490
v 166.37241657 -225.64475975 349.42815788 1.00000000 0.09803922 0.13725490
v 160.00904646 -226.27854560 348.64369431 1.00000000 0.09803922 0.13725490
v 160.56898971 -226.21906046 348.78647812 1.00000000 0.09803922 0.13725490
v 161.26075871 -226.18588374 349.07577026 1.00000000 0.09803922 0.13725490
v 161.71834999 -226.18190887 349.43718131 1.00000000 0.09803922 0.13725490
v 162.07064233 -225.99039686 349.78044442 1.00000000 0.09803922 0.13725490
v 165.52975038 -226.43515681 348.80355576 1.00000000 0.09803922 0.13725490
v 165.41815996 -226.09078975 349.67280822 1.00000000 0.09803922 0.13725490
v 165.07838990 -226.40548641 349.42875251 1.00000000 0.09803922 0.13725490
v 166.22044665 -226.09954921 348.79858805 1.00000000 0.09803922 0.13725490
v 165.92930423 -225.90670435 349.56664962 1.00000000 0.09803922 0.13725490
v 159.21786688 -226.93360938 348.51695564 1.00000000 0.09803922 0.13725490
v 159.58750976 -226.87485976 349.10634713 1.00000000 0.09803922 0.13725490
v 160.10653468 -226.62211588 349.41923071 1.00000000 0.09803922 0.13725490
v 160.82646266 -226.61055554 349.59558158 1.00000000 0.09803922 0.13725490
v 161.40470613 -226.51710243 349.66376806 1.00000000 0.09803922 0.13725490
v 163.45430113 -227.11883865 348.76213535 1.00000000 0.09803922 0.13725490
v 163.45132483 -226.71315759 349.55286755 1.00000000 0.09803922 0.13725490
v 163.04706966 -226.95581776 349.57197960 1.00000000 0.09803922 0.13725490
v 164.22022281 -226.96672009 348.77929602 1.00000000 0.09803922 0.13725490
v 163.89565001 -226.63427935 349.54510087 1.00000000 0.09803922 0.13725490
v 164.85585460 -226.79607155 348.77797921 1.00000000 0.09803922 0.13725490
v 164.55374003 -226.55921062 349.52256955 1.00000000 0.09803922 0.13725490
v 160.13847019 -227.64862972 348.75355158 1.00000000 0.09803922 0.13725490
v 159.83798766 -227.30467196 349.24592937 1.00000000 0.09803922 0.13725490
v 160.80104739 -227.64386875 348.89712110 1.00000000 0.09803922 0.13725490
v 160.45021892 -227.30274291 349.65336261 1.00000000 0.09803922 0.13725490
v 161.50588196 -227.66927420 348.84225832 1.00000000 0.09803922 0.13725490
v 161.12334122 -227.29953084 349.62246502 1.00000000 0.09803922 0.13725490
v 162.19057435 -227.66656362 348.79531783 1.00000000 0.09803922 0.13725490
v 161.82833497 -227.32384554 349.57295523 1.00000000 0.09803922 0.13725490
v 162.79161245 -227.48035088 348.76577700 1.00000000 0.09803922 0.13725490
v 162.47705532 -227.25694761 349.58095941 1.00000000 0.09803922 0.13725490
v 160.74585609 -220.81993184 350.00508121 1.00000000 0.09803922 0.13725490
v 170.28777343 -220.90826325 349.90898015 1.00000000 0.09803922 0.13725490
v 170.76675576 -220.72945560 349.81437855 1.00000000 0.09803922 0.13725490
v 159.94753754 -221.45601768 350.06199777 1.00000000 0.09803922 0.13725490
v 160.29748778 -221.37664604 350.63690023 1.00000000 0.09803922 0.13725490
v 160.75269161 -221.19708799 350.72833044 1.00000000 0.09803922 0.13725490
v 161.23774148 -221.62121287 350.41341119 1.00000000 0.09803922 0.13725490
v 160.81589167 -221.58139938 351.05425764 1.00000000 0.09803922 0.13725490
v 168.87769210 -221.67152901 349.87828184 1.00000000 0.09803922 0.13725490
v 169.53665180 -221.37780297 349.89018437 1.00000000 0.09803922 0.13725490
v 160.81869824 -222.19202612 350.43222585 1.00000000 0.09803922 0.13725490
v 160.49903812 -221.75274651 350.78143584 1.00000000 0.09803922 0.13725490
v 161.41950930 -222.23566672 350.37868250 1.00000000 0.09803922 0.13725490
v 161.80917550 -222.01246328 349.98784108 1.00000000 0.09803922 0.13725490
v 168.83906376 -222.18869218 350.00394365 1.00000000 0.09803922 0.13725490
v 160.83457651 -222.97477527 350.02293153 1.00000000 0.09803922 0.13725490
v 161.36623901 -222.83944125 350.36577497 1.00000000 0.09803922 0.13725490
v 161.98449508 -222.75507702 350.13383892 1.00000000 0.09803922 0.13725490
v 166.07696784 -223.09736773 350.02931490 1.00000000 0.09803922 0.13725490
v 166.81494011 -222.96349669 350.08123191 1.00000000 0.09803922 0.13725490
v 167.52016800 -222.96816502 350.10300698 1.00000000 0.09803922 0.13725490
v 168.26876653 -222.86774451 350.14169402 1.00000000 0.09803922 0.13725490
v 168.86339029 -222.77615472 350.08803312 1.00000000 0.09803922 0.13725490
v 161.36971693 -223.43571384 349.99702773 1.00000000 0.09803922 0.13725490
v 162.03272991 -223.54664956 350.13329186 1.00000000 0.09803922 0.13725490
v 162.65138963 -223.49027260 350.09269403 1.00000000 0.09803922 0.13725490
v 163.36859667 -223.62338061 350.05758997 1.00000000 0.09803922 0.13725490
v 164.04998674 -223.64121987 350.06062131 1.00000000 0.09803922 0.13725490
v 164.74451538 -223.65046109 350.07888891 1.00000000 0.09803922 0.13725490
v 165.50384811 -223.54456340 350.13260288 1.00000000 0.09803922 0.13725490
v 166.09809525 -223.52807321 350.29876904 1.00000000 0.09803922 0.13725490
v 166.69584001 -223.52495991 350.13574502 1.00000000 0.09803922 0.13725490
v 167.46586249 -223.44252005 350.10983064 1.00000000 0.09803922 0.13725490
v 168.16781124 -223.45318774 350.13567745 1.00000000 0.09803922 0.13725490
v 168.77144983 -223.33022258 350.04642669 1.00000000 0.09803922 0.13725490
v 162.69280565 -224.27981237 350.08291103 1.00000000 0.09803922 0.13725490
v 163.35559326 -224.21611891 350.29359988 1.00000000 0.09803922 0.13725490
v 164.04558336 -224.22530289 350.31197685 1.00000000 0.09803922 0.13725490
v 164.73546933 -224.24229266 350.33164197 1.00000000 0.09803922 0.13725490
v 165.42427974 -224.21047243 350.31906266 1.00000000 0.09803922 0.13725490
v 166.14575997 -224.01224989 350.14780479 1.00000000 0.09803922 0.13725490
v 162.80553188 -225.06965239 350.07420361 1.00000000 0.09803922 0.13725490
v 163.38477701 -224.92326107 350.29728179 1.00000000 0.09803922 0.13725490
v 164.06717428 -224.90845807 350.34655635 1.00000000 0.09803922 0.13725490
v 164.76480765 -224.92574439 350.34398263 1.00000000 0.09803922 0.13725490
v 165.45082870 -224.90802886 350.32691362 1.00000000 0.09803922 0.13725490
v 166.04039852 -224.72964735 350.10959524 1.00000000 0.09803922 0.13725490
v 162.88199688 -225.65414657 350.31599533 1.00000000 0.09803922 0.13725490
v 163.40102460 -225.60267611 350.29936387 1.00000000 0.09803922 0.13725490
v 164.08940963 -225.57921081 350.30694795 1.00000000 0.09803922 0.13725490
v 164.67480607 -225.49189977 350.30357381 1.00000000 0.09803922 0.13725490
v 165.38688928 -225.60347221 350.14578844 1.00000000 0.09803922 0.13725490
v 166.04140461 -225.38295330 350.00664011 1.00000000 0.09803922 0.13725490
v 162.04590384 -226.51403861 350.22633567 1.00000000 0.09803922 0.13725490
v 162.42386071 -226.14318077 350.67982575 1.00000000 0.09803922 0.13725490
v 162.76308182 -226.02768722 350.77699144 1.00000000 0.09803922 0.13725490
v 162.87932257 -226.38202247 351.00725136 1.00000000 0.09803922 0.13725490
v 163.27370862 -226.30877820 350.27141347 1.00000000 0.09803922 0.13725490
v 164.06344280 -226.17357299 350.10012614 1.00000000 0.09803922 0.13725490
v 164.81589766 -226.06062722 350.03807813 1.00000000 0.09803922 0.13725490
v 160.09308562 -227.01610543 349.89514143 1.00000000 0.09803922 0.13725490
v 160.62955326 -226.96750918 349.98011239 1.00000000 0.09803922 0.13725490
v 161.39993801 -226.90848160 349.97651218 1.00000000 0.09803922 0.13725490
v 162.11523615 -226.98513621 350.07476646 1.00000000 0.09803922 0.13725490
v 162.59862623 -226.45648734 350.99063344 1.00000000 0.09803922 0.13725490
v 162.69255609 -226.74026230 350.37559712 1.00000000 0.09803922 0.13725490
v 160.63083137 -221.45513582 351.28342664 1.00000000 0.09803922 0.13725490
v 162.70786323 -226.27583371 351.23589709 1.00000000 0.09803922 0.13725490
vn -0.34357316 -0.39900960 0.85014636
vn 0.18464698 -0.71863725 0.67042226
vn -0.20414508 -0.83875119 0.50479820
vn -0.58616901 -0.55454466 0.59066582
vn 0.24076562 -0.52354520 0.81727128
vn 0.47243615 -0.73387872 0.48808412
vn 0.41319872 -0.75307280 0.51200408
vn 0.33780982 -0.70591624 0.62254863
vn -0.12144197 -0.03800256 0.99187078
vn -0.41944636 0.39953977 0.81512743
vn -0.74109828 0.15272114 0.65379629
vn 0.29932522 -0.55459752 0.77641871
vn 0.43635079 -0.74745622 0.50090637
vn 0.38127717 -0.80121710 0.46117120
vn 0.33112251 -0.80410067 0.49374081
vn 0.09619085 -0.42487947 0.90012485
vn -0.40465124 0.09702401 0.90930947
vn -0.65409707 0.44808088 0.60941000
vn -0.42222357 0.64061550 0.64135719
vn -0.52755690 0.59329647 0.60801564
vn 0.02080238 0.00184386 0.99978191
vn 0.66560696 0.46521074 0.58356349
vn 0.45043025 -0.61225680 0.64981089
vn -0.67696081 -0.43164558 0.59615951
vn 0.46969921 0.04981673 0.88141984
vn 0.88137212 -0.08019348 0.46556652
vn 0.52287064 -0.68304825 0.50995233
vn 0.29634102 -0.78295082 0.54696436
vn 0.45582720 -0.08285675 0.88620332
vn 0.23553468 0.07589023 0.96889839
vn -0.14661511 0.01020332 0.98914099
vn -0.58934977 0.12864970 0.79756887
vn -0.76796643 0.24096731 0.59343266
vn -0.38964213 0.70307376 0.59486663
vn 0.58837508 0.63959746 0.49470178
vn 0.47128365 0.63141055 0.61580228
vn 0.34531609 0.63583341 0.69027000
vn 0.35471374 0.81966670 0.44980514
vn 0.02972574 0.63692853 0.77034955
vn -0.47309803 0.49449304 0.72914668
vn -0.73593731 0.40341119 0.54374230
vn 0.27782644 0.85371620 0.44043287
vn -0.05019772 0.85251540 0.52028615
vn -0.52495884 0.71046102 0.46868257
vn 0.18646971 -0.65284867 0.73417822
vn 0.70626788 -0.44459515 0.55092724
vn -0.02264692 -0.85755371 0.51389567
vn -0.38792324 -0.81451147 0.43137759
vn 0.51842783 -0.38879502 0.76162393
vn 0.82680437 -0.19919618 0.52603747
vn -0.40596620 -0.76467467 0.50046388
vn -0.15883856 -0.70041340 0.69583862
vn -0.41678047 -0.81101633 0.41054422
vn -0.25964929 -0.82248434 0.50606497
vn -0.38917060 -0.83052580 0.39846346
vn 0.59344210 -0.59904156 0.53756459
vn 0.71454237 -0.51589621 0.47252546
vn 0.19585057 -0.72848751 0.65646668
vn -0.40006932 -0.78922462 0.46590668
vn -0.47206354 -0.48869867 0.73370950
vn -0.21403566 -0.84316796 0.49321042
vn -0.26550005 -0.61385526 0.74343220
vn -0.37253691 -0.80034143 0.46975510
vn -0.53322279 -0.47470513 0.70023460
vn -0.74786571 -0.48722171 0.45090119
vn 0.40095458 -0.84488856 0.35411686
vn 0.41267661 -0.82849703 0.37853757
vn 0.37845933 -0.82543276 0.41884280
vn 0.45662401 -0.76964300 0.44625573
vn 0.49696702 -0.78875465 0.36178706
vn -0.37125399 0.18195598 0.91052869
vn -0.21321818 -0.43819109 0.87322768
vn -0.60579248 -0.20137858 0.76971562
vn -0.85728503 -0.11836433 0.50105116
vn 0.49115813 -0.78299073 0.38169256
vn 0.56069457 -0.74145824 0.36859365
vn 0.39549932 -0.84074786 0.36976117
vn 0.34111115 -0.86133568 0.37648908
vn 0.39349973 -0.84096905 0.37138797
vn -0.57918312 0.40840519 0.70551549
vn -0.26952990 0.49198030 0.82783393
vn 0.35409359 0.24419972 0.90276477
vn -0.67011984 0.11656764 0.73304255
vn -0.85390277 -0.14812587 0.49890760
vn 0.84165734 -0.18697396 0.50660996
vn 0.92339368 -0.11450389 0.36637817
vn 0.72572420 -0.56994453 0.38534091
vn -0.65652522 0.27539091 0.70223535
vn -0.37780506 0.37632828 0.84595529
vn -0.12667744 0.59739024 0.79188240
vn 0.02945653 0.75610627 0.65378561
vn -0.15629931 0.66196567 0.73305659
vn -0.77109625 -0.41941387 0.47906428
vn -0.60181407 0.25585287 0.75654421
vn -0.75594526 -0.20065657 0.62312415
vn 0.80857934 0.45534482 0.37263997
vn 0.50325594 0.76787676 0.39635684
vn 0.57811493 0.74876559 0.32424253
vn 0.38730369 0.83497212 0.39091867
vn -0.61295149 0.50594521 0.60688542
vn -0.46084416 0.56778339 0.68208847
vn -0.35069207 0.68799589 0.63535560
vn -0.13509743 0.76009872 0.63560886
vn -0.00148935 0.80579587 0.59219152
vn -0.15036709 0.77495738 0.61386546
vn -0.54130133 0.52687410 0.65528356
vn 0.44833298 0.84113128 0.30248256
vn 0.39753338 0.83755232 0.37479770
vn 0.34817328 0.85026493 0.39474665
vn 0.40707082 0.83203170 0.37685091
vn 0.12164348 0.90681368 0.40359858
vn -0.24384635 0.89411566 0.37562766
vn -0.49429457 0.75497574 0.43091125
vn -0.48740698 0.67706903 0.55137280
vn -0.42895380 0.63214137 0.64528748
vn 0.30262630 0.87066533 0.38776179
vn -0.04872237 0.91973840 0.38949635
vn -0.28623584 0.86808720 0.40557817
vn 0.27353078 -0.84253319 0.46402449
vn 0.49772587 -0.78375221 0.37148544
vn -0.25695827 -0.88918928 0.37856951
vn -0.47657356 -0.79681789 0.37142818
vn 0.77323691 -0.47696582 0.41786156
vn 0.83980846 -0.39407695 0.37339672
vn 0.77374687 -0.54079634 0.32993196
vn -0.49149633 -0.81075802 0.31796664
vn -0.39717211 -0.84157657 0.36606445
vn -0.35337037 -0.90564800 0.23437383
vn -0.41845096 -0.83938622 0.34688552
vn -0.39401839 -0.85940737 0.32583506
vn 0.81419392 -0.30811990 0.49208778
vn 0.83292960 -0.40031239 0.38207103
vn -0.34973012 -0.85312051 0.38713594
vn -0.23592375 -0.88765175 0.39549254
vn -0.16806445 -0.90257441 0.39637580
vn -0.12137626 -0.90200760 0.41430676
vn -0.34449731 -0.86897483 0.35525252
vn -0.32351781 -0.85264888 0.41027565
vn -0.56166342 -0.75378064 0.34109962
vn 0.60730248 -0.65873261 0.44413404
vn 0.67381050 -0.69089932 0.26198768
vn 0.81984047 -0.46692758 0.33142155
vn 0.68635920 -0.41525324 0.59705594
vn -0.73962336 -0.56792696 0.36113190
vn -0.89698886 -0.20444905 0.39193313
vn -0.86887980 -0.33080430 0.36826133
vn 0.46761865 -0.84869983 0.24706558
vn 0.62700882 -0.77896046 -0.00897430
vn 0.56010596 -0.82575417 0.06641808
vn 0.51857924 -0.83507545 0.18364250
vn 0.44785821 -0.83699337 0.31442824
vn -0.90889195 -0.08850195 0.40753262
vn -0.89520701 -0.12713800 0.42713036
vn 0.68087940 -0.70764911 0.18877496
vn 0.72369671 -0.68601649 -0.07512960
vn 0.65337568 -0.75501705 -0.05522209
vn -0.85730987 -0.31894273 0.40409815
vn -0.80513332 -0.36156940 0.47013605
vn 0.95590783 -0.12727644 0.26465246
vn 0.97581369 0.10547020 0.19147763
vn 0.75468956 -0.65050759 -0.08534367
vn -0.59940728 -0.60448357 0.52470042
vn -0.53131304 -0.09055136 0.84232233
vn -0.23536191 -0.80694169 0.54171015
vn -0.12554827 -0.50903835 0.85153837
vn -0.29399097 -0.83741536 0.46076547
vn -0.23360578 -0.57429016 0.78461401
vn -0.37028136 -0.83343714 0.41021245
vn 0.74910908 0.66173909 0.03060988
vn 0.67632101 0.71497525 0.17720124
vn 0.73240385 0.67461424 -0.09208819
vn -0.22216299 0.56606116 0.79386294
vn -0.03841430 0.58765793 0.80819707
vn -0.07924229 0.61846268 0.78180852
vn -0.35255678 0.61396648 0.70622155
vn -0.38919163 0.54352506 0.74371391
vn -0.12760072 0.48616218 0.86450239
vn -0.02456613 0.35274959 0.93539523
vn -0.43535249 -0.69453513 0.57279068
vn -0.27112357 0.09651923 0.95769309
vn -0.56272899 -0.66956823 0.48478291
vn -0.51684672 0.05476553 0.85432442
vn -0.85808547 0.06254438 0.50968374
vn 0.68244010 0.73086056 0.01087886
vn 0.60405664 0.75663033 0.25025212
vn 0.67199810 0.73960834 -0.03739049
vn 0.39766042 0.85598847 0.33037847
vn -0.21298656 0.72001747 0.66046314
vn -0.27861326 0.43426311 0.85661555
vn -0.15061810 0.25269729 0.95575011
vn -0.03311138 0.31894690 0.94719402
vn -0.10445296 0.35128883 0.93042234
vn -0.41475154 0.45139201 0.79008000
vn -0.55306999 0.57491583 0.60298041
vn -0.31571818 0.75126012 0.57959492
vn -0.03090698 0.83627091 0.54744473
vn 0.02665431 0.83857711 0.54413047
vn -0.07245686 0.82308940 0.56327067
vn -0.50854328 0.71622294 0.47792094
vn 0.44973731 0.88845544 0.09156024
vn 0.47458273 0.85360165 0.21479167
vn 0.40725690 0.85068628 0.33237729
vn 0.56009469 0.82007310 0.11736291
vn 0.08047882 0.91581065 0.39346412
vn -0.08540194 0.87743481 0.47203249
vn 0.22284868 0.68000075 0.69852519
vn 0.01301594 0.29700069 0.95478855
vn -0.16937364 0.14958158 0.97413445
vn -0.23823089 0.35867956 0.90254918
vn -0.10227745 0.50733495 0.85565798
vn -0.40781123 0.49975859 0.76415401
vn -0.71559607 0.49748291 0.49033970
vn 0.31662457 0.91908751 0.23457843
vn 0.14419623 0.92092806 0.36207591
vn 0.17352636 0.83753256 0.51810020
vn 0.52278827 0.62399591 0.58079387
vn 0.32936528 0.30576639 0.89332269
vn 0.73175398 0.37722700 0.56765826
vn -0.32258716 0.29963964 0.89786057
vn -0.54053258 0.53392551 0.65019080
vn -0.28762267 0.71681354 0.63517836
vn -0.17519182 0.79139162 0.58566811
vn -0.50834885 0.70703891 0.49160698
vn 0.41812313 0.49575605 0.76118262
vn 0.69643152 0.53563401 0.47757654
vn -0.26305278 0.52510980 0.80935958
vn -0.72579940 0.48885429 0.48398007
vn 0.37339006 0.78895413 0.48798693
vn -0.38026277 0.75549115 0.53351041
vn 0.09952830 -0.61002210 0.78610887
vn 0.73973414 -0.39939403 0.54155131
vn -0.02112870 -0.86127821 0.50769422
vn -0.48147885 -0.75818111 0.43970390
vn 0.49680858 0.04101456 0.86689044
vn 0.84522396 0.25977706 0.46702499
vn -0.56923259 -0.64374539 0.51143536
vn -0.38252604 -0.27861627 0.88093519
vn -0.68484201 -0.57188567 0.45159517
vn 0.64880300 0.54999851 0.52588621
vn 0.17074555 0.46138927 0.87061237
vn 0.46924457 0.74662107 0.47155754
vn -0.75323001 -0.43297839 0.49515075
vn -0.54449301 0.23986702 0.80373576
vn -0.80573329 0.18269071 0.56339859
vn 0.04380209 0.83302779 0.55149440
vn -0.48638556 0.72080758 0.49382742
vn 0.16870409 -0.93225331 0.32006672
vn 0.58809434 -0.79456967 0.15101023
vn 0.10482541 -0.98916577 0.10277505
vn -0.58939508 -0.79585242 0.13868080
vn 0.69800381 -0.65948027 0.27906352
vn 0.72077091 -0.67882015 0.14032995
vn 0.69507793 -0.71882007 0.01282119
vn -0.64781688 -0.74120957 0.17590239
vn -0.61125667 -0.75531055 0.23637102
vn -0.62138740 -0.78318331 0.02239649
vn 0.81821655 -0.48758602 0.30460064
vn 0.93303438 -0.32082175 0.16285040
vn 0.80703710 -0.58951459 0.03411255
vn -0.37471630 -0.92196176 0.09784794
vn -0.15321089 -0.97980313 0.12850003
vn -0.16398830 -0.93541987 0.31320520
vn -0.05469033 -0.99285615 0.10604543
vn -0.10192702 -0.92790102 0.35862317
vn -0.28628064 -0.94538036 0.15588258
vn -0.47945995 -0.81140344 0.33427926
vn -0.63916068 -0.76194736 0.10445018
vn 0.89715003 -0.30288876 0.32152795
vn 0.94671514 -0.29169482 0.13654517
vn -0.61754638 -0.76532218 0.18143436
vn -0.73864756 -0.63182393 0.23494318
vn -0.72554294 -0.68373349 0.07807656
vn 0.80867045 -0.57768692 0.11104019
vn -0.78921428 -0.57623996 0.21234013
vn -0.88769448 -0.31711429 0.33382187
vn -0.81371624 -0.56958977 0.11590243
vn 0.71090063 -0.69185727 -0.12630841
vn 0.85103576 -0.51144505 -0.11900460
vn 0.73814154 -0.67346924 0.03982773
vn -0.73714726 -0.45418599 0.50032889
vn -0.74324074 -0.60353964 0.28867475
vn 0.65316297 -0.72051712 -0.23288025
vn 0.66957722 -0.68041926 -0.29781871
vn 0.78321349 -0.58072544 -0.22211390
vn -0.48846936 -0.66641632 0.56328232
vn -0.50111550 -0.75270420 0.42698903
vn -0.33221313 -0.80446177 0.49241822
vn -0.45595060 -0.81764247 0.35152502
vn -0.36987400 -0.83644120 0.40442471
vn -0.43176707 -0.83682150 0.33661102
vn 0.89606549 0.20482385 -0.39384493
vn 0.93900024 -0.07811219 -0.33492841
vn 0.73013472 -0.59401439 -0.33771317
vn -0.39122250 -0.83914891 0.37785456
vn -0.36010942 -0.84745937 0.39004337
vn -0.46920048 -0.82029932 0.32704731
vn -0.42792950 -0.81988405 0.38035047
vn -0.55849950 -0.76364575 0.32391894
vn 0.64926710 0.72753212 -0.22169628
vn 0.78495284 0.52669831 -0.32624826
vn 0.67447722 0.68281450 -0.28079322
vn -0.76567548 -0.54243876 0.34568954
vn -0.86944839 -0.03615510 0.49269900
vn -0.94196964 0.07359486 0.32753166
vn 0.63883506 0.75451496 -0.15032282
vn 0.74298003 0.63476768 -0.21225142
vn 0.78267224 0.58928327 -0.20042305
vn -0.61362278 0.59347387 0.52082229
vn -0.33437143 0.81064307 0.48068030
vn -0.04085538 0.90173428 0.43035581
vn 0.00386391 0.91101745 0.41234970
vn -0.22378305 0.89070451 0.39568500
vn -0.59059123 0.72791713 0.34833698
vn -0.74592540 0.57627830 0.33391408
vn 0.60795065 0.79259987 -0.04670609
vn 0.67216856 0.74036931 -0.00653571
vn -0.65224799 0.62689195 0.42612092
vn -0.55137063 0.76206200 0.33948776
vn -0.18365125 0.89042451 0.41643296
vn 0.00524817 0.91256953 0.40888790
vn -0.06042284 0.91070966 0.40860371
vn -0.40273413 0.84460281 0.35277659
vn 0.52458856 0.83877176 0.14583822
vn 0.39698902 0.86905459 0.29520135
vn 0.58814017 0.80138012 0.10900023
vn 0.33371720 0.82915564 0.44847938
vn 0.48522802 0.64762905 0.58747798
vn -0.60596096 0.60584148 0.51552635
vn -0.33830288 0.81215605 0.47534588
vn -0.31024372 0.85899549 0.40727827
vn -0.61459685 0.70621705 0.35146577
vn -0.70272771 0.62076677 0.34759516
vn 0.42611906 0.87372308 0.23458586
vn 0.50820809 0.80633952 0.30255763
vn 0.61900002 0.62900187 0.47031440
vn 0.62162594 0.69665817 0.35811812
vn -0.64081507 0.64486277 0.41654298
vn -0.52714151 0.78069409 0.33561669
vn -0.27522584 0.87188588 0.40505031
vn -0.41594131 0.83375148 0.36311333
vn 0.67894724 0.64467820 0.35131279
vn 0.43016912 0.79650095 0.42490088
vn 0.58536548 0.73588106 0.34033265
vn -0.09775841 0.90226366 0.41995665
vn -0.63718904 0.69365416 0.33590777
vn -0.71464388 0.61279954 0.33728453
vn 0.34164005 0.87635822 0.33952664
vn -0.29875704 0.88170960 0.36514711
vn 0.28628570 -0.85341712 0.43556827
vn 0.50302266 -0.79343171 0.34268693
vn -0.23382191 -0.89864161 0.37117458
vn -0.37379217 -0.84561307 0.38107473
vn 0.80498270 -0.43088095 0.40785349
vn 0.83178282 -0.33423593 0.44319712
vn 0.78397633 -0.55022338 0.28746364
vn -0.49445043 -0.76871848 0.40569776
vn -0.61953989 -0.65988079 0.42512077
vn -0.51185778 -0.73954793 0.43711610
vn -0.65452569 -0.58723307 0.47618635
vn -0.61424517 -0.60751649 0.50361353
vn 0.88058187 0.09571325 0.46412773
vn 0.81704347 0.06701696 0.57266805
vn -0.67884856 -0.58865671 0.43891675
vn -0.68945032 -0.53780725 0.48520266
vn 0.72592966 0.41640390 0.54738827
vn 0.73657671 0.38867859 0.55351938
vn 0.66133181 0.57471515 0.48201944
vn -0.64009649 -0.55514588 0.53112102
vn -0.68021107 -0.10376290 0.72563500
vn -0.55960492 -0.64640833 0.51865074
vn -0.63596971 -0.01243465 0.77161383
vn -0.79257372 -0.26109627 0.55104958
vn 0.65915814 0.63000713 0.41061120
vn 0.49840738 0.69875099 0.51316385
vn 0.53710654 0.75538183 0.37538626
vn 0.26814650 0.84994024 0.45354057
vn -0.16765669 0.91164446 0.37522740
vn -0.44152887 0.79279123 0.42015988
vn -0.45463643 0.67276468 0.58368947
vn -0.65860127 0.43699624 0.61259991
vn 0.38601168 0.80623895 0.44830096
vn -0.01131566 0.85139325 0.52440584
vn -0.29243748 0.80210305 0.52068322
vn -0.02438486 0.24362985 0.96956169
vn 0.87910519 -0.20908111 0.42832133
vn -0.20300739 -0.71225387 0.67192442
vn -0.77551993 0.29338625 0.55901104
vn 0.30688733 0.80410067 0.50915840
vn 0.53345222 -0.82585749 -0.18272421
vn 0.00739619 -0.99669303 -0.08092152
vn -0.62605430 -0.76543237 -0.14889360
vn 0.72264185 -0.67926229 -0.12802926
vn 0.66492040 -0.72846376 -0.16498912
vn -0.71307210 -0.69069289 -0.12029759
vn -0.64868285 -0.75413018 -0.10246087
vn 0.94844117 -0.31318037 -0.04875855
vn 0.80074442 -0.56554200 -0.19740978
vn -0.45486697 -0.87096587 -0.18578079
vn -0.09505655 -0.98745907 -0.12605095
vn -0.05165220 -0.98847549 -0.14229633
vn -0.28128703 -0.95842145 -0.04802006
vn -0.60030527 -0.78050900 -0.17446858
vn 0.88916290 -0.44074075 -0.12303225
vn -0.68255339 -0.72155182 -0.11611991
vn -0.73812354 -0.66679187 -0.10277276
vn 0.77820634 -0.62445823 0.06668443
vn 0.90227525 -0.42090801 -0.09346557
vn 0.87788343 -0.43282638 -0.20489510
vn -0.77955805 -0.61710964 -0.10707450
vn -0.68849189 -0.72310728 -0.05563067
vn 0.92547334 -0.20392421 -0.31923976
vn -0.38644242 -0.92185992 -0.02892302
vn -0.38760734 -0.86962515 0.30579837
vn -0.33806046 -0.94105420 -0.01149451
vn -0.48376322 -0.82077011 0.30382491
vn -0.60652909 -0.79076689 0.08252386
vn 0.77367482 -0.56245692 -0.29166673
vn 0.86379209 -0.35434502 -0.35819385
vn -0.42473751 -0.90530431 -0.00470764
vn -0.27540735 -0.90913245 0.31245635
vn -0.35587368 -0.93453346 -0.00106863
vn -0.48372834 -0.82239293 0.29946079
vn -0.68061627 -0.73064345 0.05405217
vn 0.86267254 0.02172836 -0.50529592
vn 0.86645218 -0.14854291 -0.47665042
vn 0.75698528 -0.43384596 -0.48862150
vn -0.64510013 -0.76404290 0.00917952
vn -0.65685021 -0.71913792 0.22669024
vn -0.74569763 -0.66097487 0.08394803
vn 0.74456703 0.59940334 -0.29382916
vn 0.79946222 0.43059446 -0.41886581
vn 0.81260250 0.42727272 -0.39637760
vn -0.76250139 -0.64587923 -0.03783720
vn -0.89871437 -0.20102165 0.38974707
vn -0.97548235 -0.09953012 -0.19628537
vn 0.87205829 0.40368854 -0.27667654
vn -0.68269751 0.69188815 0.23497850
vn -0.73679425 0.67202035 0.07431608
vn -0.75463935 0.65118493 0.08048376
vn 0.79346250 0.59555195 -0.12543982
vn 0.82330050 0.54847236 -0.14613128
vn -0.25976122 0.90835697 0.32773728
vn -0.06605540 0.94707800 0.31413365
vn 0.01811068 0.95112846 0.30826395
vn -0.25420102 0.92711283 0.27539723
vn -0.60266410 0.79239665 0.09435852
vn -0.68999454 0.72077274 0.06628868
vn 0.71294245 0.70116592 -0.00891201
vn 0.66587053 0.74512476 -0.03749032
vn -0.66406160 0.70928330 0.23651509
vn -0.68548068 0.70437256 0.18432454
vn -0.40093702 0.90359601 0.15087665
vn -0.14637660 0.98917360 -0.01046352
vn -0.01926709 0.99961987 0.01972044
vn -0.33299598 0.94159022 -0.05021480
vn 0.59174820 0.80064597 0.09380890
vn 0.60321108 0.76836137 0.21390934
vn 0.66941311 0.74286922 0.00560455
vn -0.26742355 0.91660005 0.29720193
vn -0.30459263 0.90790389 0.28798240
vn -0.60157522 0.76916793 0.21561063
vn -0.71984596 0.68716268 0.09812877
vn 0.64665617 0.76012935 0.06355453
vn 0.65974633 0.72394583 0.20158674
vn 0.69879429 0.71245235 -0.06401716
vn -0.72445051 0.64759212 0.23621157
vn -0.71256515 0.68284931 0.16114507
vn -0.39335320 0.91635734 0.07458204
vn -0.41219207 0.90739700 0.08202667
vn 0.69882355 0.71523620 0.00910081
vn 0.56560645 0.76483237 0.30841660
vn 0.63539594 0.76383784 -0.11324204
vn -0.14568334 0.93469031 0.32423818
vn -0.59088952 0.80123068 0.09422834
vn -0.70650552 0.70363236 0.07583835
vn 0.22111064 0.97268416 0.07067961
vn -0.32122952 0.94431117 -0.07133028
vn 0.17681030 -0.92589789 0.33384310
vn 0.60711996 -0.78652405 0.11307196
vn -0.15338824 -0.98581555 0.06811572
vn -0.62927310 -0.77676969 0.02538145
vn 0.66832310 -0.69135201 0.27454805
vn 0.47092405 -0.81881943 0.32827623
vn 0.41784566 -0.90847993 0.00832018
vn -0.35592253 -0.92048215 0.16134363
vn -0.35487414 -0.87233680 0.33629281
vn -0.16661136 -0.94190266 0.29165053
vn -0.41458952 -0.82999551 0.37312597
vn -0.42252301 -0.82496295 0.37538039
vn 0.37712907 -0.48494449 0.78905165
vn 0.77977430 -0.37681669 0.49996122
vn 0.47802351 -0.72162092 0.50075620
vn 0.10371431 -0.84704128 0.52131028
vn 0.23677294 -0.59986004 0.76426861
vn 0.24375969 -0.84120366 0.48265683
vn 0.54649042 -0.64399727 0.53536505
vn -0.50765353 -0.72593650 0.46400871
vn -0.57292066 -0.58843358 0.57053295
vn -0.50096085 -0.74028490 0.44834863
vn -0.59193581 -0.56230093 0.57743369
vn -0.72034693 -0.53247224 0.44449255
vn 0.53075647 -0.03697893 0.84671726
vn 0.84963556 0.01280211 0.52721487
vn 0.30863161 -0.04759395 0.94999018
vn 0.60095622 -0.19511734 0.77510054
vn -0.57999001 -0.59254080 0.55902325
vn -0.57431205 -0.55187640 0.60464709
vn -0.76665629 -0.41948405 0.48607742
vn 0.49096532 0.47913507 0.72758686
vn 0.71343199 0.53783504 0.44916395
vn 0.27006536 0.58710837 0.76313070
vn 0.56314592 0.49840653 0.65913398
vn -0.78457191 -0.44591853 0.43081734
vn -0.82570488 -0.04718285 0.56212563
vn -0.84385670 -0.32489973 0.42701993
vn 0.42983358 0.78343429 0.44885834
vn 0.23401559 0.80846266 0.54002298
vn 0.45926266 0.78787984 0.41027208
vn 0.58864074 0.74569896 0.31214604
vn 0.54571230 0.70782520 0.44853270
vn -0.24314367 0.63562786 0.73270620
vn -0.45372896 0.39582459 0.79840649
vn -0.72083754 -0.06239760 0.69028963
vn -0.87038899 -0.12342501 0.47664375
vn 0.69240275 0.58344580 0.42446371
vn 0.61193571 0.46021205 0.64322590
vn 0.77468329 0.25752638 0.57753439
vn 0.15406092 0.54741533 0.82255802
vn -0.17852003 0.43620435 0.88196166
vn -0.05804022 0.22279509 0.97313600
vn -0.07768955 0.16073973 0.98393449
vn -0.55258625 -0.19449002 0.81044560
vn -0.84104498 -0.19314314 0.50531087
vn 0.63101288 0.07865321 0.77177485
vn 0.77764348 -0.00771945 0.62865811
vn 0.23321925 0.12322544 0.96458503
vn -0.07578421 0.13127966 0.98844444
vn -0.04717443 0.14960543 0.98761976
vn 0.06465315 0.15358858 0.98601750
vn -0.18789252 0.03468672 0.98157691
vn -0.76770713 -0.48598705 0.41766296
vn -0.67754993 -0.15644514 0.71864526
vn -0.82948862 -0.26111200 0.49372984
vn 0.57476541 -0.19773013 0.79407022
vn 0.77381859 -0.21124625 0.59714304
vn 0.12981066 0.00228376 0.99153617
vn -0.13704451 0.13537205 0.98127122
vn -0.25142103 0.45854030 0.85236627
vn -0.00946373 0.53901003 0.84224618
vn -0.00301779 0.55145680 0.83419799
vn -0.43936803 0.44907984 0.77799937
vn -0.79903768 0.33323543 0.50049269
vn 0.25895206 -0.57735610 0.77434086
vn 0.75988604 -0.39233495 0.51831119
vn -0.15527860 -0.06726581 0.98557794
vn -0.49868992 0.42936494 0.75296355
vn -0.52445083 0.73577056 0.42847754
vn -0.15388812 0.83343996 0.53075067
vn 0.00752020 0.85130777 0.52461274
vn -0.08956460 0.84303821 0.53034401
vn -0.49141474 0.73154900 0.47259667
vn 0.85894878 -0.16438779 0.48495736
vn 0.90172984 0.06073186 0.42801278
vn 0.80018027 -0.37999760 0.46401871
vn -0.63455971 0.25990645 0.72786167
vn -0.70332229 0.59849317 0.38359312
vn -0.66706597 0.63071663 0.39650918
vn 0.77127124 0.49444731 0.40082731
vn 0.16442048 0.85828704 0.48611652
vn 0.56353974 0.74063256 0.36590487
vn -0.45595418 0.79848822 0.39309330
vn -0.69178587 0.59871198 0.40370319
vn 0.16842127 0.91483474 0.36703089
vn -0.15842550 -0.89782538 -0.41086610
vn 0.72918646 -0.63662316 -0.25099412
vn 0.45484934 -0.81314475 -0.36319098
vn -0.18073530 -0.92648147 -0.33010125
vn -0.61741871 -0.74236631 -0.26016611
vn -0.56365298 -0.74629242 -0.35403806
vn 0.88889202 -0.35686490 -0.28726020
vn 0.80567332 -0.49802062 -0.32072725
vn 0.76279948 -0.55485643 -0.33207122
vn -0.65723933 -0.65948808 -0.36484508
vn -0.44766093 -0.81335629 -0.37155247
vn -0.59278893 -0.66813582 -0.44966189
vn -0.11102049 -0.92413364 -0.36558374
vn -0.02235276 -0.93956490 -0.34164038
vn -0.34371800 -0.88878859 -0.30317119
vn 0.89546846 -0.32782735 -0.30110706
vn 0.83666460 -0.38767680 -0.38690962
vn -0.21860488 -0.82647183 -0.51880268
vn 0.04880764 -0.86658176 -0.49664259
vn -0.09115311 -0.88887938 -0.44898169
vn -0.44364904 -0.83002980 -0.33797347
vn -0.70053909 -0.66429326 -0.26069032
vn -0.58833811 -0.69030614 -0.42111246
vn 0.89653790 -0.01403740 -0.44274457
vn 0.88152118 -0.29661984 -0.36733781
vn 0.81802382 -0.45594753 -0.35064067
vn -0.75291611 -0.54806099 -0.36434392
vn -0.71168410 -0.60648949 -0.35450846
vn -0.82881136 -0.34043444 -0.44404518
vn 0.78114618 -0.02160120 -0.62397438
vn 0.81319764 0.41091646 -0.41213742
vn 0.75624467 0.29378157 -0.58462500
vn 0.79824603 0.43183127 -0.41991073
vn -0.60918599 -0.55407796 -0.56735354
vn -0.68124113 -0.52463555 -0.51055661
vn -0.40777570 -0.82152890 -0.39850877
vn -0.40013572 -0.87655350 -0.26747964
vn 0.64055239 -0.27648225 -0.71641483
vn 0.65435875 -0.06588812 -0.75330829
vn 0.84028958 0.11785582 -0.52917240
vn -0.26879443 -0.81711004 -0.50998111
vn -0.18450403 -0.88087083 -0.43591839
vn -0.37120547 -0.86548904 -0.33635581
vn -0.38181173 -0.88259875 -0.27429773
vn -0.38672012 -0.83808168 -0.38479428
vn -0.47345062 -0.85035667 -0.22964766
vn 0.77576668 -0.00463129 -0.63100286
vn 0.53559554 -0.13689686 -0.83330467
vn 0.61658008 -0.25252097 -0.74569576
vn 0.79262148 -0.22215891 -0.56779979
vn -0.38932403 -0.83946665 -0.37910756
vn -0.47582197 -0.83287266 -0.28269523
vn -0.70481492 -0.68413192 -0.18761515
vn -0.58145037 -0.71304694 -0.39176463
vn 0.81407157 0.08981530 -0.57377756
vn 0.77994440 -0.25016813 -0.57367468
vn 0.73835705 -0.39038326 -0.54993615
vn -0.80801523 -0.45537532 -0.37382443
vn -0.95423024 0.12471337 -0.27182942
vn -0.92573501 0.11594204 -0.35996130
vn 0.88202041 0.35887145 -0.30537074
vn 0.91745301 0.05333932 -0.39425233
vn -0.71818221 0.67049958 -0.18613069
vn -0.74056271 0.56351443 -0.36608519
vn -0.55839100 0.74627560 -0.36231509
vn 0.92257774 0.30740576 -0.23313518
vn -0.15380618 0.94152903 -0.29977783
vn -0.37502136 0.84222264 -0.38732416
vn -0.44441743 0.83693347 -0.31942997
vn -0.12560762 0.93739749 -0.32482098
vn -0.12649177 0.90077186 -0.41546346
vn -0.47272981 0.84060633 -0.26440031
vn -0.24408364 0.88111919 -0.40503351
vn 0.77585969 0.60973854 -0.16205139
vn 0.70727939 0.68532466 -0.17345311
vn -0.53034857 0.82759355 -0.18390029
vn -0.71388811 0.69597624 -0.07733589
vn 0.66325168 0.73696429 -0.13031058
vn 0.59736606 0.77165311 -0.21841537
vn -0.70213682 0.69911327 -0.13507229
vn -0.57617181 0.81352097 -0.07880151
vn 0.47274711 0.87335937 -0.11727565
vn 0.62944656 0.75300400 -0.19178634
vn 0.49822749 0.82316134 -0.27235046
vn 0.54995813 0.77072432 -0.32176089
vn -0.62059737 0.77034150 -0.14639968
vn -0.47650186 0.84980442 -0.22534067
vn -0.49634175 0.80340111 -0.32892480
vn -0.20904043 0.95789862 -0.19680532
vn -0.26627982 0.95279734 -0.14585023
vn 0.12998322 0.93609893 -0.32683812
vn 0.49406001 0.80343880 -0.33225112
vn -0.44078113 0.85334841 -0.27840347
vn -0.12248072 0.90406975 -0.40945862
vn 0.04562867 -0.96909324 -0.24243828
vn 0.07022336 -0.92006173 0.38542846
vn 0.50817172 -0.84871162 0.14645849
vn 0.23720809 -0.96821075 0.07937418
vn -0.31229482 -0.90176669 0.29881227
vn 0.36834980 -0.84569076 0.38616780
vn 0.49846861 -0.79283556 0.35062918
vn 0.08500967 -0.95579597 0.28147367
vn 0.00256031 -0.97189961 0.23538180
vn 0.12018463 -0.93870120 0.32310326
vn -0.01907215 -0.99980848 -0.00438917
vn 0.28797449 -0.91488754 0.28293371
vn 0.08163856 -0.97299474 -0.21590828
vn 0.14030722 -0.97715747 -0.15961564
vn 0.31499808 -0.94867602 0.02810728
vn -0.39108440 -0.83176842 0.39397245
vn -0.38667191 -0.82899246 0.40404992
vn -0.48854385 -0.80669031 0.33252917
vn -0.44441231 -0.80564910 0.39169788
vn -0.56708843 -0.75533846 0.32844258
vn 0.74128935 -0.51157774 0.43448626
vn 0.86830779 -0.32542077 0.37435665
vn 0.75427464 -0.56821641 0.32893749
vn -0.72733832 -0.58976353 0.35093866
vn -0.83578285 -0.37218670 0.40366334
vn -0.81866308 -0.47958831 0.31588892
vn 0.89895114 -0.10696078 0.42478965
vn 0.91328133 0.04369815 0.40497861
vn -0.80948111 -0.41813023 0.41219830
vn -0.83523236 -0.39348639 0.38412936
vn 0.82377536 0.39459593 0.40704816
vn 0.83736406 0.41645678 0.35409771
vn -0.85780104 -0.38148487 0.34445126
vn -0.92550698 -0.19359599 0.32551103
vn -0.96880447 -0.18167378 0.16856016
vn 0.69465071 0.62348808 0.35877989
vn 0.57456364 0.66905318 0.47142812
vn 0.66844706 0.61575069 0.41716857
vn 0.26618782 0.66941605 0.69356052
vn 0.26459359 0.67046061 0.69316146
vn -0.92714740 -0.12020576 0.35489191
vn -0.97758556 -0.13635420 0.16041823
vn 0.68946350 0.53890587 0.48396337
vn 0.49827753 0.41623834 0.76056896
vn 0.72484540 0.36037920 0.58713369
vn 0.29120901 0.27257947 0.91700477
vn 0.58190622 0.39271318 0.71215273
vn -0.87601781 -0.32519303 0.35614924
vn -0.86964749 -0.42344539 0.25378583
vn 0.62526480 0.31311119 0.71484636
vn 0.72584921 0.37593628 0.57603371
vn 0.40332005 0.09955226 0.90962755
vn 0.59120597 0.07068584 0.80341709
vn -0.77315394 -0.54821595 0.31889223
vn -0.89777987 -0.13842334 0.41812712
vn -0.88278999 -0.31685756 0.34681858
vn 0.72312093 0.37555805 0.57970016
vn 0.64536510 0.13982678 0.75096761
vn 0.76927155 0.29473221 0.56688113
vn 0.63681204 -0.06510628 0.76826531
vn -0.84299793 0.34099012 0.41602913
vn -0.87369932 0.32200995 0.36463556
vn 0.81816527 0.07909065 0.56951757
vn 0.84164933 0.36143470 0.40123729
vn 0.74664253 -0.18029813 0.64032611
vn -0.33292628 0.85684418 0.39367263
vn -0.05589006 0.90811474 0.41497459
vn 0.00337870 0.91149342 0.41130079
vn -0.22406550 0.88921175 0.39886979
vn -0.59734324 0.72229892 0.34851875
vn -0.75037358 0.57587031 0.32451947
vn 0.89562417 0.11048557 0.43087153
vn 0.86453427 0.45591117 0.21148402
vn -0.69880316 0.64745047 0.30410858
vn -0.59343654 0.74653579 0.30086109
vn -0.28216918 0.87436501 0.39479917
vn -0.01108770 0.91367095 0.40630340
vn -0.05282617 0.91215347 0.40643012
vn -0.39305931 0.84986553 0.35104552
vn 0.81355837 0.53341191 0.23150489
vn 0.67969136 0.68732707 0.25612724
vn 0.71980706 0.68740630 0.09669734
vn -0.60605133 0.74583012 0.27647642
vn -0.68305336 0.68023907 0.26591900
vn -0.70963162 0.65556911 0.25817069
vn 0.67438054 0.71148085 0.19749906
vn 0.20198803 0.91742298 0.34283510
vn 0.56771942 0.81821457 0.09066194
vn -0.48012814 0.82815028 0.28921286
vn -0.59524508 0.78588791 0.16752162
vn -0.11333153 0.98379913 0.13890731
vn -0.16840990 -0.86960379 -0.46414153
vn 0.84738268 -0.37181505 -0.37907277
vn 0.61015905 -0.65430200 -0.44676036
vn -0.24539637 -0.82632379 -0.50692171
vn -0.70312225 -0.51387039 -0.49148380
vn -0.72837154 -0.32996228 -0.60049962
vn 0.84402133 -0.36703928 -0.39103729
vn 0.79018023 -0.31175659 -0.52765806
vn -0.68014053 -0.22563938 -0.69749246
vn -0.77716900 -0.15168128 -0.61073819
vn -0.36271819 -0.61755428 -0.69789844
vn 0.03765773 -0.78150818 -0.62275747
vn 0.17081400 -0.83783906 -0.51850582
vn -0.28039582 -0.86211914 -0.42205303
vn 0.88104898 -0.03263776 -0.47189773
vn 0.87413710 -0.06011179 -0.48194493
vn 0.80780804 -0.28434515 -0.51632742
vn -0.60675047 -0.37345807 -0.70170003
vn -0.70038989 -0.45996078 -0.54579308
vn -0.17180239 -0.58959486 -0.78921597
vn 0.21064190 -0.72612512 -0.65450156
vn 0.38858757 -0.74675107 -0.53978008
vn 0.09096638 -0.85294715 -0.51400999
vn -0.54350730 -0.71106432 -0.44607998
vn -0.83913482 -0.37431456 -0.39464080
vn -0.80933255 -0.26698063 -0.52316552
vn 0.88764077 0.27370701 -0.37037594
vn 0.83566534 0.34765760 -0.42520304
vn 0.80695825 0.29203025 -0.51335828
vn -0.30857022 -0.73206174 -0.60734671
vn 0.12214940 -0.76387025 -0.63370479
vn 0.38190124 -0.69051563 -0.61427975
vn -0.83371362 -0.28119135 -0.47523997
vn -0.82643782 -0.15662646 -0.54080374
vn 0.90975701 -0.02902578 -0.41412522
vn 0.85239604 0.17269833 -0.49355473
vn -0.67973282 -0.45938844 -0.57177404
vn -0.67301146 -0.49230172 -0.55199148
vn -0.40080332 -0.74450945 -0.53391233
vn -0.11158876 -0.89654044 -0.42867609
vn -0.25954537 -0.87748533 -0.40330595
vn 0.82897110 -0.28866464 -0.47904034
vn 0.83898462 -0.03094380 -0.54327460
vn -0.29052147 -0.76370455 -0.57650033
vn -0.02610630 -0.83646075 -0.54740468
vn -0.11592463 -0.86162200 -0.49413461
vn -0.34207496 -0.84109551 -0.41897860
vn -0.39477803 -0.82784692 -0.39852200
vn -0.39710031 -0.75162994 -0.52665338
vn -0.45224874 -0.80386559 -0.38635629
vn 0.80999240 -0.31659915 -0.49363679
vn 0.78182107 -0.37370260 -0.49910137
vn 0.76220349 -0.26316216 -0.59143175
vn -0.37116928 -0.77189409 -0.51615199
vn -0.68842442 -0.57670464 -0.43986768
vn -0.87269035 0.20056154 -0.44518156
vn -0.79100494 0.26471750 -0.55157577
vn 0.88916730 -0.14365905 -0.43444631
vn 0.82273345 -0.27019133 -0.50010631
vn 0.69899392 -0.42300252 -0.57660763
vn -0.43818693 0.70359426 -0.55941695
vn -0.44514941 0.62929906 -0.63704371
vn -0.72521812 0.42033729 -0.54532122
vn -0.21664438 0.84725143 -0.48500539
vn -0.13118221 0.80361047 -0.58051825
vn -0.13552613 0.89751097 -0.41965072
vn -0.04518510 0.81454241 -0.57834157
vn -0.48464643 0.78322422 -0.38945817
vn -0.24786657 0.77017259 -0.58770431
vn 0.82649738 0.42361589 -0.37074473
vn 0.88370003 0.17240876 -0.43514306
vn -0.63542719 0.67223852 -0.37990481
vn -0.80600841 0.43574538 -0.40059508
vn 0.63963768 0.72760181 -0.24790976
vn 0.77014654 0.52666562 -0.35985779
vn 0.56003074 0.75934671 -0.33129766
vn -0.70325914 0.66342169 -0.25553521
vn -0.73281261 0.53907861 -0.41518662
vn -0.58903574 0.71300182 -0.38034893
vn 0.38309157 0.86524203 -0.32341472
vn 0.48543398 0.81359267 -0.32003253
vn 0.34150464 0.87056715 -0.35424204
vn 0.33755415 0.85370198 -0.39654776
vn 0.41114056 0.80613775 -0.42556477
vn -0.34423926 0.86265274 -0.37058005
vn -0.29900496 0.83531702 -0.46134748
vn -0.41091578 0.77311798 -0.48315299
vn -0.18402383 0.92350164 -0.33657087
vn -0.13838971 0.89621264 -0.42148688
vn -0.43530476 0.85033800 -0.29569418
vn -0.25799097 0.88073425 -0.39717482
vn 0.15320793 0.88795779 -0.43365688
vn 0.39437067 0.80682797 -0.43988681
vn -0.33598972 0.84707096 -0.41180299
vn -0.09294526 0.83559915 -0.54141964
vn 0.18001847 -0.94175470 0.28406238
vn 0.57351349 -0.80332026 -0.16049562
vn 0.25826805 -0.96607268 0.00109248
vn -0.49846188 -0.86016318 0.10795863
vn 0.61485544 -0.77775802 -0.13055748
vn 0.28455648 -0.95229639 -0.11026872
vn -0.08897387 -0.99599550 0.00875339
vn -0.28560397 -0.90792880 0.30675015
vn -0.29502934 -0.95473922 -0.03782483
vn -0.50667080 -0.81035091 0.29430615
vn -0.68220475 -0.73021580 0.03716928
vn 0.67163110 -0.71255421 0.20292402
vn 0.73583558 -0.67288869 -0.07593951
vn 0.66483326 -0.74475800 -0.05772579
vn -0.48163481 -0.87569965 -0.03432255
vn -0.33422280 -0.91587465 -0.22241569
vn -0.43312795 -0.86743870 -0.24484747
vn -0.05451885 -0.96627645 -0.25166946
vn 0.17760625 -0.94586918 -0.27163855
vn 0.45176097 -0.85043818 -0.26956804
vn 0.56160843 -0.80180362 -0.20422271
vn -0.64464225 -0.76445853 0.00628706
vn -0.66233728 -0.71266363 0.23112739
vn -0.74120579 -0.66594276 0.08446422
vn 0.80685189 -0.53425632 0.25211151
vn 0.95744208 -0.28228254 0.06017667
vn 0.81160753 -0.57136812 -0.12178541
vn -0.19490912 -0.95487266 -0.22411748
vn 0.03451616 -0.97276935 -0.22919081
vn 0.31093154 -0.91598978 -0.25354351
vn -0.79103512 -0.61078613 0.03469500
vn -0.88499196 -0.40700553 0.22613211
vn -0.93210545 -0.35880911 -0.04935024
vn 0.94273441 -0.08015908 0.32376898
vn 0.99980590 0.01088830 0.01641978
vn -0.91414928 -0.30865523 0.26279848
vn -0.99424211 -0.10146186 -0.03446919
vn 0.90793392 0.29506206 0.29764807
vn 0.99200652 0.11033039 0.06123938
vn -0.99099012 -0.07580636 -0.11041730
vn 0.86009103 0.39477946 0.32309842
vn 0.74830761 0.48996457 0.44718054
vn 0.84818225 0.26062844 0.46115039
vn -0.97227834 -0.23377576 -0.00487114
vn 0.74959012 0.19201462 0.63343906
vn 0.84269524 0.02240798 0.53792436
vn 0.72724562 0.40719024 0.55254857
vn -0.77621460 -0.62627503 -0.07259804
vn -0.70152750 -0.69132322 0.17300688
vn -0.71347382 -0.69567724 0.08359597
vn 0.64123593 0.00756941 0.76730645
vn 0.83127689 -0.03955291 0.55444955
vn 0.64632019 0.23796827 0.72501125
vn -0.77477043 -0.63070267 0.04410136
vn -0.90896239 -0.27746366 0.31112907
vn -0.95550141 -0.27989196 -0.09315336
vn 0.52861785 0.05499342 0.84707667
vn 0.84488817 0.05596149 0.53200779
vn 0.39766829 0.20969110 0.89324665
vn 0.64521201 0.33834490 0.68499941
vn -0.86312275 0.36310932 0.35095690
vn -0.97207229 0.23461340 -0.00565829
vn 0.48671771 0.44812855 0.74985777
vn 0.73016416 0.49778882 0.46804549
vn 0.23168769 0.57536414 0.78439589
vn 0.53298563 0.53422822 0.65614520
vn -0.69032039 0.68426682 0.23502484
vn -0.76503725 0.64029394 0.06885984
vn -0.75189238 0.65630483 0.06262438
vn 0.39990283 0.79422610 0.45747419
vn 0.16673742 0.84827554 0.50262037
vn 0.46779221 0.76542912 0.44191483
vn 0.66199679 0.69411845 0.28277168
vn -0.31540929 0.88686602 0.33761760
vn -0.07003127 0.94215396 0.32778275
vn 0.00950789 0.94864358 0.31620399
vn -0.25026237 0.92823081 0.27523864
vn -0.59330178 0.79939173 0.09468827
vn -0.69170736 0.71997479 0.05636686
vn 0.68203226 0.72238765 0.11396522
vn 0.67200345 0.73933886 0.04230133
vn -0.64185299 0.75123127 0.15387109
vn -0.58577722 0.80710954 0.07375114
vn -0.30585251 0.94062539 0.14723492
vn -0.03601567 0.99926201 0.01335318
vn -0.01466800 0.99984730 0.00949882
vn -0.33223597 0.94191171 -0.04920959
vn 0.72515956 0.68756860 0.03732329
vn 0.57759464 0.81626195 -0.01004322
vn -0.54500631 0.83801054 -0.02657923
vn -0.51569616 0.85605050 0.03514289
vn -0.60734919 0.79342694 -0.04000813
vn 0.00637214 0.99990544 -0.01218651
vn 0.03335755 -0.53909660 -0.84158311
vn 0.03786502 -0.26248746 -0.96419219
vn 0.65376495 0.00230964 -0.75669417
vn -0.24408800 -0.25503951 -0.93561525
vn 0.20974262 -0.56064489 -0.80105265
vn -0.31735285 -0.57704321 -0.75253458
vn 0.39765834 0.06144959 -0.91547353
vn -0.23672120 -0.45049525 -0.86082350
vn -0.03423849 -0.58187340 -0.81255835
vn 0.23254007 -0.42398753 -0.87530548
vn -0.03943772 -0.16815262 -0.98497176
vn -0.49997253 -0.21281355 -0.83948666
vn 0.56971732 0.10410111 -0.81522091
vn 0.10325366 -0.05885277 -0.99291240
vn -0.04214307 -0.17288031 -0.98404083
vn 0.04077545 -0.09859621 -0.99429178
vn -0.02908759 -0.01485288 -0.99946651
vn -0.49970457 -0.20168417 -0.84238877
vn 0.56727482 -0.07341340 -0.82024981
vn 0.21564523 -0.03396724 -0.97588081
vn -0.02380867 -0.12068375 -0.99240545
vn -0.05258869 -0.07160692 -0.99604562
vn 0.02375254 0.04669200 -0.99862689
vn -0.09841749 -0.08239998 -0.99172791
vn -0.26430419 -0.46704381 -0.84380885
vn -0.07143843 -0.53911956 -0.83919405
vn -0.02398364 -0.44507501 -0.89517206
vn -0.24006133 -0.57050113 -0.78542920
vn 0.53638304 -0.40370533 -0.74115804
vn 0.31967011 -0.25293396 -0.91314590
vn 0.13979059 -0.47512946 -0.86874080
vn -0.17832324 -0.50521325 -0.84436982
vn -0.09025026 -0.26614853 -0.95969779
vn 0.01577495 -0.17811634 -0.98388298
vn -0.07411403 -0.15824830 -0.98461393
vn -0.10931792 -0.06809487 -0.99167166
vn -0.19582770 0.30145625 -0.93315360
vn -0.11618203 0.34302402 -0.93211386
vn -0.27512342 0.03519211 -0.96076460
vn -0.48379271 -0.06722586 -0.87259687
vn 0.74304164 -0.35400199 -0.56795398
vn 0.57535360 -0.53105596 -0.62205128
vn 0.34746476 -0.62905007 -0.69538784
vn 0.30978959 -0.72059358 -0.62030259
vn 0.05058537 -0.77832209 -0.62582414
vn -0.31236054 -0.77539988 -0.54880409
vn -0.39801143 -0.72909768 -0.55677955
vn -0.29551470 -0.68467076 -0.66625596
vn -0.10926213 -0.62442457 -0.77340529
vn -0.34458065 -0.46185482 -0.81728471
vn -0.45135170 0.21087143 -0.86707259
vn 0.85738666 -0.01005118 -0.51457466
vn 0.81908703 -0.02284278 -0.57321431
vn 0.46180590 -0.61534501 -0.63881595
vn 0.33709972 -0.67648967 -0.65477134
vn -0.21187598 -0.75645112 -0.61878128
vn -0.14657311 -0.76502927 -0.62709372
vn -0.63355809 -0.56191250 -0.53184442
vn -0.80605704 0.26460888 -0.52939040
vn -0.80434327 0.21852631 -0.55251983
vn 0.31774857 0.86028125 -0.39868787
vn 0.57317875 0.67561579 -0.46369109
vn 0.18681821 0.83619790 -0.51562781
vn 0.14747160 0.79375136 -0.59009398
vn -0.00572807 0.78649977 -0.61756400
vn 0.03971635 0.78955900 -0.61238811
vn -0.08985715 0.80881549 -0.58115678
vn -0.04178699 0.79464722 -0.60563160
vn -0.12027329 0.87020836 -0.47777792
vn -0.04559694 0.77758979 -0.62711645
vn -0.14775285 0.89826862 -0.41386300
vn -0.01854303 0.79719832 -0.60343267
vn -0.55562418 0.74171417 -0.37568851
vn -0.27157168 0.76919300 -0.57843838
vn 0.14533560 0.78700182 -0.59958795
vn -0.19749971 0.77423812 -0.60128961
vn -0.23155831 -0.87030060 -0.43469254
vn 0.51601859 -0.79658153 -0.31493282
vn 0.00188451 -0.94735666 -0.32017466
vn -0.38033951 -0.89105338 -0.24772109
vn 0.68310698 -0.68843236 -0.24377396
vn 0.42900752 -0.82079835 -0.37715067
vn -0.18718684 -0.91892924 -0.34717450
vn -0.55288517 -0.79638887 -0.24511784
vn -0.49473073 -0.79750774 -0.34528671
vn 0.55012709 -0.79176162 -0.26546887
vn 0.58014452 -0.75848272 -0.29687756
vn 0.35381009 -0.86117480 -0.36496081
vn -0.10916248 -0.90849207 -0.40339274
vn -0.44831148 -0.84219549 -0.29953894
vn -0.70313443 -0.68594461 -0.18730181
vn -0.58261717 -0.70523910 -0.40397407
vn 0.92828133 -0.23139306 -0.29112027
vn 0.82695089 -0.45361871 -0.33223829
vn 0.75009820 -0.56344083 -0.34624719
vn -0.41285782 -0.85602658 -0.31107379
vn -0.16067393 -0.95370066 -0.25424191
vn -0.02659973 -0.97500532 -0.22058351
vn 0.14406027 -0.96108543 -0.23571473
vn 0.45405526 -0.84312610 -0.28804895
vn -0.74381803 -0.57123308 -0.34702667
vn -0.82989435 -0.48902200 -0.26857559
vn -0.88376986 -0.22914655 -0.40797388
vn 0.95976201 -0.12090203 -0.25345529
vn 0.90834713 -0.26235817 -0.32568956
vn -0.94253390 -0.06716144 -0.32729068
vn -0.90696748 0.00574600 -0.42116146
vn 0.95686624 -0.22511544 -0.18365741
vn 0.91240275 -0.33106073 -0.24066577
vn -0.94242503 -0.02074461 -0.33377345
vn -0.90658106 -0.05582862 -0.41832278
vn 0.99129318 -0.08492119 0.10062915
vn 0.93352974 0.17672079 0.31191663
vn 0.86826327 -0.48168480 -0.11873772
vn -0.91769247 -0.23801369 -0.31810377
vn -0.85276335 -0.35523285 -0.38288941
vn 0.92432556 0.05845307 0.37710145
vn 0.93934391 -0.17351935 0.29584466
vn -0.72107588 -0.61897201 -0.31132495
vn -0.69347754 -0.69918847 -0.17385162
vn -0.64162581 -0.71280985 -0.28322861
vn 0.90832588 -0.02274334 0.41764439
vn 0.90736293 -0.04495682 0.41793707
vn -0.74166088 -0.59906614 -0.30175967
vn -0.88408450 -0.37910554 -0.27326468
vn -0.90605008 -0.10494781 -0.40995026
vn 0.90327720 0.02549009 0.42829960
vn 0.90856613 0.07101533 0.41166055
vn -0.89111392 0.37196928 -0.25991314
vn -0.85639078 0.37361664 -0.35637823
vn 0.83224884 0.35178099 0.42849972
vn 0.85593471 0.35616258 0.37486529
vn -0.71762947 0.67108627 -0.18614824
vn -0.70995636 0.59260463 -0.38050193
vn -0.57160179 0.73299059 -0.36877661
vn 0.73351900 0.58517866 0.34571059
vn 0.41501907 0.80440984 0.42506938
vn 0.56164567 0.75303375 0.34277444
vn 0.13140059 0.89673291 0.42261564
vn 0.20472601 0.90219937 0.37963609
vn -0.32573408 0.90402898 -0.27681929
vn -0.35184761 0.85051692 -0.39092740
vn -0.58852475 0.73636578 -0.33377247
vn -0.03702050 0.94422003 -0.32722777
vn -0.07328983 0.90282733 -0.42371148
vn -0.09495972 0.93962246 -0.32877392
vn 0.00084078 0.90479110 -0.42585486
vn -0.47601798 0.83886080 -0.26404439
vn -0.23665577 0.88086603 -0.40996230
vn 0.34067812 0.87627709 0.34070059
vn 0.10215946 0.91241870 0.39630236
vn 0.25700274 0.92113548 0.29233377
vn 0.47691325 0.86694881 0.14475330
vn 0.51706119 0.83695753 0.17930370
vn -0.58930205 0.78001094 -0.21048997
vn -0.67888798 0.67031316 -0.29965210
vn -0.67164660 0.69648808 -0.25257711
vn 0.55941004 0.82864997 -0.01999110
vn 0.36869938 0.90070057 -0.22978087
vn -0.60958762 0.76925950 -0.19142298
vn -0.50216463 0.85309081 -0.14165716
vn 0.04091320 0.99084144 -0.12868317
vn 0.16505934 -0.47576499 -0.86394623
vn -0.17819942 -0.58697173 -0.78975259
vn 0.50907446 0.15019476 -0.84751680
vn 0.25194797 0.07706090 -0.96466774
vn 0.04377002 0.41050788 -0.91080594
vn -0.10907076 0.26958374 -0.95678011
vn -0.24628166 -0.01396787 -0.96909764
vn -0.08117423 0.01024482 -0.99664727
vn -0.41333533 -0.09663865 -0.90543629
vn -0.15172425 -0.88065054 -0.44881442
vn 0.45188449 -0.79114192 -0.41218306
vn 0.04458289 -0.90128952 -0.43091713
vn -0.34871843 -0.84589314 -0.40355949
vn 0.85452012 -0.35635680 -0.37789575
vn 0.58939209 -0.64508997 -0.48628788
vn -0.06677003 -0.88047917 -0.46935935
vn -0.34942651 -0.85910732 -0.37394616
vn -0.24732520 -0.80004130 -0.54659323
vn -0.17857192 -0.91760672 -0.35511967
vn -0.03114755 -0.94671243 -0.32057045
vn 0.05267442 -0.94797873 -0.31394544
vn 0.27346821 -0.90055163 -0.33796731
vn 0.45171015 -0.79495108 -0.40498237
vn 0.33702887 -0.79159623 -0.50969299
vn -0.07398022 -0.85523079 -0.51293979
vn -0.55948362 -0.70505932 -0.43574010
vn -0.82813221 -0.38480575 -0.40758015
vn -0.81084570 -0.27075153 -0.51886689
vn 0.83166091 -0.40347677 -0.38150574
vn 0.76912345 -0.39824195 -0.49985245
vn -0.21768451 -0.86411981 -0.45377352
vn -0.05271396 -0.91886971 -0.39102390
vn -0.00510651 -0.91526661 -0.40281628
vn 0.11212224 -0.87913095 -0.46320339
vn 0.32425203 -0.77892418 -0.53678463
vn -0.90576677 -0.05200356 -0.42057365
vn -0.85388219 -0.00183939 -0.52046309
vn 0.76011715 -0.58226631 -0.28842306
vn 0.76700564 -0.45880654 -0.44855200
vn -0.90934814 -0.01448890 -0.41578364
vn -0.85221884 -0.10197105 -0.51315198
vn 0.77956132 -0.62541697 -0.03373057
vn 0.73546597 -0.65490500 -0.17375056
vn -0.87055041 -0.29630031 -0.39287162
vn -0.77748430 -0.40598547 -0.48030611
vn 0.80879165 -0.52440997 0.26617712
vn 0.95875451 -0.27996243 0.04910014
vn 0.77320050 -0.61854766 -0.13985626
vn -0.70666013 -0.59889031 -0.37677825
vn -0.63624092 -0.70612313 -0.31078547
vn -0.61209447 -0.66026381 -0.43519198
vn 0.93907273 -0.11687101 0.32323920
vn 0.99918625 -0.04030421 -0.00155423
vn -0.71753766 -0.56688559 -0.40469795
vn -0.87905980 -0.25041341 -0.40564393
vn -0.85067909 -0.09853725 -0.51636760
vn 0.95135480 0.04017838 0.30546645
vn 0.99903533 0.03975977 0.01864302
vn -0.83883717 0.35426206 -0.41334078
vn -0.73297016 0.48710372 -0.47485230
vn 0.89266184 0.36927312 0.25844187
vn 0.93676277 0.34977489 0.01153406
vn -0.35005913 0.84799832 -0.39794152
vn -0.35468660 0.78581966 -0.50664077
vn -0.55942967 0.69708815 -0.44844906
vn -0.02895079 0.90585134 -0.42260526
vn -0.09990606 0.84760743 -0.52113379
vn -0.09310458 0.90277279 -0.41992003
vn 0.00767773 0.85337654 -0.52123847
vn -0.50527538 0.77390010 -0.38180548
vn -0.27214922 0.80080988 -0.53351507
vn 0.78108485 0.62438399 0.00714725
vn 0.67622795 0.71189565 0.18952662
vn 0.74254055 0.66562907 -0.07464232
vn -0.65253198 0.68517908 -0.32362269
vn -0.68891466 0.58686493 -0.42542466
vn -0.70624170 0.61528439 -0.35021105
vn 0.68333613 0.73010388 0.00023926
vn 0.57572820 0.75818051 0.30610351
vn 0.62898628 0.76951981 -0.11052384
vn 0.09853404 0.93060207 0.35252069
vn 0.02832999 0.95106562 0.30768750
vn 0.17130399 0.95406304 0.24580206
vn -0.65312879 0.70366958 -0.27977117
vn -0.67671951 0.63344831 -0.37522518
vn -0.53003895 0.76826841 -0.35891832
vn 0.27640947 0.95768525 0.08022950
vn 0.09424815 0.99511339 0.02943850
vn 0.00395824 0.99287023 0.11913455
vn 0.03572693 0.99903671 -0.02548016
vn 0.04687101 0.98232089 -0.18124232
vn -0.30716447 0.90389768 -0.29768939
vn -0.06272597 0.95467905 -0.29095251
vn 0.30996865 -0.65893419 -0.68536499
vn 0.28658130 -0.57792067 -0.76411966
vn 0.04250915 -0.53185727 -0.84576641
vn -0.42611038 -0.56212417 -0.70883451
vn 0.56401070 -0.51415290 -0.64617236
vn 0.15232156 -0.75089684 -0.64261348
vn 0.00728850 -0.89488800 -0.44623128
vn -0.04369167 -0.91172146 -0.40847890
vn -0.11262190 -0.86153979 -0.49504090
vn 0.07871357 -0.64830050 -0.75730485
vn 0.06534697 -0.27948433 -0.95792394
vn -0.07700743 -0.12080462 -0.98968485
vn -0.53407101 -0.12290355 -0.83645853
vn 0.65518474 -0.61363742 -0.44066095
vn 0.45330950 -0.70160502 -0.54978260
vn 0.38068668 -0.72805298 -0.57010219
vn 0.19621285 -0.79692782 -0.57132003
vn 0.03679617 -0.84717022 -0.53004590
vn -0.12274666 -0.85160858 -0.50960385
vn -0.30878979 -0.81650642 -0.48781772
vn -0.38776746 -0.74492137 -0.54288907
vn -0.28471619 -0.74273792 -0.60603389
vn -0.26571193 -0.52217403 -0.81038969
vn -0.24998927 -0.10683678 -0.96233636
vn -0.57741186 -0.00428478 -0.81644178
vn 0.72308604 -0.65489725 -0.21967285
vn 0.55279581 -0.76904517 -0.32091481
vn 0.42322010 -0.81974901 -0.38587083
vn 0.35941057 -0.79816892 -0.48347742
vn -0.36294551 -0.73801721 -0.56885952
vn -0.54627893 -0.62459223 -0.55808949
vn -0.73462377 -0.29496023 -0.61100441
vn -0.51799531 -0.29956723 -0.80121179
vn -0.56461159 -0.23370635 -0.79157760
vn 0.92486716 -0.23965132 -0.29527612
vn 0.80539899 -0.50169447 -0.31565030
vn 0.73242395 -0.59941180 -0.32289419
vn -0.56465354 -0.03908317 -0.82440214
vn -0.74836014 0.11657075 -0.65296888
vn -0.33131300 -0.16315992 -0.92930648
vn -0.52455060 -0.47094764 -0.70926369
vn 0.94968826 -0.03657161 -0.31105423
vn 0.90832431 -0.12715644 -0.39846980
vn -0.41116729 0.38113910 -0.82805461
vn -0.57370136 0.50862317 -0.64200407
vn -0.12686116 0.19687334 -0.97218678
vn -0.22115849 -0.00762607 -0.97520806
vn -0.59821015 -0.33566048 -0.72765147
vn 0.94126057 0.06805367 -0.33075255
vn 0.90981499 0.03638099 -0.41341639
vn -0.51105838 0.53151725 -0.67550629
vn -0.51928996 0.57064158 -0.63616517
vn -0.72666756 0.28859661 -0.62343103
vn -0.41169479 0.59519198 -0.69011152
vn -0.40844452 0.66374203 -0.62659364
vn -0.27982387 0.64809299 -0.70828954
vn -0.05528501 0.62099226 -0.78186455
vn -0.06714509 0.56929787 -0.81938481
vn -0.51422465 0.30767767 -0.80056696
vn 0.80430975 0.51530604 -0.29588091
vn 0.87275811 0.32712460 -0.36232964
vn -0.69952537 0.29885092 -0.64911662
vn -0.80438053 0.15787430 -0.57275446
vn -0.52861779 0.55308608 -0.64394023
vn 0.65832108 0.71838040 -0.22481760
vn 0.74963729 0.57961041 -0.31952419
vn 0.56327597 0.75784406 -0.32923026
vn -0.72592289 0.49872317 -0.47361499
vn -0.69857089 0.49461280 -0.51706565
vn 0.35799901 0.89913219 -0.25178961
vn 0.53881788 0.78472629 -0.30639833
vn 0.28005510 0.92737074 -0.24809808
vn 0.42912609 0.81664012 -0.38594003
vn 0.22259823 0.91144731 -0.34599686
vn -0.09306640 0.94818407 -0.30378548
vn -0.26163994 0.86291871 -0.43233765
vn -0.30332470 0.89963388 -0.31409077
vn -0.14211093 0.92144140 -0.36159402
vn -0.13942523 0.87258529 -0.46814049
vn -0.48382215 0.79000066 -0.37658343
vn -0.32235177 0.78098080 -0.53493769
vn -0.04154632 0.98211990 -0.18361481
vn 0.22618152 -0.76893530 -0.59798029
vn 0.08065086 -0.71145469 -0.69808857
vn -0.07242845 -0.67557569 -0.73372448
vn -0.25078180 -0.68036151 -0.68863394
vn 0.40363005 -0.82959658 -0.38581381
vn 0.20874290 -0.86295101 -0.46015427
vn 0.09004911 -0.81875061 -0.56704373
vn 0.02224248 -0.75928400 -0.65037918
vn -0.20810782 -0.63449445 -0.74438426
vn -0.22220386 -0.39050454 -0.89338214
vn -0.31829653 -0.49317717 -0.80960706
vn -0.49935105 -0.54209147 -0.67585898
vn 0.88038942 -0.26096174 -0.39599678
vn 0.70657895 -0.54237532 -0.45450544
vn 0.34776368 -0.78567871 -0.51163404
vn 0.07740526 -0.81929950 -0.56811685
vn 0.00549829 -0.79474011 -0.60692498
vn -0.13042181 -0.77808511 -0.61447026
vn -0.51780355 -0.62221843 -0.58713177
vn -0.75888917 -0.11190634 -0.64153270
vn -0.50924004 -0.16723838 -0.84421911
vn -0.30218003 0.03458236 -0.95262337
vn -0.56025430 -0.09741820 -0.82257207
vn 0.90838111 -0.02291375 -0.41751494
vn 0.83168788 -0.14834632 -0.53505947
vn -0.66578625 0.23515453 -0.70811794
vn -0.75718811 0.27170317 -0.59400636
vn -0.41455211 0.43871316 -0.79729374
vn -0.51607305 0.39008721 -0.76256185
vn 0.89922503 0.08702245 -0.42874402
vn 0.84156173 0.06880338 -0.53576110
vn -0.70589781 0.31167313 -0.63605671
vn -0.70317512 0.35242049 -0.61753102
vn -0.73661403 0.32589420 -0.59261517
vn -0.64327540 0.37240492 -0.66896288
vn 0.82696652 0.37544612 -0.41852908
vn 0.79331398 0.35617413 -0.49375390
vn -0.57698218 0.39774405 -0.71336613
vn -0.71677989 0.47674771 -0.50885971
vn -0.69915295 0.18312834 -0.69112167
vn 0.39808882 0.83210694 -0.38616491
vn 0.56227490 0.71326178 -0.41845498
vn 0.42836694 0.81102038 -0.39843157
vn 0.46391730 0.73697213 -0.49158196
vn 0.37602082 0.83206961 -0.40776037
vn -0.46377325 0.73823473 -0.48982023
vn -0.70391210 0.55435079 -0.44407540
vn -0.51528745 0.75543186 -0.40472404
vn -0.30614600 0.65503623 -0.69079821
vn -0.58521973 0.36943533 -0.72182782
vn -0.24597102 0.89888304 -0.36263967
vn 0.10371730 0.89559266 -0.43261589
vn 0.50042777 -0.43754591 -0.74707806
vn 0.11834898 -0.58798883 -0.80016414
vn -0.00839061 -0.58943229 -0.80777421
vn -0.16085405 -0.54465630 -0.82308899
vn -0.44797835 -0.47122269 -0.75977929
vn 0.58570482 -0.06133228 -0.80820061
vn 0.18288638 -0.22342143 -0.95741080
vn -0.08343951 -0.23211781 -0.96910225
vn -0.21927298 -0.11726322 -0.96859109
vn -0.59174602 0.05716067 -0.80409533
vn 0.63611172 0.15600695 -0.75566111
vn 0.32370137 -0.00459654 -0.94614814
vn -0.09388443 -0.32415100 -0.94133514
vn -0.52775485 0.14683854 -0.83660819
vn 0.56200638 0.52052208 -0.64281069
vn 0.51346170 0.20566938 -0.83310095
vn 0.72762108 -0.06358441 -0.68302605
vn -0.38525704 -0.67217084 -0.63226844
vn -0.72510271 0.45792327 -0.51432707
vn -0.80526699 0.23498876 -0.54435774
vn -0.36864786 0.84024700 -0.39759746
vn 0.33838623 0.78358126 -0.52105198
vn 0.04097377 0.02650269 -0.99880867
vn -0.42916926 -0.26776683 0.86262081
vn 0.44304151 -0.56288376 0.69776507
vn -0.19436791 -0.77412705 0.60245201
vn -0.79009323 -0.00208870 0.61298313
vn -0.03693664 -0.08301425 0.99586360
vn 0.69763008 -0.20559113 0.68632686
vn 0.64679962 -0.40487066 0.64632036
vn -0.81337019 0.37005277 0.44887625
vn -0.81526759 0.21821688 0.53639552
vn 0.04051524 0.01930632 0.99899238
vn 0.76496612 0.09085213 0.63763056
vn -0.83145269 0.11680245 0.54317918
vn 0.11807591 0.40815919 0.90524259
vn 0.56327770 0.57990086 0.58858579
vn -0.75493843 0.22252599 0.61688747
vn 0.19952529 -0.44312297 0.87397465
vn 0.81339269 -0.26482453 0.51793851
vn 0.50029092 -0.62388795 0.60039388
vn -0.16425723 -0.76957768 0.61706544
vn -0.58367992 -0.26046170 0.76907571
vn -0.72877702 -0.39952139 0.55611753
vn -0.24405764 0.72379524 0.64541174
vn 0.46789479 0.29906606 0.83164533
vn 0.79030410 0.40944405 0.45582343
vn -0.27694265 0.45845303 0.84446645
vn -0.80114014 0.32791754 0.50064415
vn 0.38756542 0.80343776 0.45197434
vn -0.37570222 0.76507230 0.52298395
vn 0.29793934 -0.11790238 0.94727566
vn 0.85963134 -0.01929549 0.51055033
vn 0.38252442 -0.75427074 0.53362039
vn -0.31799336 -0.81426274 0.48565050
vn -0.39636491 0.04389146 0.91704329
vn -0.70415367 -0.29677435 0.64505240
vn 0.23554729 0.72273868 0.64974323
vn -0.52584651 0.53982176 0.65732634
vn 0.41457401 -0.04554940 0.90887493
vn 0.75108604 0.14314380 0.64449951
vn 0.47411823 -0.64686678 0.59730668
vn 0.09243803 -0.75333219 0.65111122
vn 0.17614658 -0.13740629 0.97472657
vn -0.25201288 -0.72531857 0.64062663
vn -0.52796556 -0.18213370 0.82950569
vn -0.73346225 -0.37192986 0.56894754
vn 0.51516389 0.72723715 0.45357722
vn 0.42832624 0.62135299 0.65609230
vn -0.20991455 0.55231534 0.80677360
vn 0.20528588 0.85444290 0.47726830
vn -0.64692830 0.47084890 0.59982088
vn -0.02832193 0.86719868 0.49715624
vn 0.28964473 -0.51470416 0.80696069
vn 0.79887295 -0.25390451 0.54528388
vn 0.48243597 -0.68436793 0.54671389
vn -0.10514644 -0.81256910 0.57330244
vn -0.27746744 -0.64629297 0.71085668
vn -0.41768534 -0.73822833 0.52967716
vn 0.27523146 -0.59564890 0.75461913
vn 0.40772979 -0.68325679 0.60573639
vn 0.32388004 -0.78959606 0.52119073
vn 0.07320103 -0.85100695 0.52002767
vn 0.00582029 -0.65903637 0.75208855
vn -0.32441752 -0.83844209 0.43791339
vn -0.47535324 -0.59384273 0.64914568
vn -0.55671307 -0.74100341 0.37547905
vn 0.53685414 -0.12341693 0.83459924
vn 0.83646558 -0.14163885 0.52939944
vn 0.02869995 -0.26606259 0.96352842
vn -0.38280959 -0.73942289 0.55381459
vn -0.20250808 -0.56820520 0.79757967
vn -0.10296367 -0.77943695 0.61796158
vn 0.01531454 -0.60517900 0.79594211
vn 0.23201470 -0.73560507 0.63643881
vn 0.27074100 -0.46012444 0.84556774
vn 0.13142660 -0.11177503 0.98500426
vn 0.06760928 -0.02011485 0.99750909
vn -0.24488647 -0.06621214 0.96728825
vn -0.76022327 -0.46815364 0.45043618
vn -0.70326295 0.14367980 0.69625953
vn -0.88427643 0.08875630 0.45845122
vn 0.47046866 -0.16877999 0.86612502
vn 0.74974420 -0.35251784 0.56001322
vn 0.23908682 -0.07407255 0.96816876
vn 0.01220858 -0.30507292 0.95225074
vn -0.13703322 -0.47497382 0.86926507
vn -0.09683509 -0.08554277 0.99161757
vn -0.01418743 0.15403879 0.98796294
vn -0.20112912 0.53050305 0.82347653
vn -0.33035074 0.57242343 0.75046639
vn -0.57229143 0.69023968 0.44277726
vn -0.72320473 0.51759526 0.45724180
vn 0.11424904 -0.70109562 0.70385516
vn 0.67915444 -0.49218954 0.54451695
vn -0.16531995 -0.80915007 0.56386653
vn -0.41047253 -0.81985044 0.39919613
vn 0.42832665 -0.36995231 0.82442197
vn 0.56738661 -0.65942910 0.49317918
vn 0.70330117 -0.51106728 0.49414340
vn 0.26716032 -0.14039450 0.95337020
vn 0.29379058 -0.13619452 0.94611741
vn 0.37752866 -0.45258549 0.80786044
vn -0.50498374 0.20139961 0.83930305
vn -0.33902589 0.60040712 0.72427394
vn -0.41985002 0.78005946 0.46393232
vn -0.27626842 0.81278462 0.51289075
vn -0.42235318 0.79597309 0.43364113
vn 0.41466222 -0.13330153 0.90015885
vn 0.86006032 0.00604271 0.51015658
vn -0.32903357 -0.80757748 0.48944409
vn -0.11189808 -0.35189966 0.92932527
vn -0.13536282 -0.86149028 0.48939903
vn 0.02025820 -0.46972443 0.88258063
vn 0.21659198 -0.83490213 0.50599045
vn 0.19027279 -0.45902016 0.86781148
vn 0.09696532 -0.16379720 0.98171697
vn 0.23424155 -0.09526092 0.96750000
vn 0.48441762 -0.23180525 0.84356736
vn -0.88583983 0.22968751 0.40315189
vn -0.73341395 0.47205795 0.48914748
vn -0.50318892 0.65791121 0.56031577
vn -0.47118325 0.72485811 0.50256050
vn 0.49768792 0.49104818 0.71496743
vn 0.71970843 0.54792179 0.42638186
vn 0.13370850 0.52311411 0.84170878
vn 0.18579127 0.39723884 0.89871180
vn 0.16521311 -0.04090232 0.98540937
vn 0.00957593 -0.22579498 0.97412778
vn 0.14399038 -0.12940303 0.98108186
vn 0.57615798 -0.03076478 0.81675915
vn -0.90077859 0.01276462 0.43409099
vn -0.84546511 0.11821209 0.52078272
vn 0.43277130 0.76633186 0.47480994
vn 0.18962014 0.79611049 0.57467581
vn 0.46669625 0.68046437 0.56494500
vn 0.58732220 0.30451613 0.74988170
vn 0.76253213 0.27068386 0.58760106
vn 0.30674578 -0.39361344 0.86658842
vn -0.13436782 -0.47810269 0.86796492
vn 0.38377762 0.12943147 0.91430970
vn -0.68706189 0.25233573 0.68137554
vn -0.80993177 -0.22958871 0.53972174
vn 0.81367200 -0.12279538 0.56820697
vn 0.84001823 0.05781988 0.53946847
vn -0.55007427 -0.01254814 0.83502146
vn -0.22341112 0.66607143 0.71164339
vn -0.20693023 0.66696037 0.71578191
vn -0.78574638 -0.24320847 0.56872865
vn -0.60467368 0.34225066 0.71918998
vn -0.84159799 0.20356279 0.50027495
vn 0.87468139 0.25254614 0.41370632
vn 0.82629385 0.28217328 0.48745945
vn -0.68125501 0.53240286 0.50243289
vn -0.55723796 0.74051452 0.37566489
vn -0.16572722 0.85972920 0.48311509
vn -0.15992146 0.84210085 0.51506435
vn -0.53557386 0.68029176 0.50036363
vn 0.71005961 0.58614890 0.39018562
vn 0.43303097 0.80733866 0.40085967
vn 0.58476046 0.74281304 0.32601226
vn -0.08524502 0.90476309 0.41729731
vn -0.63255710 0.68499156 0.36146657
vn -0.71388815 0.61108089 0.34197056
vn 0.34958908 0.86864515 0.35105993
vn -0.23633198 0.88133417 0.40914211
vn 0.35313959 -0.82810705 0.43535176
vn 0.58466217 -0.71921335 0.37536957
vn 0.18578943 -0.88973839 0.41695070
vn -0.26011334 -0.88014226 0.39710283
vn -0.23182135 -0.87622014 0.42248920
vn -0.45560206 -0.80688075 0.37599230
vn 0.67116515 -0.38627332 0.63271657
vn 0.66664072 -0.62075991 0.41261034
vn 0.66273510 -0.63688794 0.39389839
vn -0.50234431 -0.70784145 0.49659912
vn -0.48218722 -0.24857434 0.84006326
vn -0.22949677 -0.83429734 0.50127755
vn -0.14331605 -0.64366536 0.75176819
vn -0.29078222 -0.84088416 0.45646416
vn -0.25001669 -0.70532802 0.66332800
vn -0.38128684 -0.82951261 0.40807987
vn 0.44612873 -0.39312248 0.80400490
vn 0.63242054 -0.62491412 0.45774076
vn 0.62698495 -0.63271414 0.45449167
vn 0.27932312 -0.00036826 0.96019709
vn 0.34954955 0.43857564 0.82792905
vn -0.20996216 0.46619400 0.85940622
vn -0.10577192 0.06425559 0.99231221
vn -0.00478538 -0.11002047 0.99391780
vn -0.05967439 -0.25984802 0.96380391
vn -0.41318959 -0.76247802 0.49789722
vn -0.32914040 -0.47607147 0.81548915
vn -0.49550659 -0.74626363 0.44448151
vn -0.55132003 -0.52007238 0.65235799
vn -0.67765237 -0.58131403 0.45040123
vn 0.54882598 -0.30493105 0.77833611
vn 0.82610350 -0.30331761 0.47492256
vn 0.74372616 -0.50427535 0.43883684
vn 0.14190522 -0.16556951 0.97593527
vn 0.01252619 -0.06864990 0.99756217
vn 0.02145117 0.12910257 0.99139920
vn 0.00724262 0.18570335 0.98257916
vn -0.01837849 0.08410106 0.99628773
vn 0.05697291 0.04469071 0.99737497
vn 0.02235339 0.09683876 0.99504903
vn -0.11600790 0.08168633 0.98988358
vn -0.39784663 -0.12998001 0.90819780
vn -0.69497669 -0.46541394 0.54808508
vn 0.54947004 -0.00490521 0.83549902
vn 0.84974094 0.02395646 0.52665589
vn 0.18900087 0.03974585 0.98117223
vn -0.00745978 -0.08513972 0.99634110
vn -0.02819479 -0.18551152 0.98223751
vn -0.01934221 -0.19521868 0.98056899
vn -0.02001236 -0.12683379 0.99172209
vn -0.01838472 0.03641907 0.99916748
vn -0.08525836 0.16247816 0.98302180
vn -0.24979174 0.44198176 0.86154293
vn -0.10059940 0.54178276 0.83447660
vn -0.59534712 -0.49878728 0.62989924
vn -0.12184876 0.07346195 0.98982636
vn -0.50706241 -0.71329408 0.48383806
vn -0.44859314 -0.35026420 0.82224034
vn -0.74562827 -0.48603002 0.45586544
vn 0.53440096 0.44864367 0.71633405
vn 0.72645351 0.51313105 0.45712343
vn 0.37126237 0.45807217 0.80767205
vn 0.19569013 0.04632786 0.97957088
vn 0.25167688 -0.42051049 0.87168210
vn -0.02633513 -0.61360361 0.78917493
vn -0.30453675 -0.51746922 0.79967679
vn -0.30297301 -0.12973257 0.94412754
vn -0.44660005 0.22295091 0.86651098
vn -0.61754916 0.45398981 0.64228209
vn -0.28374351 0.72592921 0.62651130
vn 0.09972369 0.79848708 0.59369485
vn 0.51116934 0.60652190 0.60896395
vn -0.01861117 0.27229071 0.96203503
vn 0.73012143 0.31537487 0.60618593
vn -0.81202220 -0.02962719 0.58287406
vn 0.50098142 0.75654166 0.42031220
vn 0.46640044 0.74400253 0.47846720
vn 0.62443721 0.33608431 0.70507127
vn 0.53005820 0.71376899 0.45779049
vn -0.66420935 -0.07181289 0.74408927
vn -0.66266463 0.12402640 0.73857500
vn -0.76633336 0.18454308 0.61536739
vn 0.03561083 0.03749914 0.99866195
vn 0.73902774 -0.09097107 0.66750451
vn -0.78652331 -0.00233737 0.61755616
vn 0.61010324 0.68972334 0.38994326
vn 0.50654094 0.78043334 0.36652433
vn 0.55934731 0.77124788 0.30382115
vn 0.39528876 0.83866933 0.37467392
vn -0.65082282 0.43054802 0.62534635
vn -0.63891780 0.44280008 0.62905654
vn -0.73066447 0.30500651 0.61081950
vn -0.09612417 -0.56039049 0.82263154
vn 0.50507715 -0.56830684 0.64955709
vn -0.72483462 -0.24892422 0.64237956
vn 0.49997277 0.79368897 0.34653291
vn 0.49591133 0.73205419 0.46708523
vn 0.07090239 0.63587439 0.76852886
vn 0.69621060 0.35719426 0.62265806
vn -0.48726014 0.64093779 0.59310733
vn -0.51654570 0.66070893 0.54465057
vn -0.58701464 0.54751799 0.59635381
vn 0.55921106 -0.63848897 0.52878618
vn 0.76735695 -0.31758684 0.55704750
vn 0.55726062 -0.59553582 0.57861705
vn 0.45478026 -0.69430444 0.55777797
vn 0.30369282 -0.76007978 0.57449926
vn -0.25383994 -0.71949134 0.64644992
vn -0.47577735 -0.62929439 0.61451159
vn -0.26799669 -0.68601922 0.67642842
vn -0.16002398 -0.80901473 0.56558598
vn 0.03286062 -0.75647102 0.65320117
vn 0.03439272 -0.85506044 0.51738649
vn 0.14775933 -0.80359008 0.57655022
vn 0.07161327 -0.88604206 0.45804039
vn 0.17251041 -0.86232644 0.47606015
vn -0.02226142 -0.90637004 0.42189782
vn -0.05259032 -0.90125584 0.43008392
vn -0.36505659 -0.85774528 0.36194851
vn -0.36274069 -0.84130197 0.40078695
vn -0.58664768 -0.73973583 0.32959885
vn -0.07037381 0.09970471 0.99252531
vn 0.77561638 0.02742449 0.63060854
vn -0.72669990 0.22519400 0.64899532
vn 0.78267108 -0.39793683 0.47861494
vn 0.85432974 -0.03287833 0.51869038
vn -0.29162552 -0.72069600 0.62892911
vn 0.01865647 -0.72423807 0.68929758
vn 0.26929585 -0.75661427 0.59583101
vn -0.65041900 -0.69871572 0.29791186
vn -0.65386274 -0.68961664 0.31127545
vn -0.67185715 -0.68408781 0.28395747
vn -0.06665435 -0.24898491 0.96621101
vn 0.81112099 -0.23136126 0.53717288
vn -0.77771485 -0.06692519 0.62504450
vn 0.91237199 -0.12629555 0.38939284
vn 0.87627682 -0.10454004 0.47033000
vn -0.79240818 -0.52213528 0.31537919
vn -0.87202642 -0.05767922 0.48604839
vn -0.91516234 0.20258466 0.34847861
vn 0.31337352 -0.67994984 0.66292175
vn 0.81958325 -0.38263645 0.42646530
vn -0.71154049 -0.38375765 0.58859171
vn 0.85596856 -0.37748211 0.35330592
vn 0.74841529 -0.50557371 0.42926656
vn -0.65222365 0.68790502 0.31841952
vn -0.67540696 0.66073497 0.32749769
vn -0.75290492 0.56533403 0.33694451
vn 0.81312017 -0.42665121 0.39598527
vn 0.86155637 -0.31079459 0.40140670
vn 0.81487794 -0.43695229 0.38084990
vn -0.53117369 -0.72677375 0.43549332
vn -0.27452516 -0.88632132 0.37292150
vn -0.14361782 -0.86541832 0.48002610
vn 0.07795674 -0.92266325 0.37764438
vn 0.30061631 -0.80244245 0.51547644
vn 0.54149541 -0.77175598 0.33342979
vn -0.35881362 0.85336406 0.37818323
vn -0.34116294 0.86498158 0.36798737
vn -0.54245862 0.76796550 0.34054022
vn -0.64003139 0.70395656 0.30790417
vn 0.90335004 -0.12633307 0.40987640
vn 0.91289038 0.02629512 0.40735698
vn -0.66526364 0.39121380 0.63590569
vn -0.61939821 0.50337927 0.60245761
vn -0.61502605 0.61013226 0.49948131
vn -0.45163481 0.78042235 0.43239676
vn -0.45196718 0.79557130 0.40347487
vn 0.82962062 0.38319567 0.40606736
vn 0.84389889 0.39766764 0.36013206
vn -0.74551506 -0.07622576 0.66211549
vn -0.72514236 0.08396548 0.68346057
vn -0.78968264 0.19810170 0.58065225
vn 0.76300745 0.51639442 0.38878841
vn 0.58798008 0.43845367 0.67973363
vn 0.82926100 0.23369219 0.50765555
vn 0.25110822 0.56571648 0.78543588
vn 0.39217248 0.57704989 0.71638968
vn -0.79652523 -0.22717613 0.56030220
vn -0.79834942 -0.08146127 0.59665925
vn -0.82600209 0.06058314 0.56040185
vn 0.52712857 0.14012332 0.83815328
vn 0.84886968 0.07503345 0.52324970
vn 0.29073154 0.23338049 0.92790556
vn 0.51164216 0.21856264 0.83093482
vn -0.86541354 0.09298229 0.49235526
vn -0.84012255 0.32647975 0.43313400
vn 0.49366689 0.42846440 0.75677689
vn 0.74330491 0.47026320 0.47576290
vn 0.26457443 0.54321712 0.79681587
vn 0.58587388 0.44057192 0.68018246
vn -0.32323285 0.85365742 0.40839874
vn -0.07760421 0.90182850 0.42506817
vn -0.22719823 0.88186452 0.41315364
vn -0.59451393 0.71512842 0.36762009
vn -0.77179270 0.51400846 0.37434119
vn 0.42161870 0.77738914 0.46680168
vn 0.23800703 0.83365576 0.49836806
vn 0.49787765 0.76679772 0.40514084
vn 0.56047995 0.77982437 0.27881209
vn 0.43322011 0.86525503 0.25229758
vn -0.73069776 0.61499793 0.29640906
vn -0.59898464 0.73777808 0.31128910
vn -0.25925969 0.87745334 0.40355923
vn -0.09308172 0.90888376 0.40652935
vn -0.37795667 0.85472424 0.35580224
vn 0.54387312 0.82928605 0.12840048
vn 0.50599038 0.80575125 0.30779645
vn 0.56811026 0.82268023 0.02116534
vn -0.05258536 0.93530281 0.34991917
vn -0.53043927 0.79031040 0.30666538
vn -0.71755897 0.63834733 0.27860690
vn 0.24494709 0.96281384 0.11397561
vn -0.20186226 0.96481666 0.16846494
vn 0.29686547 -0.89424316 0.33496277
vn 0.53044621 -0.81884741 0.21935300
vn 0.27789636 -0.95035884 0.13997035
vn -0.10123090 -0.97061837 0.21829402
vn -0.20263466 -0.90496610 0.37413306
vn -0.41493765 -0.85132327 0.32105363
vn 0.63364457 -0.72107209 0.28026702
vn 0.64894505 -0.71461772 0.26113565
vn 0.61232635 -0.77733199 0.14426167
vn -0.39170708 -0.83218976 0.39246117
vn -0.27364909 -0.87533411 0.39863061
vn -0.18766287 -0.89578328 0.40293296
vn -0.14249928 -0.89548962 0.42165425
vn -0.33196330 -0.86470017 0.37695356
vn -0.32717645 -0.84887615 0.41516846
vn -0.44072070 -0.82349449 0.35724234
vn 0.67657186 -0.67225736 0.30053379
vn 0.66815295 -0.68420105 0.29230217
vn 0.67322769 -0.68324166 0.28274602
vn -0.40627473 -0.82881490 0.38471640
vn -0.36922851 -0.84181551 0.39372193
vn -0.47272727 -0.81837922 0.32677879
vn -0.44392678 -0.80903792 0.38520988
vn -0.57589499 -0.74949974 0.32648905
vn 0.70811929 -0.62819502 0.32239431
vn 0.68204315 -0.65818353 0.31876571
vn 0.66146014 -0.68611241 0.30285350
vn -0.67959497 -0.65053632 0.33904744
vn -0.67552113 -0.60213032 0.42557054
vn -0.65122053 -0.69887294 0.29578445
vn 0.78953580 -0.46510123 0.40039239
vn 0.86072405 -0.33779952 0.38084851
vn 0.76739209 -0.55366068 0.32337167
vn -0.58624786 -0.64093602 0.49549416
vn -0.69726091 -0.65229404 0.29721997
vn -0.61041805 -0.66947792 0.42330735
vn -0.63137632 -0.70102292 0.33155815
vn 0.90127370 -0.10968082 0.41913702
vn 0.91145290 0.03707313 0.40973064
vn -0.73448888 -0.58724665 0.34009918
vn -0.89967942 -0.20105747 0.38749558
vn -0.85768056 -0.39486332 0.32934333
vn 0.82977130 0.37221820 0.41585239
vn 0.84473261 0.39431004 0.36186519
vn -0.53245561 0.38703544 0.75279120
vn -0.01895907 0.57920955 0.81495819
vn 0.44226768 0.61363823 0.65410047
vn -0.90725787 -0.04928500 0.41767709
vn -0.89704448 -0.09838433 0.43085000
vn 0.70036885 0.62024757 0.35323706
vn 0.48443006 0.78935534 0.37715470
vn 0.54357875 0.76992376 0.33427465
vn 0.44801517 0.81247456 0.37305160
vn -0.50664998 0.08517559 0.85793410
vn 0.02402115 0.03548359 0.99908153
vn 0.56199451 0.15744920 0.81201719
vn -0.76193965 -0.38039970 0.52416032
vn -0.82931836 -0.24326584 0.50304352
vn 0.42316699 0.83906166 0.34191405
vn 0.46376678 0.82705163 0.31765701
vn 0.54939395 0.78414033 0.28860047
vn 0.48398548 0.82087984 0.30317379
vn -0.34702525 0.20277416 0.91567249
vn 0.22383908 -0.36831365 0.90235310
vn 0.54885863 -0.36743224 0.75083137
vn -0.49773600 -0.63554696 0.59020245
vn -0.54344022 -0.67872087 0.49397439
vn -0.24762370 -0.83940416 0.48382142
vn -0.24496160 -0.89401297 0.37514614
vn -0.01161160 -0.93019280 0.36688763
vn -0.04548506 -0.97858549 0.20075244
vn 0.03396356 -0.94466710 0.32626761
vn -0.02094250 -0.98938521 0.14379955
vn -0.07289258 -0.92965922 0.36113766
vn -0.27623361 -0.94722121 0.16268672
vn -0.48327070 -0.81172110 0.32796080
vn -0.60855769 -0.78251553 0.13163203
vn 0.57611822 0.77834349 0.24953800
vn 0.68060677 0.64877014 0.34039936
vn 0.63590598 0.75910342 0.13923213
vn 0.61610790 0.60954864 0.49886022
vn -0.56190334 0.44242030 0.69894843
vn -0.24633028 0.39293890 0.88595734
vn 0.36001525 -0.22013300 0.90660381
vn -0.63635413 -0.74190252 0.21126777
vn -0.73794082 -0.62858830 0.24560151
vn -0.71056459 -0.69160349 0.12954758
vn 0.77293199 0.60054694 0.20474255
vn 0.82502094 0.35412373 0.44038260
vn 0.92678715 0.34643474 0.14508120
vn -0.60510532 0.07774541 0.79234033
vn -0.05416244 0.16579609 0.98467156
vn 0.52221923 0.01989049 0.85257929
vn -0.69644275 -0.69531782 0.17748415
vn -0.75350671 -0.62140045 0.21468376
vn -0.78635786 -0.61608711 0.04558500
vn 0.93069276 -0.00865487 0.36569944
vn 0.98912223 -0.05996330 0.13431907
vn -0.59403632 -0.20077371 0.77898059
vn -0.01461693 -0.13006574 0.99139762
vn 0.59285399 -0.01555805 0.80515967
vn -0.73598809 -0.63409219 0.23716792
vn -0.91244550 0.21014372 0.35111654
vn -0.99847293 0.00250074 -0.05518656
vn 0.86959579 -0.33624994 0.36157869
vn 0.91972883 -0.37717652 0.10879682
vn -0.50156190 -0.57307299 0.64809182
vn -0.02309918 -0.55486575 0.83161916
vn 0.53725647 -0.36827645 0.75876739
vn -0.76614599 0.58578619 0.26433854
vn -0.85158384 0.51323457 0.10674845
vn -0.76898945 0.63576661 -0.06675358
vn 0.85221217 -0.42188520 0.30943059
vn 0.93366312 -0.30425407 0.18895143
vn 0.84989933 -0.52609223 0.02996819
vn -0.64793454 0.69568276 0.31017146
vn -0.65952571 0.69616629 0.28351075
vn -0.76633080 0.59451911 0.24348333
vn 0.93035101 -0.08429936 0.35684818
vn 0.99026000 0.02111720 0.13761974
vn -0.68645515 0.47125764 0.55380102
vn -0.67527589 0.57966342 0.45606227
vn -0.63973371 0.69849692 0.32069116
vn -0.65251993 0.69975435 0.29079477
vn 0.90182985 0.29464691 0.31604767
vn 0.97445091 0.17170961 0.14477995
vn -0.86003021 0.22947015 0.45573182
vn -0.82079004 0.47208333 0.32162251
vn -0.73637599 0.61141010 0.28970344
vn 0.84881433 0.39926208 0.34656027
vn 0.84782518 0.35637404 0.39267035
vn 0.88036938 0.22974113 0.41493225
vn -0.92757222 0.08461207 0.36393760
vn -0.93739241 0.34673519 0.03271349
vn 0.89856444 0.12187926 0.42157727
vn 0.90583582 0.08977695 0.41400671
vn -0.83472157 0.43546580 0.33706000
vn -0.96321261 0.26810518 -0.01846825
vn 0.84359064 0.32178155 0.42989704
vn 0.86693525 0.32100241 0.38128823
vn -0.68940079 0.68309906 0.24104405
vn -0.76555842 0.64068326 0.05869647
vn -0.76670582 0.64085114 0.03836678
vn 0.74412090 0.56836959 0.35105567
vn 0.40274083 0.81996944 0.40675538
vn 0.53130095 0.78124457 0.32768311
vn 0.11308357 0.92450379 0.36401216
vn 0.16226939 0.94546396 0.28242973
vn -0.27427900 0.90345557 0.32945266
vn -0.08805979 0.94594394 0.31214667
vn -0.23452438 0.93551976 0.26419897
vn -0.57519257 0.81258368 0.09413431
vn -0.68075089 0.73100973 0.04693611
vn 0.17146135 0.95500129 0.24201972
vn -0.01975032 0.98934205 0.14426448
vn 0.12727516 0.98914814 0.07339607
vn 0.21610865 0.97449641 -0.06044663
vn 0.49686601 0.86430199 -0.07814237
vn 0.49015284 0.86831884 -0.07597750
vn 0.54098617 0.83376185 -0.11034102
vn -0.59658316 0.77486768 0.20897036
vn -0.63112964 0.75682961 0.16995389
vn -0.39450283 0.90623964 0.15197771
vn -0.19944798 0.97974790 -0.01773555
vn -0.34580441 0.93785494 -0.02911062
vn 0.19626055 0.97997641 -0.03358631
vn -0.38177703 0.92345689 0.03838851
vn 0.52921484 -0.84678642 0.05370662
vn 0.31793284 -0.94805422 0.01057855
vn 0.02688385 -0.99797413 0.05766194
vn -0.13340305 -0.97914267 0.15324246
vn -0.20890242 -0.92373750 0.32104332
vn -0.08966009 -0.98495153 0.14775505
vn -0.11200429 -0.92314607 0.36777216
vn -0.28335399 -0.94277580 0.17573930
vn -0.47394325 -0.81062617 0.34389388
vn -0.55003890 -0.82406154 0.13557207
vn 0.64290512 -0.74529856 0.17664387
vn 0.65329979 -0.75709050 -0.00365474
vn 0.58500077 -0.81084358 0.01751516
vn 0.57168545 -0.82043409 0.00797836
vn -0.41824416 -0.87738620 0.23508567
vn -0.34939037 -0.87579909 0.33301999
vn -0.41210124 -0.90763665 0.07980148
vn -0.46653499 -0.83747785 0.28456275
vn -0.65330091 -0.74597741 0.12928891
vn 0.68190619 -0.71003397 0.17565795
vn 0.70977119 -0.70381491 -0.02948613
vn 0.69381000 -0.72004376 -0.01283189
vn -0.68014830 -0.73092095 0.05615036
vn -0.69052898 -0.68714656 0.22583035
vn -0.74233772 -0.66513364 0.08082050
vn 0.71462894 -0.67057615 0.19908066
vn 0.70643123 -0.70622588 -0.04690333
vn 0.68676837 -0.72683759 -0.00750499
vn -0.70692298 -0.70708217 0.01716680
vn -0.68883737 -0.69508851 0.20580340
vn -0.72792666 -0.68282086 0.06227724
vn 0.80247894 -0.54077990 0.25215997
vn 0.95267844 -0.29450787 0.07529207
vn 0.80399521 -0.58924523 -0.07988591
vn -0.68436293 -0.72907870 0.00957191
vn -0.67022219 -0.70937359 0.21815439
vn -0.74695814 -0.66116499 0.07010272
vn 0.94160778 -0.08730731 0.32519567
vn 0.99974964 0.01895272 0.01189326
vn -0.75710832 -0.65091294 0.05567172
vn -0.85590751 -0.40084794 0.32671587
vn -0.79454623 -0.59460382 0.12305522
vn 0.90930515 0.30140916 0.28690879
vn 0.95669786 0.29100040 -0.00692569
vn -0.80595765 -0.34490116 0.48111897
vn -0.82584834 -0.52052727 0.21685454
vn 0.81014541 0.56064680 0.17128798
vn 0.65737125 0.69771410 0.28470698
vn 0.88057805 0.46588782 0.08678040
vn -0.57709340 -0.60100454 0.55295275
vn -0.74945614 -0.58956454 0.30121279
vn -0.58542686 -0.68985642 0.42587969
vn -0.59555424 -0.76186035 0.25472331
vn 0.66637166 0.67052704 0.32610167
vn 0.41503960 0.81910104 0.39599952
vn 0.52416697 0.78414689 0.33220873
vn 0.33911767 0.87127116 0.35480385
vn -0.33834343 -0.91764552 0.20844767
vn -0.13740760 -0.98985849 0.03604608
vn -0.32430785 -0.94514787 0.03898631
vn -0.61847138 -0.78525048 -0.02957763
vn 0.37712402 0.85077326 0.36600865
vn 0.30953053 0.90107358 0.30373878
vn 0.43943629 0.87957444 0.18233087
vn 0.45161734 0.87554334 0.17165557
vn -0.70819140 -0.70447827 0.04664026
vn -0.72260272 -0.69026563 -0.03713052
vn 0.60653659 0.79504787 -0.00349840
vn 0.90087145 0.41052670 -0.14106187
vn -0.76199912 -0.64670572 0.03360138
vn -0.89658250 -0.44022629 -0.04838024
vn 0.98972809 -0.06302326 -0.12832137
vn -0.95983635 -0.22088653 -0.17298356
vn -0.99803685 -0.04702884 -0.04136114
vn 0.87861562 -0.42460829 -0.21850033
vn -0.98573353 0.16795895 0.01091779
vn 0.94724012 -0.31420031 -0.06335868
vn 0.84018501 -0.50694904 -0.19259239
vn -0.72696328 0.65696643 0.19979866
vn -0.92929833 0.35718479 0.09393421
vn 0.98987043 -0.06434216 -0.12655675
vn -0.63020639 0.73758891 0.24249227
vn -0.70490579 0.67869525 0.20610819
vn -0.77267110 0.61398780 0.16124001
vn 0.98467964 0.04085111 -0.16952048
vn -0.72935599 0.67657542 0.10141764
vn -0.69629237 0.69055894 0.19571736
vn -0.68719242 0.70416743 0.17864715
vn 0.92755223 0.23784592 0.28822940
vn 0.99609685 0.08238941 -0.03167100
vn -0.87340466 0.43685460 -0.21522631
vn -0.52327327 0.84077401 -0.13886737
vn -0.80132618 0.48516294 -0.34999039
vn -0.49639415 0.85992044 0.11886835
vn 0.94684767 0.13185108 0.29341913
vn 0.99856478 0.05247421 0.01071661
vn -0.86262860 0.44703279 -0.23671415
vn -0.83764920 0.42467718 -0.34350126
vn 0.89421213 0.36117459 0.26445713
vn 0.93827290 0.34563148 0.01352194
vn -0.71699218 0.66734872 -0.20141473
vn -0.71412346 0.57905827 -0.39334363
vn -0.56621841 0.72865545 -0.38530241
vn 0.78413887 0.62049672 0.01049085
vn 0.66489118 0.72126727 0.19414747
vn 0.74912016 0.65906140 -0.06676129
vn -0.27705191 0.90992570 -0.30867047
vn -0.38758902 0.84053121 -0.37852614
vn -0.51239129 0.80397379 -0.30179681
vn -0.50158220 0.82412668 -0.26311692
vn -0.35757125 0.84759056 -0.39208806
vn 0.69271242 0.72118228 0.00675487
vn 0.31748382 0.86513987 0.38824866
vn 0.54164957 0.81227291 -0.21639882
vn -0.50510164 0.85805222 0.09283709
vn -0.27130153 0.96138875 0.04612104
vn -0.10605127 0.98887744 -0.10428103
vn 0.06274509 0.98682327 -0.14914047
vn 0.38872370 0.89478306 -0.21967514
vn 0.52528501 0.81684973 -0.23839501
vn -0.53871370 0.82640635 -0.16382948
vn -0.55014748 0.82874579 -0.10255813
vn -0.05315602 0.99841220 0.01864173
vn 0.33740873 0.93101135 -0.13918772
vn -0.19440219 0.96985369 -0.14694083
vn 0.55348033 -0.83221561 -0.03281315
vn 0.35346166 -0.93317587 -0.06517402
vn 0.08203167 -0.99592638 -0.03743604
vn -0.01527091 -0.99967192 -0.02056325
vn -0.08970567 -0.99596025 -0.00400897
vn -0.33531964 -0.94109848 0.04352450
vn -0.58894319 -0.80721378 -0.03939314
vn 0.63394517 -0.76721858 -0.09741238
vn 0.64690186 -0.75236006 -0.12438779
vn 0.63761729 -0.76399236 -0.09879201
vn -0.56615768 -0.82410110 -0.01796818
vn -0.65640288 -0.75024838 -0.07913677
vn -0.67476283 -0.72646956 -0.13014263
vn 0.71681607 -0.68301974 -0.14020969
vn 0.68527069 -0.71314391 -0.14774926
vn 0.68860113 -0.70851471 -0.15438713
vn -0.73852339 -0.65185019 -0.17226296
vn -0.73442941 -0.66481562 -0.13650505
vn -0.82045876 -0.49795817 -0.28086488
vn 0.68669311 -0.71337145 -0.13983470
vn 0.67462683 -0.72303234 -0.14867038
vn 0.69254149 -0.70388439 -0.15790203
vn -0.72442314 -0.63591712 -0.26612127
vn -0.69562269 -0.69872090 -0.16702745
vn -0.65390438 -0.65211766 -0.38360346
vn 0.94640654 -0.22994056 -0.22680829
vn 0.84801300 -0.48403617 -0.21583081
vn 0.74040306 -0.65061621 -0.16882494
vn -0.66218094 -0.69142896 -0.28886400
vn -0.73373335 -0.65377723 -0.18496137
vn -0.64963874 -0.65223062 -0.39059535
vn 0.96822402 0.07125606 -0.23971823
vn 0.96839630 -0.09893352 -0.22895581
vn -0.67413371 -0.65872787 -0.33409780
vn -0.63697196 -0.76366029 -0.10530760
vn -0.56686978 -0.73896842 -0.36412131
vn 0.90490562 0.39040918 -0.16948890
vn 0.97612759 0.12712841 -0.17610592
vn -0.47816362 -0.82117018 -0.31151098
vn -0.62596323 -0.77520875 -0.08497899
vn -0.78351633 -0.60159179 0.15552967
vn -0.73869072 -0.67402645 -0.00493581
vn 0.99733274 0.06353824 -0.03592061
vn -0.62207397 -0.78292478 -0.00726458
vn -0.62106606 -0.75875694 0.19637936
vn -0.60885356 -0.79321193 -0.01059171
vn 0.71277237 0.63942063 0.28826517
vn 0.95874601 0.23524580 0.15957915
vn -0.48425595 -0.86933642 -0.09874395
vn -0.32922778 -0.94034259 -0.08581887
vn -0.57311132 -0.78287556 -0.24217613
vn 0.76710331 0.56182780 0.30968052
vn 0.40770406 0.80575514 0.42957659
vn 0.56493513 0.74227355 0.36038630
vn 0.14023162 0.91678141 0.37396114
vn 0.16710512 0.94960266 0.26519930
vn -0.67571958 -0.71457802 -0.18105609
vn -0.71599711 -0.68091553 -0.15395511
vn 0.30217851 0.88672237 0.34987366
vn -0.09919246 0.95549234 0.27784033
vn 0.05603776 0.99327527 0.10131144
vn 0.13480838 0.98903833 -0.06024846
vn 0.90719156 0.28483346 -0.30963426
vn 0.45877591 0.86378648 -0.20832088
vn 0.78497037 0.50279359 -0.36196701
vn -0.78952152 -0.59713275 -0.14173300
vn -0.92361523 -0.36345777 -0.12179223
vn 0.93515664 -0.11422524 -0.33531278
vn 0.91874584 0.01217410 -0.39466171
vn -0.99576384 -0.07060688 -0.05889867
vn 0.88495632 -0.32136479 -0.33701184
vn 0.85620070 -0.33870353 -0.39012853
vn -0.99983138 -0.01698724 0.00697533
vn 0.91242223 -0.26395322 -0.31275289
vn 0.81455847 -0.45138381 -0.36434482
vn 0.80123503 -0.48515853 -0.35020513
vn -0.96219736 0.22549798 0.15273147
vn 0.93463907 -0.03504644 -0.35386659
vn 0.90428649 -0.13103740 -0.40631902
vn -0.78661233 0.59599509 0.16134092
vn -0.69905998 0.69769249 0.15665354
vn 0.93849476 0.02492458 -0.34439273
vn 0.90987849 0.01268834 -0.41468078
vn -0.68472681 0.71375817 0.14730404
vn -0.59023519 0.79619127 0.13304844
vn 0.94864663 -0.01849320 -0.31579672
vn 0.90982509 -0.00559760 -0.41495418
vn -0.74670084 0.53222839 -0.39896215
vn -0.47927217 0.74068392 -0.47083492
vn -0.76696224 0.33463725 -0.54752794
vn 0.05668885 0.96924555 -0.23947744
vn -0.22037107 0.97525752 0.01758877
vn 0.94080691 0.05341652 -0.33470738
vn 0.90857149 0.01942292 -0.41727761
vn -0.78821884 0.46400110 -0.40424503
vn -0.69561125 0.53216213 -0.48262661
vn 0.80675465 0.51168803 -0.29550345
vn 0.87616399 0.31714271 -0.36298371
vn -0.46127990 0.80167774 -0.38017581
vn -0.47765073 0.75102524 -0.45586277
vn -0.57441051 0.72297872 -0.38386761
vn -0.54494298 0.74171516 -0.39101889
vn -0.44592043 0.73385863 -0.51245145
vn 0.66426720 0.71424678 -0.22045551
vn 0.75640735 0.57102676 -0.31902407
vn 0.49225999 0.79121626 -0.36284562
vn -0.33570355 0.89349129 -0.29828918
vn -0.36042411 0.85782078 -0.36638499
vn -0.38443137 0.84839794 -0.36391408
vn -0.08139752 0.93928718 -0.33333772
vn -0.13867335 0.90417680 -0.40402229
vn 0.10333118 0.93605363 -0.33634249
vn 0.06097449 0.90966455 -0.41084367
vn 0.31797627 0.89014090 -0.32640508
vn 0.34897414 0.84980785 -0.39502363
vn 0.50089714 0.79262938 -0.34762152
vn -0.61345889 0.73149231 -0.29763600
vn -0.67072935 0.65270473 -0.35227642
vn -0.60999090 0.71260144 -0.34656931
vn -0.24172609 0.91639402 -0.31904624
vn 0.24575337 0.89562860 -0.37074882
vn 0.13981472 0.93383433 -0.32924957
vn 0.44975256 0.81282210 -0.37019301
vn -0.44313194 0.84567018 -0.29744920
vn -0.14286198 0.90083819 -0.40997684
vn 0.61009446 -0.77774790 -0.15130415
vn 0.31527563 -0.93486897 -0.16316030
vn 0.04935639 -0.98646174 -0.15638793
vn 0.00630358 -0.98542387 -0.17000019
vn -0.07441078 -0.98083636 -0.18006406
vn -0.28948766 -0.95106486 -0.10803943
vn -0.58201053 -0.77617202 -0.24252986
vn 0.71601799 -0.67710604 -0.16984007
vn 0.68709481 -0.70305654 -0.18333637
vn -0.68084782 -0.70825622 -0.18659949
vn -0.71710160 -0.67522671 -0.17272575
vn 0.69543696 -0.69494018 -0.18282665
vn 0.69008962 -0.69563326 -0.19967646
vn -0.79927627 -0.55630504 -0.22733708
vn -0.89530536 -0.31151258 -0.31841518
vn 0.69088132 -0.69875792 -0.18552728
vn 0.66406746 -0.72161848 -0.19565577
vn -0.71870936 -0.53379683 -0.44555336
vn -0.85001776 -0.28901476 -0.44038652
vn 0.92180638 -0.33784120 -0.19009555
vn 0.78864489 -0.56981809 -0.23096879
vn -0.65657754 -0.55685332 -0.50874387
vn -0.61547504 -0.54175768 -0.57244134
vn -0.60126791 -0.65799928 -0.45333635
vn 0.97408567 -0.06124499 -0.21772955
vn -0.45945054 -0.69736145 -0.55008382
vn -0.60265162 -0.65257640 -0.45929846
vn -0.63821224 -0.61174770 -0.46738622
vn -0.70456949 -0.46207778 -0.53857773
vn 0.98142232 -0.05438890 -0.18398932
vn -0.59626249 -0.57537402 -0.55983549
vn -0.60880015 -0.54270591 -0.57864728
vn -0.40235815 -0.77000660 -0.49517446
vn -0.50416925 -0.81069219 -0.29764331
vn 0.91216652 -0.39254345 -0.11773646
vn -0.28810504 -0.75099896 -0.59413471
vn -0.19322398 -0.84164595 -0.50427829
vn -0.42541692 -0.84324779 -0.32856294
vn -0.63064532 -0.74433943 -0.21964813
vn -0.52370064 -0.72298856 -0.45058316
vn 0.97086689 0.04855615 0.23464822
vn 0.98439956 0.09205977 0.14994167
vn 0.77438631 -0.62470184 -0.10036662
vn -0.62154909 -0.69667185 -0.35822488
vn -0.46107790 -0.83593230 -0.29769843
vn -0.56925263 -0.75113252 -0.33429235
vn -0.44582588 -0.84579480 -0.29303658
vn 0.74307549 0.66915800 0.00814766
vn 0.68403371 0.70464326 0.18861538
vn 0.74957913 0.65758276 -0.07560454
vn -0.46692943 -0.80548287 -0.36493046
vn -0.48951063 -0.80731740 -0.32957240
vn -0.66768090 -0.69423001 -0.26878786
vn -0.56139822 -0.72469068 -0.39956908
vn 0.69163384 0.72222363 0.00597104
vn 0.56404767 0.76166218 0.31893722
vn 0.62059914 0.77572976 -0.11445542
vn -0.12630327 0.93382358 0.33469539
vn -0.51235958 0.85874623 0.00652530
vn -0.31142534 0.95018494 -0.01276078
vn -0.08567661 0.98201226 -0.16826002
vn 0.07352868 0.96687864 -0.24441610
vn 0.88257797 0.28550412 -0.37355524
vn 0.50582725 0.75819491 -0.41143562
vn 0.70842882 0.49637217 -0.50174025
vn -0.62393837 -0.71315281 -0.31955279
vn -0.75767383 -0.61533434 -0.21747187
vn -0.67418448 -0.67519103 -0.29931982
vn 0.22195610 0.97196866 0.07753979
vn -0.28590891 0.95598025 -0.06601405
vn 0.90027739 -0.09765066 -0.42422279
vn 0.86200921 0.07536831 -0.50125816
vn -0.81550535 -0.50682979 -0.27941831
vn -0.94947350 -0.26973291 -0.16045007
vn 0.83813432 -0.36244207 -0.40763539
vn 0.83483378 -0.21195067 -0.50806445
vn -0.97021149 -0.24140419 -0.02033934
vn 0.87394109 -0.27617637 -0.39994197
vn 0.80198703 -0.41101148 -0.43345861
vn 0.76577630 -0.42599793 -0.48178048
vn -0.85422493 -0.49498475 -0.15902785
vn -0.92715817 -0.18938869 0.32327953
vn -0.98678757 -0.01447677 -0.16137135
vn 0.91044338 -0.02850806 -0.41265014
vn 0.83606378 -0.16792484 -0.52230125
vn -0.45899224 0.49551344 -0.73742292
vn -0.49530157 0.55235512 -0.67050741
vn -0.72817053 0.22600181 -0.64706326
vn 0.02766584 0.68083922 -0.73191021
vn -0.03008870 0.80346176 -0.59459555
vn 0.41435459 0.70213977 -0.57905961
vn 0.37271482 0.80763674 -0.45695357
vn 0.59494308 0.70715137 -0.38207286
vn -0.71438583 0.68378620 0.14862476
vn -0.72780217 0.68386634 0.05129159
vn -0.74764100 0.65751412 0.09331732
vn 0.91148474 0.01231933 -0.41114938
vn 0.85419888 0.00496953 -0.51992266
vn -0.65978247 0.13326687 -0.73954515
vn -0.76460110 0.13420388 -0.63037646
vn -0.34291738 0.28375015 -0.89548508
vn -0.04326362 0.67318092 -0.73821115
vn 0.66301755 0.65512249 -0.36224612
vn 0.45909063 0.79369517 -0.39910370
vn 0.51687979 0.79283512 -0.32287419
vn -0.54315843 0.83449791 0.09269390
vn -0.64119673 0.76736687 0.00385200
vn -0.69993447 0.71357460 0.03005031
vn 0.91075505 -0.01251723 -0.41275726
vn 0.85794412 -0.00584677 -0.51370975
vn -0.61854065 0.25040658 -0.74478454
vn -0.73587132 0.29667011 -0.60867088
vn -0.54183479 0.23721677 -0.80631462
vn 0.20432182 0.96317782 -0.17476007
vn -0.29736138 0.94887408 -0.10589707
vn 0.90518227 0.06236907 -0.42042259
vn 0.85851019 0.03046073 -0.51189100
vn -0.68724130 0.42816482 -0.58683412
vn -0.71841314 0.34502357 -0.60402094
vn -0.75019102 0.36701108 -0.55001482
vn -0.50681620 0.54730444 -0.66602943
vn -0.57634364 0.39278294 -0.71662374
vn 0.82970404 0.37018030 -0.41780108
vn 0.76378433 0.37318110 -0.52665867
vn -0.33602398 0.86465099 -0.37345221
vn -0.36974984 0.73583423 -0.56730331
vn -0.26354181 0.84271576 -0.46944208
vn -0.07976194 0.90827119 -0.41070851
vn -0.18274750 0.82660759 -0.53228117
vn 0.12544721 0.89305521 -0.43210575
vn 0.02647685 0.86061103 -0.50857412
vn 0.37373114 0.83057168 -0.41288706
vn 0.23487522 0.84254316 -0.48472122
vn 0.46238877 0.77003587 -0.43959229
vn -0.67185345 0.60043384 -0.43369590
vn -0.67031328 0.56768902 -0.47792184
vn -0.13873009 0.91157752 -0.38701472
vn 0.36871683 0.78862376 -0.49205738
vn 0.15585448 0.89168524 -0.42497860
vn 0.40460164 0.80609263 -0.43187056
vn -0.47689862 0.79087053 -0.38352512
vn -0.14768357 0.82519932 -0.54519323
vn 0.48498988 -0.80950770 -0.33088081
vn 0.06878195 -0.93346912 -0.35200064
vn 0.01201047 -0.94219375 -0.33485324
vn -0.04912508 -0.94015530 -0.33718651
vn -0.35214109 -0.88316646 -0.30986070
vn 0.72297767 -0.64882425 -0.23734020
vn 0.58041498 -0.75635789 -0.30173033
vn 0.31326635 -0.87618005 -0.36629594
vn 0.04481038 -0.91076979 -0.41047585
vn 0.01032190 -0.91016257 -0.41412263
vn -0.14744274 -0.90194411 -0.40590326
vn -0.44813797 -0.83400171 -0.32189052
vn -0.68828010 -0.67920427 -0.25485695
vn -0.59389275 -0.69822725 -0.39971253
vn 0.70597957 -0.66872354 -0.23324168
vn 0.68928808 -0.67465700 -0.26404520
vn 0.69857420 -0.66345785 -0.26798836
vn -0.80369539 -0.44434033 -0.39577190
vn -0.88619762 -0.19394910 -0.42075826
vn -0.87732681 0.05719699 -0.47647263
vn 0.69030683 -0.68320371 -0.23813689
vn 0.67442558 -0.68238458 -0.28195996
vn 0.68105442 -0.68408455 -0.26113830
vn -0.77292283 0.17715662 -0.60926663
vn -0.79067750 0.37612687 -0.48307108
vn -0.82821053 0.29320791 -0.47759443
vn -0.85841671 -0.06001299 -0.50943027
vn 0.92196017 -0.23531398 -0.30759839
vn 0.81638340 -0.47244111 -0.33214084
vn 0.73700342 -0.59189826 -0.32631642
vn -0.64418757 0.09798132 -0.75856578
vn -0.85062646 0.09683845 -0.51677553
vn -0.64226666 -0.19258321 -0.74189302
vn 0.94515195 -0.01689183 -0.32619390
vn 0.91392736 -0.10263564 -0.39268653
vn -0.56689055 0.01327082 -0.82368622
vn -0.85619979 -0.01353418 -0.51646757
vn -0.25348839 -0.09031397 -0.96311319
vn -0.31981610 -0.40765858 -0.85529652
vn -0.48548812 -0.54606652 -0.68272442
vn 0.94034299 -0.10199506 -0.32457983
vn 0.91614689 -0.04707006 -0.39806946
vn -0.58159672 -0.01402070 -0.81335643
vn -0.83614597 -0.00523041 -0.54848205
vn -0.13669654 0.03168723 -0.99010604
vn -0.08529587 -0.07376610 -0.99362124
vn -0.42327840 -0.32527173 -0.84559665
vn 0.90532563 -0.29049747 -0.30983337
vn 0.85788406 -0.31124309 -0.40885532
vn -0.58713094 0.03303195 -0.80881775
vn -0.79918978 0.12078995 -0.58881701
vn -0.16293298 0.02245552 -0.98638157
vn 0.02576164 0.03821320 -0.99893748
vn -0.09677920 -0.08213109 -0.99191142
vn -0.19800847 -0.47410346 -0.85791524
vn -0.05563807 -0.70999184 -0.70200854
vn -0.15663361 -0.82848152 -0.53766559
vn 0.89720634 0.16676022 -0.40891540
vn 0.93830921 -0.08752793 -0.33453653
vn 0.81103430 -0.47954412 -0.33505344
vn -0.23690117 0.68428895 -0.68965677
vn -0.36147158 0.73543119 -0.57313110
vn -0.59181584 0.66521123 -0.45524503
vn 0.12468859 0.67201485 -0.72996493
vn -0.08201604 0.76321685 -0.64091607
vn 0.56904917 0.54091387 -0.61935065
vn 0.32694144 0.71172379 -0.62173832
vn 0.63203414 0.53961005 -0.55619587
vn -0.49466247 0.19462282 -0.84701299
vn -0.75450700 0.32152441 -0.57213743
vn -0.10827983 -0.03512224 -0.99349983
vn 0.02839194 -0.16887484 -0.98522849
vn 0.01299147 -0.18937638 -0.98181862
vn 0.15902336 -0.24944155 -0.95524368
vn 0.38366465 -0.51683325 -0.76530048
vn 0.36412079 -0.72143864 -0.58901812
vn -0.26017267 -0.85184385 -0.45461219
vn -0.58469732 -0.73144873 -0.35087292
vn -0.46824729 -0.72309849 -0.50781203
vn 0.67628229 0.70527264 -0.21267995
vn 0.79210898 0.51250083 -0.33152114
vn 0.57982625 0.74633984 -0.32676959
vn -0.44945865 0.80792887 -0.38110087
vn -0.67545863 0.64874861 -0.35054368
vn -0.56976219 0.74137777 -0.35458434
vn -0.15585064 0.84813432 -0.50633858
vn 0.05087288 0.78361463 -0.61916077
vn 0.42633359 0.66108353 -0.61742063
vn 0.66036502 0.50825370 -0.55280758
vn -0.47013729 0.43095969 -0.77022378
vn -0.62783377 0.50164209 -0.59513022
vn -0.26493376 0.76837377 -0.58259063
vn -0.15968828 0.05088518 -0.98585514
vn 0.07456670 -0.04706779 -0.99610463
vn 0.30712351 -0.39938421 -0.86380982
vn 0.04451368 -0.59491000 -0.80255880
vn 0.07888992 -0.57651451 -0.81326957
vn 0.46690887 -0.50815104 -0.72372551
vn 0.62203895 -0.51794054 -0.58720110
vn -0.60528605 -0.68333274 -0.40827094
vn -0.47724272 -0.77793770 -0.40872035
vn -0.49572714 -0.75750745 -0.42477885
vn -0.44908765 -0.80406681 -0.38961115
vn 0.11858718 0.93943646 -0.32155283
vn 0.46879676 0.82255452 -0.32192183
vn -0.42474650 0.85770153 -0.28972142
vn -0.15311723 0.90646045 -0.39355377
vn 0.30222400 0.48454502 -0.82089998
vn 0.47794499 0.66993211 -0.56811931
vn -0.04962624 0.15611896 -0.98649080
vn -0.02086559 0.08187127 -0.99642447
vn 0.42594449 0.02981737 -0.90425782
vn 0.69814910 -0.20930472 -0.68467464
vn 0.22460532 -0.69174997 -0.68631948
vn -0.00602043 -0.73768406 -0.67511923
vn 0.22107403 -0.72429503 -0.65308727
vn 0.57908133 -0.61465355 -0.53559857
vn -0.37416674 -0.83725866 -0.39874451
vn -0.45628947 -0.82060076 -0.34411382
vn -0.62551527 -0.70973019 -0.32405817
vn -0.54832460 -0.74207023 -0.38557996
vn 0.58436576 -0.01234020 -0.81139656
vn 0.09044659 0.03186925 -0.99539126
vn -0.03034376 -0.02042728 -0.99933077
vn 0.12749556 0.09655120 -0.98712854
vn 0.59317868 0.55955499 -0.57882404
vn 0.26690217 0.48798723 -0.83104254
vn 0.11626025 0.60597155 -0.78694475
vn 0.13247768 0.75887281 -0.63762193
vn 0.40369241 0.64675642 -0.64710013
vn 0.21200805 0.73858297 -0.63995921
vn 0.57753116 0.63928948 -0.50770732
vn -0.70939742 -0.60066119 -0.36872949
vn -0.84524427 -0.41767208 -0.33333489
vn -0.83960032 -0.39083842 -0.37724878
vn 0.47973561 -0.23817687 -0.84446760
vn 0.12349230 -0.03785430 -0.99162327
vn -0.03270127 -0.03446991 -0.99887059
vn -0.01122061 -0.02532167 -0.99961638
vn 0.03788296 0.08487319 -0.99567134
vn -0.01285891 0.17317427 -0.98480725
vn 0.11190147 0.35338025 -0.92876287
vn 0.65336214 0.63646006 -0.40992256
vn 0.41601536 0.68625472 -0.59664535
vn 0.51008335 0.77660685 -0.36972527
vn -0.89127870 -0.34879925 -0.28976088
vn -0.83837038 -0.40964484 -0.35961954
vn 0.61097806 -0.27800507 -0.74122803
vn 0.17728178 -0.14666063 -0.97317102
vn 0.01687558 -0.05478723 -0.99835543
vn -0.02428419 -0.00401138 -0.99969705
vn -0.00467497 -0.01918166 -0.99980509
vn -0.00272631 -0.03433354 -0.99940671
vn -0.09341423 -0.00670416 -0.99560476
vn -0.15724026 0.09981905 -0.98250275
vn -0.11713445 0.57074308 -0.81273111
vn 0.37883936 0.84861527 -0.36923280
vn 0.22796574 0.83040274 -0.50839247
vn 0.39579169 0.82209234 -0.40928367
vn 0.33349198 0.86179612 -0.38221794
vn 0.55297702 0.73411113 -0.39407774
vn -0.86913046 -0.33653416 -0.36243207
vn -0.93557606 0.20113607 -0.29024423
vn -0.92587355 0.12908133 -0.35510023
vn 0.57414132 -0.06468199 -0.81619727
vn 0.17611528 -0.05222831 -0.98298302
vn -0.03868381 -0.01766131 -0.99909541
vn -0.03001067 -0.00950879 -0.99950435
vn 0.01367783 -0.01087375 -0.99984733
vn 0.01035286 -0.01934735 -0.99975922
vn -0.16894523 -0.01188612 -0.98555377
vn -0.43736657 0.19201402 -0.87854488
vn 0.70490680 0.63719007 -0.31160105
vn 0.68040926 0.63793291 -0.36067276
vn 0.62197972 0.70225911 -0.34637172
vn -0.72387788 0.66500781 -0.18375371
vn -0.76189880 0.53858811 -0.35976808
vn -0.58519858 0.72765859 -0.35784856
vn 0.57971257 -0.00039235 -0.81482095
vn 0.15701730 -0.00675889 -0.98757272
vn -0.03467376 -0.01738793 -0.99924741
vn -0.02920564 -0.03030929 -0.99911380
vn 0.00748730 -0.04051553 -0.99915086
vn 0.00458912 -0.02367171 -0.99970925
vn -0.21676134 0.02033501 -0.97601281
vn -0.57453139 0.08892013 -0.81363806
vn 0.09437828 0.93913433 -0.33033232
vn 0.44120139 0.81356098 -0.37876095
vn -0.45996455 0.85082229 -0.25403553
vn -0.13751120 0.90598953 -0.40034192
vn 0.52802440 0.01892935 -0.84901820
vn 0.11050762 0.10697979 -0.98810090
vn -0.02553520 0.15835462 -0.98705206
vn 0.01321067 0.14841220 -0.98883735
vn 0.04424355 0.07361491 -0.99630485
vn -0.05426454 0.00983402 -0.99847817
vn -0.22180552 0.09098136 -0.97083711
vn -0.61111989 0.18381338 -0.76989942
vn 0.49370544 0.20808898 -0.84436598
vn -0.08188310 0.41102270 -0.90794025
vn -0.07234445 0.55778409 -0.82682718
vn 0.07795997 0.59235945 -0.80189309
vn 0.25076958 0.54095360 -0.80279750
vn -0.02543231 0.24016661 -0.97039847
vn -0.46204995 0.21678730 -0.85994948
vn 0.11658766 0.65175416 -0.74941566
vn 0.19465017 0.67373509 -0.71287611
vn -0.41733679 0.45847561 -0.78462100
vn 0.38210890 -0.83043821 -0.40541975
vn 0.07324988 -0.90473323 -0.41963347
vn 0.01230462 -0.90850354 -0.41769597
vn -0.04201977 -0.90803098 -0.41679021
vn -0.35535250 -0.84394769 -0.40184189
vn 0.69803357 -0.65140689 -0.29735197
vn 0.55555414 -0.73268083 -0.39311373
vn 0.29548225 -0.81794835 -0.49360990
vn 0.05984893 -0.84793299 -0.52671410
vn 0.01773211 -0.85838519 -0.51269916
vn -0.18064421 -0.84358876 -0.50569326
vn -0.66635817 -0.59049119 -0.45528777
vn -0.90684114 0.11231366 -0.40623244
vn -0.87614229 0.02684204 -0.48130467
vn 0.69381971 -0.65527511 -0.29871181
vn 0.65536147 -0.66318526 -0.36150610
vn 0.62684300 -0.63942881 -0.44519507
vn -0.85551599 0.36916169 -0.36305927
vn -0.74634974 0.31781013 -0.58477243
vn -0.81872885 0.24487085 -0.51934703
vn 0.88328349 -0.24973166 -0.39679260
vn 0.79624159 -0.43898201 -0.41628612
vn 0.67948375 -0.57725087 -0.45286119
vn -0.90524682 0.17943147 -0.38513964
vn -0.86776531 0.04823818 -0.49462758
vn 0.91071722 -0.00968286 -0.41291692
vn 0.84494546 -0.12218998 -0.52070796
vn -0.92389152 0.03516127 -0.38103562
vn -0.84695776 0.12459093 -0.51685555
vn 0.89703523 -0.09001400 -0.43269536
vn 0.85521512 -0.01791159 -0.51796358
vn -0.35869036 0.68126408 -0.63813829
vn -0.47721560 0.59409627 -0.64754528
vn -0.70013590 0.42545598 -0.57340817
vn 0.11616591 0.73276465 -0.67049343
vn -0.09224237 0.77498135 -0.62521616
vn 0.31544734 0.73153763 -0.60443832
vn 0.25131568 0.76577191 -0.59197450
vn 0.31557668 0.72279654 -0.61479795
vn -0.86481792 0.16706911 -0.47347426
vn -0.64915714 0.51443135 -0.56031723
vn 0.83997288 -0.34295355 -0.42050971
vn 0.84197449 -0.20907294 -0.49736050
vn -0.54571598 0.66621859 -0.50827834
vn -0.78426598 0.44647013 -0.43080308
vn -0.02451198 0.73432418 -0.67835622
vn 0.35745521 0.62222814 -0.69646099
vn 0.05253612 0.78316975 -0.61958462
vn -0.21730133 0.54739827 -0.80816785
vn -0.74759650 0.13920066 -0.64940176
vn 0.86948696 0.01425699 -0.49375010
vn 0.86793861 -0.05712661 -0.49337523
vn 0.80706798 -0.33640709 -0.48525411
vn -0.69517290 0.65057341 -0.30575951
vn -0.72898854 0.50697441 -0.45994854
vn -0.57092498 0.72757942 -0.38035885
vn 0.29236268 0.47489288 -0.83006073
vn -0.54085733 0.31984540 -0.77792819
vn 0.12358318 -0.68197404 -0.72085963
vn 0.13242747 0.90385118 -0.40683660
vn 0.58713505 0.63318621 -0.50432892
vn -0.43987312 0.82632079 -0.35171806
vn -0.07631212 0.84239003 -0.53343743
vn 0.03139658 0.62694567 -0.77843007
vn 0.03698753 -0.73546690 -0.67655033
vn -0.43469587 -0.69562309 -0.57196854
vn 0.40401733 0.10014354 -0.90925314
vn 0.06172072 -0.02555021 -0.99776638
vn 0.43942448 -0.03398764 -0.89763632
vn 0.68519682 -0.32582264 -0.65141763
vn 0.65910845 -0.48863612 -0.57167368
vn 0.16489885 -0.77985399 -0.60385108
vn -0.19911195 -0.73017320 -0.65360656
vn -0.28964686 -0.77072266 -0.56753086
vn -0.33598453 -0.81373833 -0.47428297
vn -0.39913218 -0.83512640 -0.37849359
vn 0.72490204 0.40624726 -0.55630944
vn 0.80791382 0.21626520 -0.54818302
vn -0.23926612 -0.74593047 -0.62156211
vn -0.20041440 -0.80877504 -0.55291681
vn -0.53967205 -0.72896851 -0.42114011
vn -0.78798219 -0.48304349 -0.38177618
vn -0.72010394 -0.44264414 -0.53433742
vn 0.30910914 0.87015173 -0.38378054
vn 0.51898796 0.73864735 -0.43017623
vn 0.36638073 0.81460670 -0.44964550
vn 0.17631233 0.81805773 -0.54744453
vn 0.60939715 0.62269046 -0.49080720
vn 0.30444683 0.72139797 -0.62201052
vn 0.54148226 0.55544852 -0.63108946
vn -0.83176422 -0.41138184 -0.37273752
vn -0.70506911 -0.40604798 -0.58137991
vn 0.62850504 0.65606950 -0.41779687
vn 0.72614830 0.48821607 -0.48410093
vn -0.86149900 -0.29090221 -0.41616749
vn -0.87612102 0.22952412 -0.42394650
vn -0.79289252 0.31724610 -0.52026567
vn 0.16671568 0.89558191 -0.41247899
vn 0.54849035 0.71630594 -0.43135152
vn -0.48365745 0.78252194 -0.39209041
vn -0.16523047 0.79836632 -0.57905968
vn 0.33060331 -0.60064476 -0.72796107
vn 0.08815884 -0.59575517 -0.79831309
vn -0.01861076 -0.55113014 -0.83421173
vn -0.11153711 -0.52605098 -0.84310725
vn -0.55028626 -0.30958389 -0.77546299
vn 0.45544199 -0.44348440 -0.77194182
vn 0.15645169 -0.18180120 -0.97080955
vn 0.02047771 -0.18631198 -0.98227721
vn -0.14136055 -0.14847364 -0.97876084
vn -0.42734852 0.02377367 -0.90377434
vn 0.61001373 -0.27723922 -0.74230834
vn 0.09795688 -0.08478351 -0.99157259
vn 0.02273258 0.13309792 -0.99084215
vn 0.02121031 0.23041273 -0.97286181
vn -0.15170891 0.13198941 -0.97957297
vn -0.57005023 0.06293483 -0.81919591
vn 0.52119934 0.03956479 -0.85251737
vn 0.09469327 0.11373809 -0.98898778
vn -0.25709905 0.44695103 -0.85681670
vn 0.03707207 0.61053515 -0.79112104
vn 0.07812100 0.52265535 -0.84895730
vn -0.50242214 0.16803948 -0.84813603
vn 0.39177331 -0.02164608 -0.91980711
vn -0.31226930 0.29825949 -0.90195851
vn -0.30131319 0.51573056 -0.80201767
vn 0.38649063 -0.06451887 -0.92003386
vn -0.48316376 0.22411120 -0.84636101
vn 0.52874945 0.31010264 -0.79010149
vn -0.27612698 0.48219010 -0.83141241
vn 0.40018478 -0.40121482 -0.82394102
vn 0.38356158 0.42278878 -0.82105430
vn -0.08557289 0.01051428 -0.99627643
vn 0.15704086 -0.06948483 -0.98514467
vn -0.31417577 -0.51633625 -0.79667463
vn 0.01477705 0.03444287 -0.99929742
vn 0.30477368 0.50110429 -0.80994290
vn -0.53003153 0.08149339 -0.84405296
vn 0.38992241 -0.15243379 0.90814341
vn 0.78803577 -0.03082737 0.61485714
vn 0.42562777 -0.73347798 0.52995382
vn -0.13944850 -0.80641198 0.57467716
vn -0.41037646 -0.18961117 0.89198586
vn -0.70001415 -0.48223467 0.52671615
vn 0.72266576 0.52905340 0.44481086
vn 0.05201326 0.55242489 0.83193832
vn 0.43672676 0.74169195 0.50908034
vn -0.74864741 0.17286909 0.64003385
vn -0.27000834 0.70006699 0.66106104
vn 0.36100577 -0.08637506 0.92855489
vn 0.70346072 0.28156005 0.65258482
vn 0.54647277 -0.51949048 0.65688442
vn -0.12115147 -0.73770025 0.66416915
vn -0.34714132 0.10755857 0.93162442
vn -0.69424496 -0.27999335 0.66304424
vn 0.14415025 0.73571971 0.66176824
vn -0.52924614 0.52018604 0.67030218
vn 0.51738974 -0.62436147 0.58521843
vn 0.82551197 -0.37267157 0.42384654
vn 0.52055375 -0.74113731 0.42395670
vn 0.14602906 -0.88348094 0.44512576
vn 0.20196849 -0.83974343 0.50402351
vn -0.07830989 -0.88444072 0.46003496
vn -0.37787051 -0.77106483 0.51251624
vn -0.43256231 -0.77658886 0.45803885
vn -0.64322758 -0.53666821 0.54611859
vn -0.70757532 -0.54706721 0.44727467
vn 0.83052777 -0.14372291 0.53811463
vn 0.87763512 0.21042760 0.43067019
vn -0.71850183 -0.35732304 0.59672050
vn -0.74503467 -0.43840698 0.50271529
vn -0.02720310 -0.72572154 0.68745054
vn 0.27160443 -0.80329754 0.53004160
vn -0.16789531 -0.86690139 0.46935397
vn -0.35595817 -0.81828070 0.45134298
vn 0.78923736 0.49108355 0.36870223
vn 0.69500282 0.54969521 0.46347196
vn 0.85431590 0.30906068 0.41788256
vn -0.43487170 0.17314829 0.88368901
vn -0.55951765 -0.62689331 0.54216675
vn -0.30147487 -0.56055018 0.77129527
vn -0.17815863 -0.80719880 0.56275181
vn -0.05837570 -0.66101864 0.74809534
vn 0.04899190 -0.84263312 0.53625481
vn 0.11891667 -0.55656543 0.82224920
vn 0.26704166 -0.80264707 0.53333520
vn 0.19904607 -0.47689183 0.85612782
vn 0.03694691 -0.28901984 0.95660988
vn -0.27540604 -0.81019429 0.51743283
vn -0.15728526 -0.52568028 0.83601530
vn -0.20439105 -0.84114880 0.50069252
vn -0.14877320 -0.62100196 0.76956033
vn -0.30297799 -0.83837025 0.45314419
vn -0.27745393 -0.69582520 0.66245499
vn -0.39868126 -0.81921394 0.41223994
vn 0.64590561 0.19793463 0.73731121
vn 0.86827772 0.03152419 0.49507578
vn 0.14883703 0.46945277 0.87032272
vn 0.01175445 0.03827939 0.99919794
vn 0.14360111 -0.47773466 0.86668813
vn -0.24335593 -0.57852784 0.77851360
vn -0.09449150 -0.27509339 0.95676276
vn 0.05106357 -0.11773246 0.99173161
vn 0.02304543 0.03911557 0.99896891
vn -0.03697377 0.09527126 0.99476446
vn -0.00357270 0.03716767 0.99930266
vn -0.06756642 -0.08514699 0.99407483
vn -0.42271882 -0.76611559 0.48412364
vn -0.23352119 -0.46561068 0.85362436
vn -0.40107369 -0.81011098 0.42762143
vn -0.36958669 -0.63864453 0.67493617
vn -0.38402191 -0.82823723 0.40810569
vn 0.57944702 -0.00638366 0.81498491
vn 0.85633655 -0.03010653 0.51553982
vn 0.25357803 0.09443605 0.96269414
vn 0.36516486 0.00971338 0.93089219
vn -0.38965579 -0.00019280 0.92096055
vn -0.12129026 0.00920337 0.99257442
vn -0.11666330 0.14398245 0.98267936
vn -0.25840638 0.42055443 0.86968967
vn -0.04924581 0.59934818 0.79897222
vn 0.08978023 0.61112214 0.78642815
vn 0.17162285 0.46348138 0.86932768
vn -0.11976660 0.06436955 0.99071314
vn -0.44967112 -0.66796887 0.59297004
vn -0.41263874 0.13186864 0.90129903
vn -0.55630801 -0.66671917 0.49599087
vn -0.53730791 -0.01094032 0.84331520
vn -0.85438995 0.07668719 0.51394250
vn 0.57395398 -0.00875116 0.81884079
vn 0.83352571 -0.01730999 0.55220942
vn 0.15355407 -0.01752278 0.98798487
vn 0.11646581 0.09356657 0.98877753
vn 0.27078309 0.45888302 0.84622863
vn -0.17319398 0.42151647 0.89012792
vn -0.10454913 0.10814891 0.98862192
vn -0.18915083 0.03807958 0.98120941
vn -0.43201763 0.20383496 0.87852836
vn -0.63105796 0.44389272 0.63618009
vn -0.33255183 0.73408933 0.59204910
vn -0.04042929 0.85423976 0.51830484
vn 0.19243200 0.85091061 0.48879552
vn 0.33105072 0.77961820 0.53160218
vn -0.03812428 0.73200657 0.68023005
vn 0.24673752 0.84977129 0.46584263
vn -0.26954643 0.83857077 0.47343826
vn -0.25101784 0.78953637 0.56001997
vn -0.54751809 0.70668381 0.44813161
vn 0.58858284 0.00904082 0.80838636
vn 0.80065892 -0.00014720 0.59912042
vn 0.16035343 -0.02925881 0.98662592
vn -0.02817950 -0.04210934 0.99871553
vn 0.02987163 0.07667151 0.99660883
vn 0.01745825 0.13998009 0.99000040
vn -0.04872783 0.10544331 0.99323074
vn -0.16143885 0.12055032 0.97949227
vn -0.56815535 0.15436704 0.80831325
vn -0.79872390 0.21936196 0.56028606
vn 0.08886513 0.89640131 0.43424380
vn 0.59536441 -0.00321355 0.80344937
vn 0.78339637 0.00195807 0.62151934
vn 0.18465784 -0.01958428 0.98260772
vn -0.01615557 -0.03397647 0.99929205
vn -0.02315176 -0.04776537 0.99859024
vn -0.05404702 -0.00113706 0.99853774
vn -0.09485273 0.09062905 0.99135732
vn -0.27260943 0.34283236 0.89897167
vn -0.49844705 0.42618622 0.75492771
vn -0.78817048 0.37987284 0.48423539
vn 0.60007697 -0.02237598 0.79962925
vn 0.78588458 0.00095471 0.61837247
vn 0.13680489 0.01804676 0.99043361
vn -0.02606681 0.13580499 0.99039261
vn 0.00039816 0.15939107 0.98721544
vn -0.13312385 0.14105414 0.98101059
vn -0.39803608 0.29621585 0.86823007
vn -0.54365150 0.54878149 0.63504482
vn -0.45160952 0.66617448 0.59351530
vn -0.59072444 0.64945666 0.47880130
vn 0.57324516 0.13855624 0.80758415
vn 0.78895795 0.11547323 0.60349920
vn 0.10597147 0.17961121 0.97801322
vn -0.20794012 0.45007579 0.86844268
vn -0.05118978 0.56158185 0.82583620
vn -0.04324419 0.56477425 0.82411163
vn -0.41705746 0.51499832 0.74889238
vn -0.70218931 0.51931556 0.48707445
vn 0.49592351 0.43062264 0.75407162
vn 0.64243278 0.48942031 0.58970152
vn -0.05872465 0.57640495 0.81505138
vn -0.37868122 0.70427011 0.60050325
vn -0.23786629 0.77808765 0.58137702
vn -0.03685483 0.83680732 0.54625565
vn -0.10559897 0.83725869 0.53651351
vn -0.49563814 0.72765081 0.47420157
vn 0.13066731 0.77556253 0.61759923
vn -0.30139398 0.77976677 0.54874899
vn 0.40797342 -0.80613831 0.42860089
vn 0.57616584 -0.72996143 0.36768088
vn 0.32931535 -0.85854847 0.39299609
vn 0.09857259 -0.90525497 0.41327580
vn 0.06590663 -0.90588824 0.41835727
vn -0.07050267 -0.90940036 0.40990286
vn -0.11483297 -0.89739208 0.42602916
vn -0.39639301 -0.84791935 0.35200194
vn -0.38963810 -0.82391821 0.41151056
vn -0.59777367 -0.73292469 0.32478922
vn 0.77523830 -0.43896527 0.45421918
vn 0.89812471 -0.20597228 0.38851954
vn 0.77167342 -0.53578061 0.34272331
vn -0.70168577 -0.62096288 0.34934538
vn -0.61700448 -0.63837428 0.46019968
vn -0.54880055 -0.76572978 0.33537420
vn 0.13802707 -0.90194971 0.40918852
vn 0.36550755 -0.85440180 0.36932614
vn -0.25479548 -0.88351342 0.39304363
vn -0.38416285 -0.83953522 0.38418682
vn 0.90122414 0.17249753 0.39754200
vn 0.85323247 0.29209723 0.43205736
vn -0.48455121 -0.68296905 0.54659254
vn -0.36901395 -0.83111574 0.41602324
vn -0.21570664 -0.84745737 0.48506356
vn -0.05322448 -0.90474260 0.42262038
vn 0.13096593 -0.89969261 0.41641463
vn 0.29088973 -0.87270759 0.39212833
vn 0.39085921 -0.83866178 0.37930922
vn -0.36588342 -0.84026189 0.40011158
vn -0.25254825 -0.87782570 0.40699068
vn -0.19291276 -0.89674984 0.39827677
vn -0.15383052 -0.89516794 0.41834260
vn -0.36712949 -0.85383988 0.36901681
vn -0.34157142 -0.84419201 0.41312082
vn -0.44199419 -0.83098481 0.33779488
vn 0.76874967 0.49014589 0.41082958
vn 0.83094197 0.41817635 0.36696592
vn 0.80963112 0.28643317 0.51230214
vn -0.41221572 -0.82457879 0.38748938
vn -0.39010169 -0.83159944 0.39530120
vn -0.47405137 -0.80908341 0.34736052
vn -0.42970008 -0.81597526 0.38670689
vn -0.44256127 -0.83067750 0.33780824
vn 0.91053442 0.12079024 0.39539447
vn 0.84877899 0.04578280 0.52676196
vn -0.38905266 -0.84218900 0.37330378
vn -0.34809388 -0.85188693 0.39130463
vn -0.46427960 -0.82345167 0.32614690
vn -0.42705696 -0.82064786 0.37968336
vn -0.55885569 -0.76429499 0.32176620
vn 0.92020520 -0.03872881 0.38951569
vn 0.84441703 -0.12767247 0.52024958
vn -0.76658222 -0.54167321 0.34487945
vn -0.86785536 -0.02920446 0.49595784
vn -0.94180154 0.07456570 0.32779538
vn 0.29949617 -0.53573080 0.78949006
vn 0.79710303 -0.37203364 0.47562352
vn 0.42957032 -0.76121318 0.48582284
vn -0.16622074 -0.85070218 0.49867471
vn -0.29080986 -0.66455061 0.68833285
vn -0.40994825 -0.76453453 0.49742275
vn 0.87578136 -0.16384535 0.45405034
vn 0.71128577 -0.42821743 0.55740685
vn -0.70090746 0.45757623 0.54713136
vn -0.45693242 0.73115645 0.50657971
vn 0.00803337 0.90887656 0.41698784
vn 0.30444928 0.87306333 0.38088194
vn -0.35349492 0.85158512 0.38709705
vn -0.35471388 0.85490864 0.37856213
vn -0.56342880 0.75053657 0.34531557
vn -0.73347747 0.58874494 0.33969131
vn 0.57306194 -0.08911722 0.81465216
vn 0.85263299 0.01265481 0.52235701
vn 0.00397107 -0.27502793 0.96142804
vn -0.39491421 -0.73932373 0.54538352
vn -0.27274815 -0.52773517 0.80442777
vn -0.16530999 -0.77450153 0.61058986
vn -0.02373055 -0.57224342 0.81974040
vn 0.23748691 -0.71241251 0.66035474
vn 0.53260934 -0.40364211 0.74390882
vn 0.79742742 -0.09930791 0.59518690
vn -0.83464964 0.30206307 0.46056257
vn -0.69506409 0.51723020 0.49935842
vn -0.27276071 0.77262621 0.57328033
vn 0.16524022 0.84803928 0.50351272
vn 0.38504302 0.81865080 0.42609006
vn 0.08733827 0.86924492 0.48660589
vn 0.34666061 0.81561368 0.46325020
vn -0.37949694 0.83077736 0.40717448
vn -0.37611045 0.84342258 0.38363951
vn -0.44507252 0.83213221 0.33085713
vn 0.62500713 0.33936166 0.70299342
vn 0.79882593 0.36375601 0.47912285
vn 0.23035342 0.22535904 0.94665231
vn -0.06301359 0.00182938 0.99801099
vn -0.09922773 -0.19055412 0.97664886
vn 0.20125469 -0.18592159 0.96173266
vn 0.66667822 -0.08642628 0.74031794
vn -0.84309180 0.36573511 0.39425124
vn -0.77446254 0.49597104 0.39270920
vn -0.16987749 0.88681090 0.42977677
vn 0.68861755 0.61182199 0.38920395
vn 0.40334389 0.65243907 0.64158941
vn 0.50313741 0.76733286 0.39755884
vn 0.28739707 0.54563425 0.78720149
vn 0.08074860 0.14344539 0.98635850
vn 0.16054745 -0.01920085 0.98684135
vn 0.58663882 -0.01612194 0.80968820
vn -0.63940200 0.58957114 0.49352907
vn -0.58899390 0.68981471 0.42100101
vn -0.66058148 0.67028541 0.33815614
vn -0.77009321 0.55253219 0.31884890
vn 0.43474713 0.78890569 0.43430721
vn 0.55275243 0.64608991 0.52633884
vn 0.46385183 0.29767490 0.83440466
vn 0.74098730 0.28772407 0.60675587
vn 0.25943017 0.03675527 0.96506219
vn 0.58428576 0.02973330 0.81100313
vn -0.67605377 0.60522130 0.42030761
vn -0.66929985 0.67516119 0.31015331
vn -0.65734565 0.68069030 0.32335339
vn 0.55850381 -0.00682994 0.82947383
vn 0.77471174 -0.10753492 0.62310349
vn 0.27456297 0.01859616 0.96138929
vn 0.51491233 0.20186170 0.83313693
vn -0.38917605 0.77357581 0.50012245
vn -0.25404989 0.84589259 0.46896095
vn -0.06719889 0.90474212 0.42062574
vn -0.22906067 0.88958758 0.39517736
vn -0.60081839 0.72140275 0.34437673
vn -0.69570363 0.62901470 0.34689619
vn 0.40565056 -0.14917121 0.90177357
vn 0.72134790 -0.39377910 0.56973259
vn 0.12719577 0.08662827 0.98808744
vn 0.11773242 0.29675504 0.94766847
vn 0.23162909 0.62835519 0.74264239
vn -0.26451663 0.78643575 0.55816643
vn -0.40320299 0.77667909 0.48393899
vn -0.44993915 0.80062856 0.39566231
vn -0.17542566 0.89270708 0.41509024
vn -0.08115626 0.91370597 0.39818973
vn -0.36749726 0.85798516 0.35889725
vn 0.42620504 -0.33226741 0.84139624
vn 0.50165986 -0.70199984 0.50550332
vn 0.66713980 -0.54012930 0.51301543
vn -0.11104291 0.41473892 0.90313958
vn -0.01444432 0.48792430 0.87276643
vn -0.05545191 0.56982928 0.81989004
vn -0.20319506 0.68981928 0.69488210
vn -0.45336595 0.77757173 0.43570808
vn -0.36776241 0.80870951 0.45906398
vn -0.44631124 0.78789629 0.42429437
vn 0.39043317 0.02894001 0.92017629
vn 0.87801095 -0.12342704 0.46245273
vn 0.41930381 -0.75264759 0.50764744
vn 0.09525311 -0.83249726 0.54577941
vn 0.14556519 0.04986864 0.98809104
vn 0.23082003 -0.78294231 0.57768803
vn 0.20067820 0.00692722 0.97963272
vn -0.20227797 0.50857687 0.83691887
vn -0.47886989 0.77363683 0.41493334
vn -0.19848208 0.84575384 0.49528305
vn -0.02200867 0.85390846 0.51995765
vn -0.12385408 0.83707943 0.53287728
vn -0.38559654 0.79850384 0.46228446
vn 0.51831585 0.69068348 0.50428664
vn 0.07342229 0.79502056 0.60212247
vn -0.12410645 0.80648187 0.57808701
vn -0.40593641 0.80277524 0.43676944
vn 0.37688075 -0.89125164 0.25225268
vn 0.62720204 -0.77649168 -0.06064880
vn 0.33617142 -0.94131979 0.03009714
vn 0.05154260 -0.99817604 0.03143186
vn 0.05384028 -0.95158835 0.30262327
vn -0.05428215 -0.99829539 -0.02144194
vn -0.08971243 -0.93524392 0.34244779
vn -0.28955721 -0.95710261 -0.01054558
vn -0.44725265 -0.83116190 0.33035581
vn -0.69250174 -0.71875175 0.06194561
vn 0.68224357 -0.70204041 0.20416408
vn 0.72432446 -0.68517730 -0.07672120
vn 0.67044217 -0.73953407 -0.05997209
vn -0.66916365 -0.74310430 0.00400123
vn -0.69839787 -0.67952923 0.22467853
vn -0.70124170 -0.70695821 0.09203357
vn 0.29137871 -0.90864062 0.29911647
vn 0.53160761 -0.82136807 -0.20675549
vn 0.14960335 -0.98861756 -0.01594217
vn -0.46930992 -0.85021074 0.23851604
vn 0.83675745 -0.47430653 0.27362435
vn 0.96672317 -0.23216051 0.10746070
vn 0.81252829 -0.57278106 -0.10825723
vn -0.48056907 -0.87689322 0.01056664
vn -0.18436884 -0.93110823 0.31471511
vn -0.02386933 -0.99953810 0.01881090
vn 0.12762253 -0.94643875 0.29659094
vn 0.34721431 -0.93499118 -0.07234450
vn 0.43683335 -0.86810176 0.23574556
vn -0.45797222 -0.88894894 0.00558801
vn -0.19998479 -0.93123448 0.30464476
vn -0.12246901 -0.99228233 -0.01941945
vn -0.09132658 -0.93583780 0.34039252
vn -0.26328615 -0.96459311 -0.01550929
vn -0.41030596 -0.84409864 0.34517604
vn -0.62663922 -0.77401528 0.09068425
vn 0.91064276 0.06718970 0.40769512
vn 0.99802147 0.01680809 0.06058581
vn -0.44151068 -0.89723685 -0.00586128
vn -0.28926871 -0.90325359 0.31694883
vn -0.35751281 -0.93390671 0.00169102
vn -0.48194070 -0.82082083 0.30657191
vn -0.62580567 -0.77555519 0.08295427
vn 0.83845406 0.08947754 0.53757656
vn 0.96834372 -0.14729069 0.20153383
vn 0.76185953 0.32320583 0.56134485
vn -0.43626300 -0.89980589 -0.00489541
vn -0.27253793 -0.90902189 0.31528126
vn -0.35697310 -0.93411358 -0.00142588
vn -0.48273319 -0.82269688 0.30023077
vn -0.68077920 -0.73053096 0.05351816
vn 0.62977229 -0.19837130 0.75102309
vn 0.67369620 -0.62443685 0.39523670
vn 0.68924139 0.10771887 0.71647955
vn -0.64488305 -0.76423648 0.00827343
vn -0.65765247 -0.71899008 0.22482545
vn -0.74572987 -0.66105880 0.08299536
vn 0.33348908 -0.83834691 0.43123021
vn 0.58532454 -0.72525852 0.36248484
vn 0.31181859 -0.86523305 0.39260787
vn 0.06324914 -0.89200550 0.44757763
vn -0.12555314 -0.82778938 0.54680997
vn 0.14268703 -0.83649801 0.52906663
vn 0.11787955 -0.61345709 0.78088079
vn 0.30129616 -0.30498590 0.90344022
vn 0.63919356 -0.06939509 0.76590855
vn -0.76273061 -0.64558603 -0.03821891
vn -0.89875518 -0.20197323 0.38916056
vn -0.97543497 -0.09995936 -0.19630269
vn 0.75059650 -0.51022623 0.41985008
vn 0.86172784 -0.32670981 0.38818273
vn 0.76260173 -0.55286694 0.33582250
vn -0.27332434 -0.72948855 0.62700897
vn 0.03769987 -0.64672301 0.76179267
vn 0.51192058 -0.40635668 0.75684316
vn -0.66598693 0.70649346 0.23943352
vn -0.73561327 0.67328923 0.07453002
vn -0.75574929 0.64989367 0.08050610
vn 0.89783450 -0.11814094 0.42418856
vn 0.91066867 0.03659582 0.41151345
vn -0.47232835 0.57294130 0.66980907
vn -0.03392617 0.69990050 0.71343417
vn 0.27652828 0.76242181 0.58501717
vn -0.35792930 0.87361782 0.32966426
vn -0.42179926 0.86563327 0.26974881
vn -0.59482385 0.79858927 0.09186818
vn -0.67142729 0.73777487 0.06981144
vn 0.86123422 0.30865939 0.40373877
vn 0.84052889 0.40207904 0.36310277
vn -0.40005815 0.77316070 0.49211381
vn -0.13276782 0.80574446 0.57719024
vn 0.07327172 0.81024657 0.58149097
vn -0.06288714 0.89642848 0.43870399
vn -0.46101644 0.87416956 0.15261529
vn -0.38769033 0.91107830 0.14011618
vn -0.41947048 0.90641543 -0.04955396
vn 0.72815179 0.60797284 0.31648697
vn 0.59390925 0.74093122 0.31351670
vn 0.66273113 0.64138841 0.38653376
vn -0.70758901 0.67456208 0.21043715
vn -0.74726484 0.65560047 0.10855086
vn -0.34441033 0.92829805 0.14015799
vn 0.00083250 0.99366239 0.11240265
vn -0.00360495 0.99299127 0.11813272
vn -0.33133896 0.94348005 0.00773894
vn 0.64343063 0.62549572 0.44130731
vn 0.66451891 0.46268029 0.58680624
vn 0.74040184 0.27671917 0.61256152
vn 0.58951840 0.56366489 0.57857579
vn -0.63716028 0.73448683 0.23357200
vn -0.72659064 0.66490246 0.17312064
vn -0.75108501 0.65521438 0.08102726
vn 0.73925013 0.00561391 0.67340755
vn 0.74031414 -0.12043197 0.66138575
vn 0.73214508 0.11942987 0.67059681
vn -0.61673979 0.75660305 0.21721846
vn -0.70288026 0.69421861 0.15498342
vn -0.70210929 0.70557713 0.09593469
vn 0.64758227 -0.43357127 0.62662043
vn 0.58304174 -0.54766441 0.60010500
vn 0.71767970 -0.28086767 0.63721990
vn -0.26823248 0.89055295 0.36737824
vn -0.09167462 0.92805991 0.36097169
vn -0.23645591 0.92859432 0.28600909
vn -0.59228695 0.78710000 0.17224911
vn -0.65096626 0.75871924 0.02424964
vn 0.41392373 -0.82118373 0.39284148
vn 0.55547677 -0.72660454 0.40434070
vn 0.35175467 -0.81230263 0.46522369
vn 0.35296841 -0.76830880 0.53396151
vn 0.32858915 -0.79684690 0.50701498
vn 0.49512380 -0.64893948 0.57769367
vn -0.39576181 0.82713444 0.39902533
vn -0.37286189 0.83744621 0.39957210
vn -0.53450235 0.77639674 0.33393913
vn -0.39232264 0.88222965 0.26029558
vn -0.19688374 0.96506466 0.17287858
vn -0.39002567 0.92056218 0.02110080
vn 0.83581167 -0.21746923 0.50410910
vn 0.92098748 -0.12862736 0.36774591
vn 0.71622622 -0.58466634 0.38103186
vn -0.35156045 0.84501561 0.40293159
vn -0.06062548 0.90508748 0.42088145
vn -0.01078160 0.90768522 0.41951317
vn -0.24279524 0.87979262 0.40867519
vn -0.47919296 0.80132992 0.35811236
vn -0.38817962 0.83546740 0.38898689
vn -0.45344758 0.82275673 0.34271951
vn 0.81445047 0.44381311 0.37376510
vn 0.44702576 0.79214749 0.41553620
vn 0.57473111 0.75170561 0.32345453
vn 0.14265082 0.89532986 0.42194216
vn -0.05063370 0.90854976 0.41469696
vn -0.28234170 0.87254031 0.39869359
vn -0.50069211 0.79131523 0.35089546
vn -0.27857345 0.87096180 0.40474976
vn -0.01563988 0.91091681 0.41229353
vn -0.07905217 0.90659531 0.41453069
vn -0.40569605 0.83996312 0.36037851
vn 0.35747252 0.87489088 0.32677108
vn 0.05683400 0.91360808 0.40260424
vn -0.12242108 0.90720084 0.40249189
vn -0.41415376 0.83228318 0.36848524
vn 0.44706770 -0.84387971 -0.29664373
vn 0.07632782 -0.94255160 -0.32522384
vn -0.05841429 -0.94933644 -0.30878487
vn -0.40204519 -0.87922239 -0.25559276
vn 0.67533884 -0.69841860 -0.23691541
vn 0.57229694 -0.75526209 -0.31946108
vn 0.31985816 -0.87147479 -0.37178280
vn 0.04895824 -0.90989008 -0.41195039
vn -0.15987082 -0.89994720 -0.40563081
vn -0.46709829 -0.82920403 -0.30698512
vn -0.67984756 -0.70553614 -0.20006514
vn -0.59820263 -0.68815476 -0.41060521
vn -0.19596958 -0.90637975 -0.37426150
vn 0.93387854 -0.21057255 -0.28901569
vn 0.82268077 -0.45501068 -0.34082493
vn 0.74190325 -0.57987700 -0.33663368
vn -0.67218793 -0.64413905 -0.36503188
vn -0.42326700 -0.85291206 -0.30559134
vn -0.56551381 -0.70369602 -0.43012329
vn -0.08925160 -0.94835372 -0.30440003
vn 0.22512589 -0.92349728 -0.31059799
vn 0.34264344 -0.86068875 -0.37657715
vn -0.11279981 -0.92775883 -0.35572428
vn -0.31724549 -0.90171670 -0.29370444
vn -0.37111436 -0.85449250 -0.36347862
vn -0.19005371 -0.93595386 -0.29642868
vn -0.36790665 -0.88898343 -0.27267776
vn 0.95512709 -0.11366076 -0.27352052
vn 0.89560888 -0.11667980 -0.42926748
vn -0.23176964 -0.87219853 -0.43075812
vn 0.11910774 -0.90570050 -0.40684144
vn 0.39529377 -0.83647378 -0.37954505
vn -0.29954606 -0.86088974 -0.41126758
vn -0.23880546 -0.88263972 -0.40486921
vn -0.38778338 -0.85719591 -0.33887937
vn -0.39772107 -0.87285012 -0.28275541
vn -0.40222484 -0.82596558 -0.39496334
vn -0.45258402 -0.85616736 -0.24928928
vn 0.86095793 -0.48949630 -0.13836480
vn 0.82846888 -0.20758374 -0.52014259
vn -0.41566303 -0.82208436 -0.38910353
vn -0.44391293 -0.83245331 -0.33160638
vn -0.37792814 -0.88218206 -0.28093618
vn -0.40294362 -0.83547681 -0.37365084
vn -0.47062532 -0.85109241 -0.23270908
vn 0.32642499 -0.89398367 0.30698522
vn 0.60306716 -0.78023221 0.16597496
vn 0.31815530 -0.94536693 0.07112372
vn -0.06708767 -0.99774698 0.00046281
vn 0.11549918 -0.94517534 0.30545624
vn 0.31035848 -0.94035186 -0.13934127
vn 0.25044775 -0.92384097 0.28947156
vn 0.62664146 -0.52188124 -0.57875768
vn -0.38404218 -0.84429551 -0.37373346
vn -0.47180537 -0.83520039 -0.28255971
vn -0.70437845 -0.68465422 -0.18734884
vn -0.58138936 -0.71385205 -0.39038655
vn 0.67515287 -0.68130859 0.28282010
vn 0.72237089 -0.67932775 0.12920571
vn 0.71137081 -0.70277127 0.00800701
vn -0.80865605 -0.45612880 -0.37151300
vn -0.95411976 0.12584107 -0.27169746
vn -0.92552873 0.11843001 -0.35968168
vn 0.82159379 -0.47836764 0.31007748
vn 0.95871264 -0.24049324 0.15176654
vn 0.80113657 -0.59796723 0.02480707
vn -0.71351583 0.67485937 -0.18830824
vn -0.73253851 0.57094415 -0.37068871
vn -0.56189706 0.73965321 -0.37038470
vn 0.94386456 -0.06071635 0.32470481
vn 0.99544483 0.09490943 -0.00904433
vn -0.40378604 0.87404200 -0.27019884
vn -0.40046000 0.83505075 -0.37725594
vn -0.44301161 0.81486442 -0.37381371
vn -0.51949162 0.81300843 -0.26295579
vn -0.37778361 0.83972628 -0.39005041
vn 0.88970446 0.38361666 0.24751612
vn 0.92565418 0.37685082 0.03387909
vn -0.24981183 0.92920813 -0.27233492
vn -0.45545352 0.77041441 -0.44612075
vn -0.76843777 0.58000101 -0.27037424
vn 0.00291107 0.95204754 -0.30593628
vn -0.09528461 0.89699127 -0.43165669
vn -0.10471971 0.93840973 -0.32927337
vn -0.01468875 0.90447526 -0.42627308
vn -0.41261696 0.86825930 -0.27545059
vn -0.23956837 0.87842972 -0.41348305
vn 0.81199705 0.58366152 0.00017746
vn 0.83776761 0.42818947 0.33882033
vn 0.94108642 0.33090037 -0.06972305
vn -0.89013199 0.44549111 -0.09593079
vn 0.84279205 0.16227680 0.51319373
vn 0.99753819 0.06708727 0.02041697
vn 0.71558221 0.40459102 0.56942797
vn -0.76366306 0.60445403 -0.22683488
vn -0.73459242 0.67481196 -0.07073045
vn 0.76540585 -0.15203605 0.62533105
vn 0.99223256 -0.12371885 0.01296888
vn 0.68990450 0.04788062 0.72231518
vn -0.67521437 0.72720343 -0.12353429
vn -0.59760312 0.79813153 -0.07652825
vn 0.65949321 -0.59219416 0.46300625
vn 0.83419104 -0.52150557 -0.17932442
vn 0.57306239 -0.38254652 0.72474662
vn -0.61518096 0.77713534 -0.13271415
vn -0.52174637 0.80617448 -0.27904021
vn -0.45412739 0.85336980 -0.25598495
vn -0.46860955 0.85586767 -0.21885069
vn 0.72891590 -0.65553008 0.19738777
vn 0.73124161 -0.67842337 -0.07090438
vn 0.73430803 -0.67513863 -0.07056586
vn -0.63169492 0.74945910 0.19817312
vn -0.67054233 0.74081249 -0.03962119
vn -0.39826124 0.91520674 -0.06151909
vn 0.95511868 -0.12986681 0.26623845
vn 0.97657330 0.09681411 0.19217600
vn 0.74904400 -0.65769233 -0.07983663
vn -0.36435436 0.87036008 0.33123895
vn -0.41225606 0.86859920 0.27491883
vn -0.61069323 0.78566755 0.09889532
vn -0.67475902 0.73466240 0.07050833
vn 0.75549162 0.65426554 0.03419095
vn 0.67912529 0.71140592 0.18080501
vn 0.74728597 0.65941395 -0.08207881
vn -0.25985164 0.91502990 0.30854078
vn -0.07135003 0.94993221 0.30420054
vn 0.00775924 0.95029216 0.31126291
vn -0.26692508 0.92226568 0.27960152
vn -0.51448190 0.85002096 0.11301653
vn -0.38561923 0.91188803 0.14056324
vn -0.41824935 0.90721849 -0.04496764
vn 0.69002356 0.72378672 0.00052350
vn 0.58282071 0.75952412 0.28886524
vn 0.61774621 0.77725248 -0.11944956
vn 0.12808624 0.93086902 0.34216485
vn -0.03805176 0.95235471 0.30260959
vn -0.24753281 0.92922764 0.27434193
vn -0.56520002 0.80389654 0.18520068
vn -0.39592643 0.91693238 0.04977212
vn -0.13109349 0.99073490 -0.03548043
vn -0.03397881 0.99926819 0.01756473
vn -0.34152990 0.93811884 -0.05736168
vn 0.27277134 0.96047743 0.05548780
vn 0.03164195 0.99949927 0.00001089
vn -0.03498150 0.99937778 -0.00451177
vn -0.31000847 0.95017661 -0.03254485
vn 0.37883620 -0.83301651 -0.40319552
vn 0.10156257 -0.90358621 -0.41619348
vn -0.05133491 -0.90978753 -0.41188758
vn -0.37085168 -0.83249652 -0.41160489
vn 0.89416120 -0.16462045 -0.41638426
vn 0.73089660 -0.50282790 -0.46146968
vn 0.36403025 -0.78022211 -0.50866044
vn 0.07034860 -0.84386726 -0.53192022
vn -0.18131130 -0.85282212 -0.48971486
vn -0.57515070 -0.69283486 -0.43495003
vn -0.68145794 -0.57557232 -0.45203051
vn -0.73265457 -0.44872453 -0.51172607
vn -0.06440994 -0.89420274 -0.44300432
vn 0.76763013 0.24206024 -0.59342297
vn 0.81462172 0.14879594 -0.56058114
vn -0.64371005 -0.55695713 -0.52482009
vn -0.64849776 -0.53412698 -0.54236429
vn -0.37914440 -0.78235839 -0.49413041
vn -0.01664586 -0.90662269 -0.42161382
vn 0.27240523 -0.88105901 -0.38669162
vn 0.29202350 -0.85436424 -0.42986513
vn -0.07269788 -0.88344303 -0.46286437
vn -0.31158446 -0.85165198 -0.42143094
vn -0.23730939 -0.79979313 -0.55137573
vn -0.22102297 -0.87514849 -0.43042301
vn -0.29471463 -0.86382503 -0.40859467
vn 0.47031412 -0.04918161 -0.88112757
vn 0.53716639 0.66030962 -0.52482709
vn 0.41036301 0.46218406 -0.78612219
vn 0.57529051 0.43669493 -0.69162010
vn 0.39775929 0.72966926 -0.55621068
vn 0.64031758 0.55125682 -0.53489187
vn -0.34467316 -0.74839957 -0.56665554
vn -0.05094052 -0.83412491 -0.54921827
vn 0.15963108 -0.82556977 -0.54125084
vn 0.29074177 -0.76927870 -0.56892839
vn -0.24070354 -0.81979395 -0.51961495
vn -0.20100727 -0.84978529 -0.48729974
vn -0.35156863 -0.83379604 -0.42565674
vn -0.43037083 -0.80867173 -0.40103738
vn -0.40059270 -0.76751380 -0.50044785
vn -0.40543042 -0.82567527 -0.39228373
vn 0.52831100 -0.82936247 -0.18178389
vn 0.02065904 -0.98366664 -0.17881033
vn -0.48807741 -0.80646532 -0.33375761
vn -0.44514540 -0.82121630 -0.35700052
vn -0.21939128 -0.78869487 -0.57430643
vn 0.24535341 -0.40585471 -0.88038836
vn 0.12578307 -0.08955870 -0.98800701
vn 0.27465057 0.04140824 -0.96065208
vn 0.56797772 0.02888450 -0.82253693
vn 0.79297301 0.13463186 -0.59419531
vn -0.39473465 -0.78900573 -0.47080198
vn -0.39097559 -0.81966879 -0.41866593
vn -0.37815959 -0.83321397 -0.40342261
vn -0.38830030 -0.73842555 -0.55131714
vn -0.44533143 -0.80917572 -0.38329436
vn 0.72395361 -0.67671497 -0.13397025
vn 0.68078153 -0.71215011 -0.17140223
vn -0.63112078 -0.67311482 -0.38549061
vn -0.67084663 -0.61676057 -0.41179023
vn -0.54101154 -0.59781663 -0.59154187
vn -0.15080934 -0.38535404 -0.91036191
vn 0.07729730 -0.25161726 -0.96473513
vn 0.21751387 -0.20376769 -0.95455039
vn 0.54440425 -0.32303527 -0.77412675
vn 0.74197619 -0.20727229 -0.63758100
vn -0.34368357 -0.76871576 -0.53940494
vn -0.68232947 -0.58343715 -0.44048562
vn -0.86816623 0.20847351 -0.45036229
vn -0.80288034 0.24229703 -0.54467909
vn 0.98251347 -0.13486363 -0.12837091
vn 0.77380850 -0.60585118 -0.18483710
vn -0.66724544 -0.65092100 -0.36205714
vn -0.55837525 -0.72363453 -0.40567247
vn -0.38306976 -0.63341952 -0.67233717
vn -0.04895135 -0.61974173 -0.78327770
vn 0.26803626 -0.56248901 -0.78215259
vn 0.53109179 -0.58391269 -0.61399306
vn 0.65542141 -0.43824142 -0.61511562
vn -0.42015959 0.82839039 -0.37045281
vn -0.40664363 0.68064694 -0.60939372
vn -0.39911431 0.79763200 -0.45220677
vn -0.53831638 0.75193777 -0.38053260
vn -0.41883712 0.69664122 -0.58246586
vn 0.87344030 0.36185746 -0.32582392
vn 0.91474861 0.26387688 -0.30594765
vn 0.82333121 0.41823128 -0.38367736
vn -0.38591876 -0.78128209 -0.49057620
vn 0.04094592 -0.76845000 -0.63859849
vn 0.36971335 -0.68996313 -0.62230452
vn -0.49113358 0.61263123 -0.61925018
vn -0.51047357 0.75175645 -0.41746733
vn -0.82559078 0.38475671 -0.41274949
vn -0.21294741 0.82743953 -0.51961257
vn -0.10484512 0.87999046 -0.46327561
vn 0.00240501 0.90416248 -0.42718197
vn 0.02400987 0.87344901 -0.48632330
vn -0.10688796 0.90264613 -0.41689918
vn -0.01088440 0.86491475 -0.50180076
vn -0.35255536 0.85553688 -0.37915877
vn -0.21066116 0.83360014 -0.51061990
vn 0.77507185 0.56991890 -0.27286642
vn 0.81182381 0.47120344 -0.34483246
vn -0.74902970 0.42900709 -0.50488357
vn -0.88466499 0.18294964 -0.42883246
vn 0.78907665 0.44453948 -0.42396073
vn 0.77404968 0.54188031 -0.32743369
vn 0.67185582 0.65496309 -0.34588020
vn -0.85181539 0.41074311 -0.32511635
vn -0.86410172 0.35019783 -0.36151031
vn 0.82840243 0.11594444 -0.54800210
vn 0.64506088 0.65528358 -0.39306474
vn 0.71798422 0.34707035 -0.60335796
vn 0.69128092 0.50683171 -0.51502651
vn -0.70663202 0.66000924 -0.25506663
vn -0.72651097 0.56498370 -0.39112049
vn -0.56322173 0.73741520 -0.37282717
vn 0.77031525 -0.20727986 -0.60303356
vn 0.69430828 -0.06123185 -0.71706811
vn 0.75630243 0.12511234 -0.64214760
vn -0.43353086 0.67344695 -0.59876556
vn -0.48848276 0.71414828 -0.50137494
vn -0.77713391 0.40133178 -0.48476353
vn -0.31878744 0.82146063 -0.47283929
vn -0.12138033 0.87059870 -0.47678581
vn -0.46166966 0.83033114 -0.31210787
vn -0.23864374 0.87769850 -0.41556528
vn 0.68497259 -0.46455127 -0.56125278
vn 0.56122827 -0.49744299 -0.66149323
vn 0.68849931 -0.31095267 -0.65519244
vn -0.62268890 0.67841163 -0.38989255
vn -0.81952084 0.42508749 -0.38429965
vn 0.66856796 -0.70544186 -0.23530548
vn 0.54555715 -0.76016780 -0.35286304
vn 0.40271321 -0.79928807 -0.44605005
vn 0.46358052 -0.71043223 -0.52950840
vn -0.69946602 0.68475649 -0.20458696
vn -0.73342304 0.56306077 -0.38085852
vn -0.59203980 0.71363709 -0.37444757
vn 0.89877187 0.19700378 -0.39166137
vn 0.94231202 -0.08150127 -0.32466229
vn 0.73378170 -0.59115918 -0.33480627
vn -0.39628417 0.87769204 -0.26947271
vn -0.39138564 0.83957516 -0.37673709
vn -0.42878913 0.82211294 -0.37452663
vn -0.52969977 0.80766663 -0.25902271
vn -0.38181594 0.83776091 -0.39035016
vn 0.66319303 0.71506311 -0.22104242
vn 0.78641560 0.52183875 -0.33050690
vn 0.56965933 0.75219812 -0.33118911
vn -0.12335711 0.94209128 -0.31184458
vn -0.30678312 0.87469096 -0.37523305
vn -0.40342840 0.85880895 -0.31574152
vn -0.13561930 0.93411868 -0.33019644
vn -0.11812338 0.90916731 -0.39932653
vn -0.39862059 0.87324273 -0.28026553
vn -0.24387885 0.87948753 -0.40868667
vn 0.23845294 0.92578330 -0.29336918
vn 0.49193654 0.80996182 -0.31931221
vn 0.03905387 0.94976198 -0.31052692
vn 0.13420394 0.90632100 -0.40071380
vn -0.10216948 0.94035870 -0.32447944
vn -0.02322270 0.91077396 -0.41225175
vn -0.49489331 0.83226308 -0.24983752
vn -0.21041918 0.92118900 -0.32731421
vn -0.30128184 0.92736648 -0.22185729
vn 0.51995907 -0.25206184 -0.81615402
vn 0.18723301 -0.43163238 -0.88240426
vn -0.11544947 -0.55100301 -0.82647874
vn -0.45675354 -0.59507121 -0.66126127
vn 0.47858800 0.49695063 -0.72387402
vn 0.36848963 0.38491630 -0.84620023
vn 0.03578149 -0.02702387 -0.99899419
vn -0.46245751 -0.35195502 -0.81379403
vn 0.06834160 -0.70673044 -0.70417435
vn 0.49681163 0.29637048 -0.81568545
vn -0.04400959 -0.05525064 -0.99750214
vn -0.32487280 -0.45598931 -0.82857191
vn -0.08766541 -0.56618541 -0.81960287
vn 0.06741828 -0.54520686 -0.83558618
vn 0.17873832 -0.45780396 -0.87090077
vn 0.07694451 -0.37383238 -0.92429914
vn -0.12953713 -0.60592797 -0.78490217
vn -0.15927686 -0.67055189 -0.72456265
vn -0.24866081 -0.69418840 -0.67547781
vn -0.01172433 -0.90405145 -0.42726282
vn 0.58731833 0.02805544 -0.80886963
vn 0.17313324 0.07765010 -0.98183265
vn -0.06156964 -0.05677717 -0.99648659
vn -0.03490273 -0.14642595 -0.98860571
vn 0.05495609 -0.20618345 -0.97696889
vn 0.10489785 -0.28253104 -0.95350545
vn 0.18800083 -0.28174278 -0.94089144
vn 0.17108935 -0.53810246 -0.82533276
vn -0.20641402 -0.59743559 -0.77489610
vn -0.20132944 -0.36585093 -0.90863610
vn -0.26381904 -0.53143358 -0.80497072
vn -0.35618536 -0.65542109 -0.66599939
vn 0.72213707 -0.64534842 -0.24908524
vn 0.44445767 -0.81666742 -0.36811915
vn -0.16768322 -0.92318440 -0.34585099
vn -0.64253093 -0.70339310 -0.30396078
vn -0.56006487 -0.76363058 -0.32124084
vn 0.44958579 -0.21888591 -0.86600322
vn 0.14062498 0.01219154 -0.98998787
vn -0.00555302 0.04634184 -0.99891021
vn 0.05495900 -0.00730088 -0.99846192
vn 0.15798283 -0.09456609 -0.98290319
vn 0.32938657 -0.37428993 -0.86683997
vn 0.31491546 -0.54288716 -0.77852539
vn 0.39543557 -0.64508473 -0.65383209
vn 0.07192925 -0.75075852 -0.65664894
vn -0.56288420 -0.56746367 -0.60095454
vn -0.68485691 0.29708988 -0.66536352
vn -0.39186365 0.16181205 -0.90568192
vn -0.13094550 0.07996808 -0.98815909
vn -0.23580502 -0.08265107 -0.96827929
vn -0.40780784 -0.06667683 -0.91062998
vn -0.50884470 -0.11918707 -0.85256760
vn 0.91791162 -0.08588503 -0.38737840
vn 0.91146561 -0.19478905 -0.36233641
vn 0.75685274 -0.55942385 -0.33796285
vn -0.66954980 -0.65599700 -0.34838341
vn -0.65284884 -0.69264375 -0.30664806
vn -0.70268267 -0.58878970 -0.39945432
vn 0.42659111 -0.43758242 -0.79154384
vn 0.21896043 -0.22236299 -0.95005844
vn 0.06808008 -0.18504351 -0.98036932
vn -0.02425437 -0.16951691 -0.98522878
vn 0.13713292 -0.18263337 -0.97357055
vn 0.42849436 -0.30311335 -0.85118440
vn 0.60775604 -0.50128369 -0.61591173
vn 0.38971804 -0.65050615 -0.65189078
vn 0.37491437 -0.65605805 -0.65500157
vn -0.55930536 0.67707582 -0.47827381
vn -0.44221583 0.80705348 -0.39129254
vn -0.38781149 0.73062030 -0.56195750
vn -0.25954151 0.78847745 -0.55762130
vn -0.39086963 0.71877505 -0.57496379
vn -0.03514627 0.73302255 -0.67929572
vn -0.09965275 0.62013064 -0.77814351
vn -0.27607641 0.54925012 -0.78873704
vn 0.83239037 0.39158919 -0.39215326
vn 0.82611447 0.41565328 -0.38048288
vn 0.70854056 0.52661428 -0.46973149
vn -0.71704935 -0.55717598 -0.41880205
vn -0.56180792 -0.56992959 -0.59962666
vn -0.75865173 -0.39404030 -0.51882540
vn -0.12295792 -0.71482658 -0.68840708
vn 0.20450373 -0.61508736 -0.76147604
vn 0.19556230 -0.43048612 -0.88115667
vn 0.24860980 -0.31164875 -0.91709772
vn 0.21512197 -0.47669877 -0.85233845
vn 0.02387120 -0.56693839 -0.82341425
vn 0.04322726 -0.59602022 -0.80180503
vn 0.38499528 -0.55762863 -0.73541073
vn 0.64972604 -0.42878853 -0.62769138
vn -0.76241065 0.49703590 -0.41434927
vn -0.69548569 0.43827254 -0.56940042
vn -0.81653888 0.17346878 -0.55061134
vn 0.80791260 0.44526292 -0.38602871
vn 0.78933253 0.42605657 -0.44207460
vn -0.56809998 -0.54915810 -0.61293377
vn -0.64267175 -0.54531880 -0.53814536
vn -0.20678036 -0.69601002 -0.68761322
vn 0.01639746 -0.71712805 -0.69674851
vn 0.09711366 -0.67165265 -0.73447373
vn 0.24739229 -0.61819521 -0.74607757
vn 0.36010943 -0.69457709 -0.62280323
vn 0.19826899 -0.74366761 -0.63847310
vn 0.01877326 -0.78975176 -0.61313924
vn 0.13676649 -0.78150642 -0.60872214
vn 0.46289288 -0.62268084 -0.63087142
vn -0.89734777 0.19461874 -0.39609409
vn -0.86638374 0.15416898 -0.47498540
vn 0.64217048 0.69802334 -0.31682880
vn 0.72321918 0.57976669 -0.37526604
vn 0.57632955 0.70629822 -0.41108037
vn -0.29746308 -0.74571483 -0.59617540
vn -0.04671959 -0.79117114 -0.60980776
vn 0.01656058 -0.78609726 -0.61788093
vn 0.13785904 -0.76470772 -0.62945769
vn 0.31365359 -0.72344062 -0.61502447
vn -0.84480046 0.36259464 -0.39349372
vn -0.73097685 0.50148393 -0.46280310
vn 0.65646093 0.43879581 -0.61361004
vn 0.52711289 0.73154029 -0.43243589
vn 0.66231324 0.42627754 -0.61614011
vn 0.43945912 0.72584970 -0.52916718
vn 0.64950747 0.52713162 -0.54797108
vn -0.48353457 0.66311915 -0.57137319
vn -0.47686498 0.61329744 -0.62965550
vn -0.75519337 0.28607064 -0.58978518
vn -0.21873797 0.85554784 -0.46924577
vn -0.12711283 0.82133315 -0.55610627
vn -0.11552389 0.90854378 -0.40150022
vn -0.00732584 0.85630120 -0.51642481
vn -0.50935686 0.77497117 -0.37413270
vn -0.28018136 0.80146979 -0.52834135
vn 0.74028019 -0.10077810 -0.66470220
vn 0.75631110 -0.03071948 -0.65349050
vn 0.80473699 0.04677365 -0.59178594
vn -0.73950296 0.44938850 -0.50118394
vn -0.83865674 0.17174856 -0.51687262
vn 0.56863345 -0.57576206 -0.58749813
vn 0.70043545 -0.39695624 -0.59314072
vn 0.71685516 -0.37970082 -0.58476146
vn -0.81704787 0.41677574 -0.39841028
vn -0.74633586 0.48614301 -0.45458526
vn 0.36160947 -0.84317672 -0.39785878
vn 0.25517777 -0.85069009 -0.45957664
vn 0.37865574 -0.73305057 -0.56502804
vn 0.57813062 -0.61115130 -0.54060991
vn 0.77665937 -0.43377975 -0.45676618
vn -0.41496879 0.83180430 -0.36864959
vn -0.38130008 0.74286145 -0.55024277
vn -0.37735259 0.80798637 -0.45250752
vn -0.57118246 0.73364058 -0.36813325
vn -0.45147488 0.72639870 -0.51818468
vn 0.87394702 0.01099695 -0.48589676
vn 0.82872119 -0.21297542 -0.51755450
vn 0.37103801 -0.77557142 -0.51070516
vn 0.15710336 -0.79176036 -0.59028304
vn 0.35692972 -0.70843433 -0.60886942
vn -0.31386399 0.86770537 -0.38545660
vn -0.31155506 0.81918968 -0.48152021
vn -0.46952278 0.77437533 -0.42413583
vn -0.18246198 0.89190061 -0.41378851
vn -0.15737216 0.84473654 -0.51152144
vn -0.34103715 0.85864597 -0.38264966
vn -0.21764802 0.82928674 -0.51469684
vn 0.25241691 0.88533609 -0.39046858
vn 0.60357414 0.64902911 -0.46309770
vn 0.03036939 0.91026563 -0.41290940
vn 0.10790377 0.82327561 -0.55729171
vn -0.02234242 0.91355637 -0.40609799
vn -0.02580034 0.81077194 -0.58479331
vn -0.15957669 0.91588620 -0.36835818
vn -0.00911761 0.85086719 -0.52530171
vn -0.37974641 0.85826198 -0.34522317
vn -0.25058310 0.85941996 -0.44565170
vn -0.18615719 -0.88159312 -0.43375002
vn -0.02084743 -0.07675369 -0.99683211
vn -0.40280244 -0.17426946 -0.89854346
vn 0.87635283 0.04245699 -0.47979488
vn 0.79822508 -0.31031168 -0.51627839
vn -0.24501594 -0.83341375 -0.49536725
vn -0.71634343 -0.25559005 -0.64925019
vn -0.63473169 0.28066633 -0.71995979
vn 0.46065067 -0.42520862 -0.77910114
vn -0.10426739 -0.08531210 -0.99088352
vn 0.23023044 0.51373963 -0.82647779
vn 0.59117234 0.58689543 -0.55323505
vn -0.36583922 -0.06940584 -0.92808647
vn -0.72121187 -0.37106990 -0.58494493
vn -0.02329441 -0.20693106 -0.97807817
vn 0.61068927 0.48518765 -0.62582071
vn 0.04337101 0.27185127 -0.96136145
vn -0.54257075 -0.22171558 -0.81022169
vn 0.20664939 -0.61269165 -0.76282696
vn 0.06355284 -0.48287881 -0.87337798
vn 0.05494327 -0.43830629 -0.89714482
vn 0.10853430 -0.29818718 -0.94831678
vn -0.48651119 0.00633866 -0.87365135
vn 0.38009709 0.66432507 -0.64358248
vn 0.15106918 0.38080632 -0.91223059
vn -0.18905889 -0.36091744 -0.91323345
vn -0.07333642 -0.59651276 -0.79924608
vn 0.00102314 -0.60933408 -0.79291294
vn 0.05815909 -0.58584909 -0.80833061
vn 0.17800517 -0.45017319 -0.87501900
vn 0.00937472 -0.12189477 -0.99249876
vn -0.20555589 0.24303484 -0.94798779
vn -0.00344836 0.42043861 -0.90731444
vn -0.05769527 0.44460008 -0.89386913
vn -0.45776490 0.35476369 -0.81522636
vn 0.48910747 0.17421651 -0.85464759
vn 0.12152788 -0.14310974 -0.98221717
vn 0.01537892 -0.21991099 -0.97539871
vn 0.00691265 -0.20399945 -0.97894660
vn -0.10443591 -0.13383115 -0.98548585
vn -0.35892610 0.23156285 -0.90418510
vn 0.52233149 -0.10768864 -0.84591546
vn 0.19957360 0.01810574 -0.97971555
vn 0.02677253 0.01152975 -0.99957506
vn -0.03689977 0.05339118 -0.99789167
vn -0.18799603 0.11496567 -0.97541806
vn -0.56451486 0.10113855 -0.81920325
vn 0.04992717 -0.49109658 -0.86967317
vn 0.00761665 0.01030593 -0.99991788
vn -0.02146507 0.20410883 -0.97871285
vn -0.09765769 0.22781700 -0.96879430
vn -0.26797585 0.43819970 -0.85800348
vn -0.55292456 0.35342905 -0.75456102
vn 0.64978884 -0.04140994 -0.75898596
vn 0.70499331 -0.46082215 -0.53909868
vn -0.21787277 -0.78005352 -0.58655601
vn -0.74692169 0.31810098 -0.58388334
vn -0.52924035 0.41251488 -0.74144193
vn -0.16424112 0.55044432 -0.81855721
vn -0.22146002 0.60019132 -0.76858691
vn 0.48469782 0.03375589 -0.87403007
vn 0.08272453 -0.04664348 -0.99548030
vn 0.23216640 0.12122950 -0.96509180
vn 0.09829417 0.65903866 -0.74565830
vn 0.45088747 0.65287420 -0.60865077
vn -0.19333885 0.84454016 -0.49937162
vn 0.06524384 -0.11033411 -0.99175079
vn 0.00189311 -0.10665979 -0.99429377
f 3//3 2//2 1//1
f 1//1 4//4 3//3
f 7//7 6//6 5//5
f 9//9 8//8 5//5
f 5//5 8//8 7//7
f 8//8 9//9 2//2
f 9//9 1//1 2//2
f 9//9 10//10 1//1
f 4//4 1//1 11//11
f 11//11 1//1 10//10
f 14//14 13//13 12//12
f 16//16 15//15 12//12
f 12//12 15//15 14//14
f 15//15 16//16 6//6
f 16//16 5//5 6//6
f 16//16 17//17 5//5
f 19//19 9//9 18//18
f 9//9 17//17 18//18
f 9//9 5//5 17//17
f 9//9 19//19 10//10
f 10//10 19//19 20//20
f 10//10 20//20 11//11
f 23//23 22//22 21//21
f 21//21 24//24 23//23
f 27//27 26//26 25//25
f 29//29 28//28 25//25
f 25//25 28//28 27//27
f 28//28 29//29 13//13
f 29//29 12//12 13//13
f 29//29 30//30 12//12
f 12//12 31//31 16//16
f 12//12 30//30 31//31
f 16//16 32//32 17//17
f 16//16 31//31 32//32
f 18//18 17//17 33//33
f 33//33 17//17 32//32
f 22//22 34//34 21//21
f 21//21 34//34 24//24
f 26//26 35//35 25//25
f 25//25 35//35 29//29
f 29//29 35//35 36//36
f 38//38 37//37 36//36
f 37//37 29//29 36//36
f 37//37 30//30 29//29
f 30//30 39//39 31//31
f 30//30 37//37 39//39
f 31//31 40//40 32//32
f 31//31 39//39 40//40
f 33//33 32//32 41//41
f 41//41 32//32 40//40
f 38//38 42//42 37//37
f 37//37 42//42 39//39
f 39//39 42//42 43//43
f 39//39 43//43 40//40
f 40//40 43//43 44//44
f 40//40 44//44 41//41
f 47//47 46//46 45//45
f 45//45 48//48 47//47
f 45//45 46//46 49//49
f 49//49 46//46 50//50
f 48//48 45//45 51//51
f 45//45 52//52 51//51
f 45//45 49//49 52//52
f 54//54 53//53 52//52
f 52//52 53//53 51//51
f 54//54 55//55 53//53
f 49//49 50//50 56//56
f 56//56 50//50 57//57
f 49//49 58//58 52//52
f 49//49 56//56 58//58
f 58//58 2//2 3//3
f 54//54 58//58 3//3
f 52//52 58//58 54//54
f 60//60 59//59 4//4
f 4//4 59//59 3//3
f 59//59 55//55 3//3
f 55//55 54//54 3//3
f 62//62 61//61 60//60
f 60//60 61//61 59//59
f 64//64 63//63 62//62
f 62//62 63//63 61//61
f 64//64 65//65 63//63
f 68//68 67//67 66//66
f 70//70 69//69 66//66
f 66//66 69//69 68//68
f 69//69 70//70 57//57
f 57//57 70//70 56//56
f 70//70 6//6 56//56
f 6//6 7//7 56//56
f 56//56 7//7 8//8
f 56//56 8//8 58//58
f 58//58 8//8 2//2
f 11//11 71//71 60//60
f 11//11 60//60 4//4
f 60//60 72//72 62//62
f 60//60 71//71 72//72
f 62//62 73//73 64//64
f 62//62 72//72 73//73
f 65//65 64//64 74//74
f 74//74 64//64 73//73
f 77//77 76//76 75//75
f 79//79 78//78 75//75
f 75//75 78//78 77//77
f 78//78 79//79 67//67
f 67//67 79//79 66//66
f 79//79 13//13 66//66
f 13//13 14//14 66//66
f 66//66 14//14 15//15
f 66//66 15//15 70//70
f 70//70 15//15 6//6
f 18//18 80//80 19//19
f 81//81 20//20 19//19
f 81//81 19//19 80//80
f 71//71 11//11 20//20
f 81//81 71//71 20//20
f 82//82 71//71 81//81
f 82//82 22//22 23//23
f 72//72 82//82 23//23
f 71//71 82//82 72//72
f 72//72 23//23 24//24
f 83//83 72//72 24//24
f 73//73 72//72 83//83
f 74//74 73//73 84//84
f 84//84 73//73 83//83
f 87//87 86//86 85//85
f 87//87 85//85 76//76
f 76//76 85//85 75//75
f 85//85 26//26 75//75
f 26//26 27//27 75//75
f 75//75 27//27 28//28
f 75//75 28//28 79//79
f 79//79 28//28 13//13
f 33//33 88//88 80//80
f 33//33 80//80 18//18
f 80//80 89//89 81//81
f 80//80 88//88 89//89
f 81//81 90//90 82//82
f 81//81 89//89 90//90
f 91//91 34//34 22//22
f 82//82 91//91 22//22
f 90//90 91//91 82//82
f 83//83 24//24 34//34
f 91//91 83//83 34//34
f 92//92 83//83 91//91
f 84//84 83//83 93//93
f 83//83 94//94 93//93
f 83//83 92//92 94//94
f 94//94 95//95 93//93
f 86//86 96//96 85//85
f 96//96 98//98 97//97
f 96//96 97//97 35//35
f 85//85 96//96 35//35
f 26//26 85//85 35//35
f 99//99 36//36 35//35
f 99//99 35//35 97//97
f 99//99 38//38 36//36
f 41//41 100//100 88//88
f 41//41 88//88 33//33
f 88//88 101//101 89//89
f 88//88 100//100 101//101
f 103//103 90//90 102//102
f 90//90 101//101 102//102
f 90//90 89//89 101//101
f 90//90 103//103 91//91
f 91//91 103//103 104//104
f 91//91 104//104 92//92
f 92//92 104//104 105//105
f 92//92 105//105 94//94
f 94//94 105//105 106//106
f 94//94 106//106 95//95
f 98//98 107//107 97//97
f 97//97 107//107 99//99
f 99//99 107//107 108//108
f 108//108 110//110 109//109
f 108//108 109//109 42//42
f 99//99 108//108 42//42
f 38//38 99//99 42//42
f 111//111 43//43 42//42
f 111//111 42//42 109//109
f 112//112 44//44 43//43
f 112//112 43//43 111//111
f 112//112 113//113 44//44
f 44//44 113//113 41//41
f 113//113 114//114 41//41
f 114//114 100//100 41//41
f 100//100 114//114 101//101
f 101//101 114//114 115//115
f 101//101 115//115 102//102
f 110//110 116//116 109//109
f 109//109 116//116 111//111
f 111//111 116//116 117//117
f 111//111 117//117 112//112
f 112//112 117//117 118//118
f 112//112 118//118 113//113
f 121//121 120//120 119//119
f 119//119 122//122 121//121
f 125//125 124//124 123//123
f 125//125 123//123 120//120
f 120//120 123//123 119//119
f 123//123 46//46 119//119
f 46//46 47//47 119//119
f 127//127 126//126 48//48
f 48//48 126//126 47//47
f 126//126 122//122 47//47
f 122//122 119//119 47//47
f 129//129 128//128 127//127
f 127//127 128//128 126//126
f 129//129 130//130 128//128
f 123//123 124//124 131//131
f 131//131 124//124 132//132
f 131//131 50//50 46//46
f 131//131 46//46 123//123
f 51//51 127//127 48//48
f 127//127 51//51 53//53
f 127//127 53//53 129//129
f 134//134 133//133 55//55
f 55//55 133//133 53//53
f 133//133 130//130 53//53
f 130//130 129//129 53//53
f 136//136 135//135 134//134
f 134//134 135//135 133//133
f 138//138 137//137 136//136
f 136//136 137//137 135//135
f 138//138 139//139 137//137
f 142//142 141//141 140//140
f 142//142 140//140 132//132
f 140//140 131//131 132//132
f 140//140 143//143 131//131
f 143//143 57//57 50//50
f 143//143 50//50 131//131
f 59//59 134//134 55//55
f 134//134 59//59 61//61
f 134//134 61//61 136//136
f 136//136 61//61 63//63
f 136//136 63//63 138//138
f 145//145 144//144 65//65
f 65//65 144//144 63//63
f 144//144 139//139 63//63
f 139//139 138//138 63//63
f 145//145 146//146 144//144
f 149//149 148//148 147//147
f 151//151 150//150 147//147
f 147//147 150//150 149//149
f 150//150 151//151 141//141
f 141//141 151//151 140//140
f 151//151 67//67 140//140
f 67//67 68//68 140//140
f 140//140 68//68 69//69
f 140//140 69//69 143//143
f 143//143 69//69 57//57
f 74//74 152//152 145//145
f 74//74 145//145 65//65
f 146//146 145//145 153//153
f 153//153 145//145 152//152
f 156//156 155//155 154//154
f 156//156 154//154 148//148
f 148//148 154//154 147//147
f 154//154 76//76 147//147
f 76//76 77//77 147//147
f 147//147 77//77 78//78
f 147//147 78//78 151//151
f 151//151 78//78 67//67
f 84//84 157//157 152//152
f 84//84 152//152 74//74
f 153//153 152//152 158//158
f 158//158 152//152 157//157
f 161//161 160//160 159//159
f 161//161 159//159 155//155
f 155//155 159//159 154//154
f 159//159 86//86 154//154
f 86//86 87//87 154//154
f 154//154 87//87 76//76
f 93//93 157//157 84//84
f 163//163 162//162 95//95
f 95//95 162//162 93//93
f 162//162 158//158 93//93
f 158//158 157//157 93//93
f 165//165 164//164 163//163
f 163//163 164//164 162//162
f 167//167 166//166 165//165
f 165//165 166//166 164//164
f 167//167 168//168 166//166
f 160//160 169//169 159//159
f 169//169 171//171 170//170
f 169//169 170//170 96//96
f 159//159 169//169 96//96
f 86//86 159//159 96//96
f 170//170 98//98 96//96
f 102//102 172//172 103//103
f 173//173 104//104 103//103
f 173//173 103//103 172//172
f 174//174 105//105 104//104
f 174//174 104//104 173//173
f 175//175 106//106 105//105
f 175//175 105//105 174//174
f 163//163 95//95 106//106
f 175//175 163//163 106//106
f 176//176 163//163 175//175
f 163//163 177//177 165//165
f 163//163 176//176 177//177
f 165//165 178//178 167//167
f 165//165 177//177 178//178
f 168//168 167//167 179//179
f 167//167 180//180 179//179
f 167//167 178//178 180//180
f 182//182 181//181 180//180
f 180//180 181//181 179//179
f 182//182 183//183 181//181
f 171//171 184//184 170//170
f 184//184 186//186 185//185
f 184//184 185//185 107//107
f 170//170 184//184 107//107
f 98//98 170//170 107//107
f 187//187 108//108 107//107
f 187//187 107//107 185//185
f 187//187 110//110 108//108
f 113//113 188//188 114//114
f 189//189 115//115 114//114
f 189//189 114//114 188//188
f 172//172 102//102 115//115
f 189//189 172//172 115//115
f 190//190 172//172 189//189
f 172//172 191//191 173//173
f 172//172 190//190 191//191
f 173//173 192//192 174//174
f 173//173 191//191 192//192
f 174//174 193//193 175//175
f 174//174 192//192 193//193
f 195//195 176//176 194//194
f 176//176 193//193 194//194
f 176//176 175//175 193//193
f 176//176 195//195 177//177
f 177//177 195//195 196//196
f 177//177 196//196 178//178
f 178//178 196//196 197//197
f 178//178 197//197 180//180
f 180//180 197//197 198//198
f 180//180 198//198 182//182
f 182//182 198//198 199//199
f 182//182 199//199 183//183
f 186//186 200//200 185//185
f 185//185 200//200 187//187
f 187//187 200//200 201//201
f 201//201 203//203 202//202
f 201//201 202//202 116//116
f 187//187 201//201 116//116
f 110//110 187//187 116//116
f 204//204 117//117 116//116
f 204//204 116//116 202//202
f 205//205 118//118 117//117
f 205//205 117//117 204//204
f 188//188 113//113 118//118
f 205//205 188//188 118//118
f 206//206 188//188 205//205
f 188//188 207//207 189//189
f 188//188 206//206 207//207
f 189//189 208//208 190//190
f 189//189 207//207 208//208
f 190//190 209//209 191//191
f 190//190 208//208 209//209
f 191//191 210//210 192//192
f 191//191 209//209 210//210
f 192//192 211//211 193//193
f 192//192 210//210 211//211
f 194//194 193//193 212//212
f 212//212 193//193 211//211
f 203//203 213//213 202//202
f 202//202 213//213 204//204
f 204//204 213//213 214//214
f 204//204 214//214 205//205
f 205//205 214//214 215//215
f 205//205 215//215 206//206
f 206//206 215//215 216//216
f 218//218 217//217 216//216
f 217//217 206//206 216//216
f 217//217 207//207 206//206
f 207//207 219//219 208//208
f 207//207 217//217 219//219
f 221//221 209//209 220//220
f 209//209 219//219 220//220
f 209//209 208//208 219//219
f 209//209 221//221 210//210
f 210//210 221//221 222//222
f 210//210 222//222 211//211
f 211//211 222//222 223//223
f 211//211 223//223 212//212
f 217//217 218//218 224//224
f 224//224 218//218 225//225
f 217//217 226//226 219//219
f 217//217 224//224 226//226
f 220//220 219//219 227//227
f 227//227 219//219 226//226
f 225//225 228//228 224//224
f 224//224 228//228 226//226
f 226//226 228//228 229//229
f 226//226 229//229 227//227
f 232//232 231//231 230//230
f 230//230 233//233 232//232
f 230//230 231//231 234//234
f 234//234 231//231 235//235
f 233//233 230//230 236//236
f 230//230 237//237 236//236
f 230//230 234//234 237//237
f 237//237 238//238 236//236
f 235//235 239//239 234//234
f 241//241 240//240 239//239
f 240//240 234//234 239//239
f 240//240 237//237 234//234
f 238//238 237//237 242//242
f 237//237 243//243 242//242
f 237//237 240//240 243//243
f 243//243 244//244 242//242
f 241//241 245//245 240//240
f 240//240 245//245 243//243
f 243//243 245//245 246//246
f 243//243 246//246 244//244
f 249//249 248//248 247//247
f 247//247 250//250 249//249
f 253//253 252//252 251//251
f 253//253 251//251 248//248
f 248//248 251//251 247//247
f 251//251 120//120 247//247
f 120//120 121//121 247//247
f 255//255 254//254 122//122
f 122//122 254//254 121//121
f 254//254 250//250 121//121
f 250//250 247//247 121//121
f 255//255 256//256 254//254
f 259//259 258//258 257//257
f 259//259 257//257 252//252
f 252//252 257//257 251//251
f 257//257 124//124 251//251
f 124//124 125//125 251//251
f 251//251 125//125 120//120
f 126//126 255//255 122//122
f 260//260 256//256 255//255
f 126//126 260//260 255//255
f 128//128 260//260 126//126
f 262//262 261//261 130//130
f 261//261 128//128 130//130
f 261//261 260//260 128//128
f 264//264 263//263 262//262
f 262//262 263//263 261//261
f 266//266 265//265 264//264
f 264//264 265//265 263//263
f 266//266 267//267 265//265
f 257//257 258//258 268//268
f 268//268 258//258 269//269
f 268//268 132//132 124//124
f 268//268 124//124 257//257
f 133//133 262//262 130//130
f 262//262 133//133 135//135
f 262//262 135//135 264//264
f 264//264 135//135 137//137
f 264//264 137//137 266//266
f 271//271 270//270 139//139
f 139//139 270//270 137//137
f 270//270 267//267 137//137
f 267//267 266//266 137//137
f 271//271 272//272 270//270
f 268//268 269//269 142//142
f 269//269 141//141 142//142
f 269//269 273//273 141//141
f 268//268 142//142 132//132
f 144//144 271//271 139//139
f 275//275 274//274 146//146
f 146//146 274//274 144//144
f 274//274 272//272 144//144
f 272//272 271//271 144//144
f 275//275 276//276 274//274
f 277//277 148//148 149//149
f 277//277 149//149 278//278
f 149//149 279//279 278//278
f 149//149 150//150 279//279
f 150//150 141//141 273//273
f 150//150 273//273 279//279
f 153//153 280//280 275//275
f 153//153 275//275 146//146
f 276//276 275//275 281//281
f 281//281 275//275 280//280
f 282//282 155//155 156//156
f 283//283 282//282 156//156
f 283//283 156//156 148//148
f 284//284 283//283 148//148
f 277//277 284//284 148//148
f 284//284 277//277 278//278
f 158//158 285//285 280//280
f 158//158 280//280 153//153
f 281//281 280//280 286//286
f 280//280 287//287 286//286
f 280//280 285//285 287//287
f 289//289 288//288 287//287
f 287//287 288//288 286//286
f 289//289 290//290 288//288
f 291//291 160//160 161//161
f 292//292 291//291 161//161
f 292//292 161//161 155//155
f 293//293 292//292 155//155
f 282//282 293//293 155//155
f 293//293 282//282 283//283
f 162//162 285//285 158//158
f 285//285 162//162 164//164
f 285//285 164//164 287//287
f 287//287 164//164 166//166
f 287//287 166//166 289//289
f 295//295 294//294 168//168
f 168//168 294//294 166//166
f 294//294 290//290 166//166
f 290//290 289//289 166//166
f 297//297 296//296 295//295
f 295//295 296//296 294//294
f 297//297 298//298 296//296
f 291//291 169//169 160//160
f 300//300 299//299 171//171
f 300//300 171//171 169//169
f 292//292 300//300 169//169
f 291//291 292//292 169//169
f 301//301 299//299 300//300
f 179//179 295//295 168//168
f 295//295 179//179 181//181
f 295//295 181//181 297//297
f 303//303 302//302 183//183
f 183//183 302//302 181//181
f 302//302 298//298 181//181
f 298//298 297//297 181//181
f 303//303 304//304 302//302
f 299//299 184//184 171//171
f 306//306 305//305 186//186
f 306//306 186//186 184//184
f 301//301 306//306 184//184
f 299//299 301//301 184//184
f 307//307 305//305 306//306
f 194//194 308//308 195//195
f 309//309 196//196 195//195
f 309//309 195//195 308//308
f 310//310 197//197 196//196
f 310//310 196//196 309//309
f 311//311 198//198 197//197
f 311//311 197//197 310//310
f 312//312 199//199 198//198
f 312//312 198//198 311//311
f 312//312 313//313 199//199
f 199//199 313//313 183//183
f 313//313 314//314 183//183
f 314//314 303//303 183//183
f 303//303 314//314 304//304
f 305//305 200//200 186//186
f 307//307 315//315 305//305
f 315//315 200//200 305//305
f 315//315 201//201 200//200
f 203//203 201//201 315//315
f 203//203 315//315 316//316
f 212//212 317//317 308//308
f 212//212 308//308 194//194
f 319//319 309//309 318//318
f 309//309 317//317 318//318
f 309//309 308//308 317//317
f 309//309 319//319 310//310
f 310//310 319//319 320//320
f 310//310 320//320 311//311
f 311//311 320//320 321//321
f 311//311 321//321 312//312
f 312//312 321//321 322//322
f 312//312 322//322 313//313
f 316//316 323//323 203//203
f 203//203 323//323 213//213
f 323//323 325//325 324//324
f 214//214 323//323 324//324
f 213//213 323//323 214//214
f 326//326 215//215 214//214
f 326//326 214//214 324//324
f 327//327 216//216 215//215
f 327//327 215//215 326//326
f 327//327 218//218 216//216
f 220//220 328//328 221//221
f 329//329 222//222 221//221
f 329//329 221//221 328//328
f 330//330 223//223 222//222
f 330//330 222//222 329//329
f 330//330 331//331 223//223
f 223//223 331//331 212//212
f 331//331 332//332 212//212
f 332//332 317//317 212//212
f 317//317 332//332 318//318
f 325//325 333//333 324//324
f 324//324 333//333 326//326
f 326//326 333//333 334//334
f 336//336 335//335 334//334
f 335//335 326//326 334//334
f 335//335 327//327 326//326
f 335//335 225//225 218//218
f 335//335 218//218 327//327
f 227//227 337//337 328//328
f 227//227 328//328 220//220
f 339//339 329//329 338//338
f 329//329 337//337 338//338
f 329//329 328//328 337//337
f 329//329 339//339 330//330
f 330//330 339//339 340//340
f 330//330 340//340 331//331
f 336//336 341//341 335//335
f 341//341 343//343 342//342
f 341//341 342//342 228//228
f 335//335 341//341 228//228
f 225//225 335//335 228//228
f 344//344 229//229 228//228
f 344//344 228//228 342//342
f 344//344 345//345 229//229
f 229//229 345//345 227//227
f 345//345 346//346 227//227
f 346//346 337//337 227//227
f 337//337 346//346 338//338
f 343//343 347//347 342//342
f 342//342 347//347 344//344
f 344//344 347//347 348//348
f 344//344 348//348 345//345
f 351//351 350//350 349//349
f 349//349 352//352 351//351
f 355//355 354//354 353//353
f 355//355 353//353 350//350
f 350//350 353//353 349//349
f 353//353 231//231 349//349
f 231//231 232//232 349//349
f 357//357 356//356 233//233
f 233//233 356//356 232//232
f 356//356 352//352 232//232
f 352//352 349//349 232//232
f 359//359 358//358 357//357
f 357//357 358//358 356//356
f 359//359 360//360 358//358
f 353//353 354//354 361//361
f 361//361 354//354 362//362
f 361//361 235//235 231//231
f 361//361 231//231 353//353
f 236//236 357//357 233//233
f 357//357 236//236 238//238
f 363//363 357//357 238//238
f 359//359 357//357 363//363
f 360//360 359//359 364//364
f 364//364 359//359 363//363
f 361//361 362//362 365//365
f 365//365 362//362 366//366
f 367//367 239//239 235//235
f 361//361 367//367 235//235
f 365//365 367//367 361//361
f 367//367 241//241 239//239
f 242//242 363//363 238//238
f 369//369 368//368 244//244
f 244//244 368//368 242//242
f 368//368 364//364 242//242
f 364//364 363//363 242//242
f 371//371 370//370 369//369
f 369//369 370//370 368//368
f 371//371 372//372 370//370
f 366//366 373//373 365//365
f 375//375 374//374 373//373
f 374//374 365//365 373//373
f 374//374 367//367 365//365
f 376//376 245//245 241//241
f 367//367 376//376 241//241
f 374//374 376//376 367//367
f 377//377 246//246 245//245
f 377//377 245//245 376//376
f 377//377 378//378 246//246
f 246//246 378//378 244//244
f 378//378 379//379 244//244
f 379//379 369//369 244//244
f 369//369 379//379 371//371
f 371//371 379//379 380//380
f 371//371 380//380 372//372
f 375//375 381//381 374//374
f 374//374 381//381 376//376
f 376//376 381//381 382//382
f 376//376 382//382 377//377
f 377//377 382//382 383//383
f 377//377 383//383 378//378
f 386//386 385//385 384//384
f 384//384 387//387 386//386
f 385//385 388//388 384//384
f 384//384 388//388 387//387
f 390//390 389//389 249//249
f 249//249 389//389 248//248
f 249//249 250//250 390//390
f 390//390 250//250 391//391
f 393//393 392//392 253//253
f 253//253 392//392 252//252
f 253//253 248//248 389//389
f 253//253 389//389 393//393
f 394//394 391//391 250//250
f 394//394 250//250 254//254
f 254//254 256//256 394//394
f 394//394 256//256 395//395
f 397//397 396//396 259//259
f 259//259 396//396 258//258
f 259//259 252//252 392//392
f 259//259 392//392 397//397
f 398//398 395//395 256//256
f 398//398 256//256 260//260
f 399//399 260//260 261//261
f 399//399 398//398 260//260
f 400//400 261//261 263//263
f 400//400 399//399 261//261
f 401//401 263//263 265//265
f 401//401 400//400 263//263
f 265//265 267//267 401//401
f 401//401 267//267 402//402
f 396//396 269//269 258//258
f 403//403 269//269 396//396
f 404//404 402//402 267//267
f 404//404 267//267 270//270
f 270//270 272//272 404//404
f 404//404 272//272 405//405
f 408//408 407//407 406//406
f 403//403 408//408 406//406
f 273//273 403//403 406//406
f 269//269 403//403 273//273
f 409//409 405//405 272//272
f 409//409 272//272 274//274
f 274//274 276//276 409//409
f 409//409 276//276 410//410
f 406//406 407//407 279//279
f 407//407 278//278 279//279
f 407//407 411//411 278//278
f 406//406 279//279 273//273
f 281//281 413//413 412//412
f 410//410 281//281 412//412
f 276//276 281//281 410//410
f 415//415 414//414 413//413
f 413//413 414//414 412//412
f 415//415 416//416 414//414
f 417//417 283//283 284//284
f 418//418 417//417 284//284
f 278//278 418//418 284//284
f 411//411 418//418 278//278
f 286//286 413//413 281//281
f 413//413 286//286 288//288
f 413//413 288//288 415//415
f 420//420 419//419 290//290
f 290//290 419//419 288//288
f 419//419 416//416 288//288
f 416//416 415//415 288//288
f 422//422 421//421 420//420
f 420//420 421//421 419//419
f 422//422 423//423 421//421
f 424//424 292//292 293//293
f 425//425 424//424 293//293
f 425//425 293//293 283//283
f 426//426 425//425 283//283
f 417//417 426//426 283//283
f 426//426 417//417 418//418
f 294//294 420//420 290//290
f 420//420 294//294 296//296
f 420//420 296//296 422//422
f 428//428 427//427 298//298
f 298//298 427//427 296//296
f 427//427 423//423 296//296
f 423//423 422//422 296//296
f 428//428 429//429 427//427
f 424//424 300//300 292//292
f 431//431 430//430 301//301
f 431//431 301//301 300//300
f 425//425 431//431 300//300
f 424//424 425//425 300//300
f 432//432 430//430 431//431
f 302//302 428//428 298//298
f 434//434 433//433 304//304
f 304//304 433//433 302//302
f 433//433 429//429 302//302
f 429//429 428//428 302//302
f 434//434 435//435 433//433
f 430//430 306//306 301//301
f 307//307 306//306 430//430
f 432//432 307//307 430//430
f 436//436 307//307 432//432
f 313//313 437//437 314//314
f 437//437 438//438 314//314
f 314//314 438//438 304//304
f 438//438 439//439 304//304
f 439//439 434//434 304//304
f 434//434 439//439 435//435
f 436//436 440//440 307//307
f 307//307 440//440 315//315
f 316//316 315//315 440//440
f 316//316 440//440 441//441
f 318//318 442//442 319//319
f 443//443 320//320 319//319
f 443//443 319//319 442//442
f 444//444 321//321 320//320
f 444//444 320//320 443//443
f 445//445 322//322 321//321
f 445//445 321//321 444//444
f 445//445 446//446 322//322
f 322//322 446//446 313//313
f 446//446 447//447 313//313
f 447//447 437//437 313//313
f 437//437 447//447 438//438
f 441//441 448//448 316//316
f 316//316 448//448 323//323
f 325//325 323//323 448//448
f 325//325 448//448 449//449
f 331//331 450//450 332//332
f 450//450 451//451 332//332
f 332//332 451//451 318//318
f 451//451 452//452 318//318
f 452//452 442//442 318//318
f 442//442 452//452 443//443
f 443//443 452//452 453//453
f 443//443 453//453 444//444
f 444//444 453//453 454//454
f 444//444 454//454 445//445
f 445//445 454//454 455//455
f 445//445 455//455 446//446
f 449//449 456//456 325//325
f 325//325 456//456 333//333
f 456//456 458//458 457//457
f 334//334 456//456 457//457
f 333//333 456//456 334//334
f 457//457 336//336 334//334
f 338//338 459//459 339//339
f 460//460 340//340 339//339
f 460//460 339//339 459//459
f 460//460 461//461 340//340
f 340//340 461//461 331//331
f 461//461 462//462 331//331
f 462//462 450//450 331//331
f 450//450 462//462 451//451
f 458//458 463//463 457//457
f 463//463 465//465 464//464
f 463//463 464//464 341//341
f 457//457 463//463 341//341
f 336//336 457//457 341//341
f 464//464 343//343 341//341
f 345//345 466//466 346//346
f 466//466 467//467 346//346
f 346//346 467//467 338//338
f 467//467 468//468 338//338
f 468//468 459//459 338//338
f 459//459 468//468 460//460
f 460//460 468//468 469//469
f 460//460 469//469 461//461
f 465//465 470//470 464//464
f 470//470 472//472 471//471
f 470//470 471//471 347//347
f 464//464 470//470 347//347
f 343//343 464//464 347//347
f 473//473 348//348 347//347
f 473//473 347//347 471//471
f 473//473 474//474 348//348
f 348//348 474//474 345//345
f 474//474 475//475 345//345
f 475//475 466//466 345//345
f 466//466 475//475 467//467
f 472//472 476//476 471//471
f 471//471 476//476 473//473
f 473//473 476//476 477//477
f 473//473 477//477 474//474
f 480//480 479//479 478//478
f 478//478 481//481 480//480
f 484//484 483//483 482//482
f 484//484 482//482 479//479
f 479//479 482//482 478//478
f 482//482 350//350 478//478
f 350//350 351//351 478//478
f 486//486 485//485 352//352
f 352//352 485//485 351//351
f 485//485 481//481 351//351
f 481//481 478//478 351//351
f 488//488 487//487 486//486
f 486//486 487//487 485//485
f 488//488 489//489 487//487
f 492//492 491//491 490//490
f 494//494 493//493 490//490
f 490//490 493//493 492//492
f 496//496 495//495 494//494
f 494//494 495//495 493//493
f 495//495 496//496 483//483
f 483//483 496//496 482//482
f 496//496 354//354 482//482
f 354//354 355//355 482//482
f 482//482 355//355 350//350
f 356//356 486//486 352//352
f 486//486 356//356 358//358
f 486//486 358//358 488//488
f 498//498 497//497 360//360
f 360//360 497//497 358//358
f 497//497 489//489 358//358
f 489//489 488//488 358//358
f 500//500 499//499 498//498
f 498//498 499//499 497//497
f 500//500 501//501 499//499
f 490//490 491//491 502//502
f 502//502 491//491 503//503
f 490//490 504//504 494//494
f 490//490 502//502 504//504
f 494//494 505//505 496//496
f 494//494 504//504 505//505
f 505//505 362//362 354//354
f 505//505 354//354 496//496
f 364//364 506//506 498//498
f 364//364 498//498 360//360
f 498//498 507//507 500//500
f 498//498 506//506 507//507
f 501//501 500//500 508//508
f 508//508 500//500 507//507
f 502//502 503//503 509//509
f 509//509 503//503 510//510
f 502//502 511//511 504//504
f 502//502 509//509 511//511
f 504//504 512//512 505//505
f 504//504 511//511 512//512
f 512//512 366//366 362//362
f 512//512 362//362 505//505
f 368//368 506//506 364//364
f 506//506 368//368 370//370
f 506//506 370//370 507//507
f 514//514 513//513 372//372
f 372//372 513//513 370//370
f 513//513 508//508 370//370
f 508//508 507//507 370//370
f 514//514 515//515 513//513
f 510//510 516//516 509//509
f 509//509 516//516 511//511
f 511//511 516//516 517//517
f 511//511 517//517 512//512
f 512//512 517//517 518//518
f 518//518 520//520 519//519
f 518//518 519//519 373//373
f 512//512 518//518 373//373
f 366//366 512//512 373//373
f 519//519 375//375 373//373
f 378//378 521//521 379//379
f 522//522 380//380 379//379
f 522//522 379//379 521//521
f 514//514 372//372 380//380
f 522//522 514//514 380//380
f 523//523 514//514 522//522
f 515//515 514//514 524//524
f 524//524 514//514 523//523
f 520//520 525//525 519//519
f 525//525 527//527 526//526
f 525//525 526//526 381//381
f 519//519 525//525 381//381
f 375//375 519//519 381//381
f 528//528 382//382 381//381
f 528//528 381//381 526//526
f 529//529 383//383 382//382
f 529//529 382//382 528//528
f 521//521 378//378 383//383
f 529//529 521//521 383//383
f 530//530 521//521 529//529
f 521//521 531//531 522//522
f 521//521 530//530 531//531
f 522//522 532//532 523//523
f 522//522 531//531 532//532
f 524//524 523//523 533//533
f 533//533 523//523 532//532
f 526//526 527//527 534//534
f 534//534 527//527 535//535
f 526//526 536//536 528//528
f 526//526 534//534 536//536
f 528//528 537//537 529//529
f 528//528 536//536 537//537
f 529//529 538//538 530//530
f 529//529 537//537 538//538
f 530//530 539//539 531//531
f 530//530 538//538 539//539
f 531//531 540//540 532//532
f 531//531 539//539 540//540
f 533//533 532//532 541//541
f 532//532 542//542 541//541
f 532//532 540//540 542//542
f 542//542 543//543 541//541
f 534//534 535//535 544//544
f 544//544 535//535 545//545
f 534//534 546//546 536//536
f 534//534 544//544 546//546
f 536//536 547//547 537//537
f 536//536 546//546 547//547
f 537//537 548//548 538//538
f 537//537 547//547 548//548
f 538//538 549//549 539//539
f 538//538 548//548 549//549
f 539//539 550//550 540//540
f 539//539 549//549 550//550
f 540//540 551//551 542//542
f 540//540 550//550 551//551
f 543//543 542//542 552//552
f 552//552 542//542 551//551
f 544//544 545//545 553//553
f 553//553 545//545 554//554
f 544//544 555//555 546//546
f 544//544 553//553 555//555
f 546//546 556//556 547//547
f 546//546 555//555 556//556
f 558//558 548//548 557//557
f 548//548 556//556 557//557
f 548//548 547//547 556//556
f 548//548 558//558 549//549
f 549//549 558//558 559//559
f 549//549 559//559 550//550
f 550//550 559//559 560//560
f 550//550 560//560 551//551
f 551//551 560//560 561//561
f 551//551 561//561 552//552
f 564//564 563//563 562//562
f 564//564 562//562 554//554
f 554//554 562//562 553//553
f 562//562 385//385 553//553
f 385//385 386//386 553//553
f 553//553 386//386 387//387
f 565//565 553//553 387//387
f 555//555 553//553 565//565
f 567//567 556//556 566//566
f 556//556 565//565 566//566
f 556//556 555//555 565//565
f 556//556 567//567 557//557
f 563//563 568//568 562//562
f 568//568 570//570 569//569
f 568//568 569//569 388//388
f 562//562 568//568 388//388
f 385//385 562//562 388//388
f 569//569 571//571 388//388
f 388//388 571//571 387//387
f 571//571 572//572 387//387
f 572//572 565//565 387//387
f 565//565 572//572 566//566
f 570//570 573//573 569//569
f 569//569 573//573 571//571
f 574//574 389//389 390//390
f 391//391 574//574 390//390
f 575//575 392//392 393//393
f 576//576 575//575 393//393
f 576//576 393//393 389//389
f 577//577 576//576 389//389
f 574//574 577//577 389//389
f 579//579 577//577 578//578
f 578//578 577//577 394//394
f 577//577 574//574 394//394
f 574//574 391//391 394//394
f 395//395 578//578 394//394
f 580//580 396//396 397//397
f 581//581 580//580 397//397
f 581//581 397//397 392//392
f 582//582 581//581 392//392
f 575//575 582//582 392//392
f 582//582 575//575 576//576
f 583//583 579//579 578//578
f 585//585 583//583 584//584
f 584//584 583//583 398//398
f 583//583 578//578 398//398
f 578//578 395//395 398//398
f 399//399 586//586 398//398
f 398//398 586//586 584//584
f 400//400 587//587 399//399
f 399//399 587//587 586//586
f 401//401 588//588 400//400
f 400//400 588//588 587//587
f 402//402 588//588 401//401
f 589//589 403//403 580//580
f 580//580 403//403 396//396
f 580//580 581//581 590//590
f 580//580 590//590 589//589
f 591//591 585//585 584//584
f 591//591 584//584 586//586
f 591//591 586//586 592//592
f 592//592 586//586 587//587
f 592//592 587//587 593//593
f 593//593 587//587 588//588
f 593//593 588//588 594//594
f 596//596 594//594 595//595
f 595//595 594//594 404//404
f 594//594 588//588 404//404
f 588//588 402//402 404//404
f 405//405 595//595 404//404
f 597//597 407//407 408//408
f 598//598 597//597 408//408
f 598//598 408//408 403//403
f 599//599 598//598 403//403
f 589//589 599//599 403//403
f 599//599 589//589 590//590
f 600//600 596//596 595//595
f 602//602 600//600 601//601
f 601//601 600//600 409//409
f 600//600 595//595 409//409
f 595//595 405//405 409//409
f 410//410 601//601 409//409
f 603//603 411//411 597//597
f 597//597 411//411 407//407
f 597//597 598//598 604//604
f 605//605 597//597 604//604
f 603//603 597//597 605//605
f 606//606 605//605 604//604
f 602//602 601//601 607//607
f 602//602 607//607 608//608
f 412//412 609//609 410//410
f 609//609 601//601 410//410
f 609//609 607//607 601//601
f 414//414 610//610 412//412
f 412//412 610//610 609//609
f 416//416 610//610 414//414
f 611//611 418//418 603//603
f 603//603 418//418 411//411
f 612//612 603//603 605//605
f 611//611 603//603 612//612
f 605//605 606//606 613//613
f 605//605 613//613 612//612
f 614//614 608//608 607//607
f 614//614 607//607 609//609
f 614//614 609//609 615//615
f 615//615 609//609 610//610
f 615//615 610//610 616//616
f 618//618 616//616 617//617
f 617//617 616//616 419//419
f 616//616 610//610 419//419
f 610//610 416//416 419//419
f 421//421 619//619 419//419
f 419//419 619//619 617//617
f 423//423 619//619 421//421
f 620//620 425//425 426//426
f 418//418 611//611 426//426
f 611//611 620//620 426//426
f 611//611 621//621 620//620
f 622//622 611//611 612//612
f 621//621 611//611 622//622
f 612//612 613//613 623//623
f 612//612 623//623 622//622
f 624//624 618//618 617//617
f 624//624 617//617 619//619
f 624//624 619//619 625//625
f 627//627 625//625 626//626
f 626//626 625//625 427//427
f 625//625 619//619 427//427
f 619//619 423//423 427//427
f 429//429 626//626 427//427
f 620//620 431//431 425//425
f 431//431 620//620 432//432
f 620//620 628//628 432//432
f 620//620 621//621 628//628
f 622//622 630//630 629//629
f 628//628 622//622 629//629
f 621//621 622//622 628//628
f 630//630 622//622 623//623
f 631//631 627//627 626//626
f 633//633 631//631 632//632
f 632//632 631//631 433//433
f 631//631 626//626 433//433
f 626//626 429//429 433//433
f 435//435 632//632 433//433
f 634//634 436//436 628//628
f 628//628 436//436 432//432
f 628//628 629//629 635//635
f 628//628 635//635 634//634
f 638//638 637//637 636//636
f 636//636 637//637 633//633
f 636//636 633//633 632//632
f 438//438 636//636 632//632
f 439//439 438//438 632//632
f 439//439 632//632 435//435
f 634//634 440//440 436//436
f 441//441 440//440 634//634
f 635//635 441//441 634//634
f 639//639 441//441 635//635
f 642//642 641//641 640//640
f 644//644 643//643 640//640
f 644//644 640//640 641//641
f 646//646 645//645 643//643
f 646//646 643//643 644//644
f 645//645 646//646 638//638
f 645//645 638//638 636//636
f 446//446 645//645 636//636
f 447//447 446//446 636//636
f 447//447 636//636 438//438
f 639//639 647//647 441//441
f 441//441 647//647 448//448
f 449//449 448//448 647//647
f 449//449 647//647 648//648
f 650//650 649//649 452//452
f 650//650 452//452 451//451
f 640//640 453//453 642//642
f 453//453 649//649 642//642
f 453//453 452//452 649//649
f 453//453 640//640 454//454
f 454//454 640//640 643//643
f 454//454 643//643 455//455
f 455//455 643//643 645//645
f 455//455 645//645 446//446
f 648//648 651//651 449//449
f 449//449 651//651 456//456
f 458//458 456//456 651//651
f 458//458 651//651 652//652
f 654//654 653//653 462//462
f 654//654 462//462 461//461
f 451//451 462//462 650//650
f 650//650 462//462 653//653
f 652//652 655//655 458//458
f 458//458 655//655 463//463
f 657//657 656//656 465//465
f 463//463 657//657 465//465
f 655//655 657//657 463//463
f 658//658 656//656 657//657
f 661//661 660//660 659//659
f 468//468 467//467 659//659
f 660//660 468//468 659//659
f 662//662 468//468 660//660
f 468//468 663//663 469//469
f 662//662 663//663 468//468
f 461//461 469//469 654//654
f 654//654 469//469 663//663
f 656//656 470//470 465//465
f 665//665 664//664 472//472
f 665//665 472//472 470//470
f 658//658 665//665 470//470
f 656//656 658//658 470//470
f 667//667 666//666 664//664
f 667//667 664//664 665//665
f 666//666 667//667 661//661
f 666//666 661//661 659//659
f 474//474 666//666 659//659
f 475//475 474//474 659//659
f 475//475 659//659 467//467
f 664//664 476//476 472//472
f 476//476 664//664 477//477
f 477//477 664//664 666//666
f 477//477 666//666 474//474
f 668//668 479//479 480//480
f 481//481 668//668 480//480
f 671//671 670//670 669//669
f 669//669 672//672 671//671
f 675//675 674//674 673//673
f 677//677 676//676 673//673
f 673//673 676//676 675//675
f 679//679 678//678 677//677
f 677//677 678//678 676//676
f 483//483 484//484 679//679
f 484//484 678//678 679//679
f 484//484 680//680 678//678
f 484//484 479//479 668//668
f 681//681 484//484 668//668
f 680//680 484//484 681//681
f 681//681 668//668 481//481
f 485//485 681//681 481//481
f 682//682 681//681 485//485
f 487//487 669//669 670//670
f 682//682 487//487 670//670
f 485//485 487//487 682//682
f 684//684 683//683 489//489
f 489//489 683//683 487//487
f 683//683 672//672 487//487
f 672//672 669//669 487//487
f 686//686 685//685 684//684
f 684//684 685//685 683//683
f 686//686 687//687 685//685
f 690//690 689//689 688//688
f 690//690 688//688 674//674
f 674//674 688//688 673//673
f 688//688 491//491 673//673
f 491//491 492//492 673//673
f 673//673 492//492 493//493
f 673//673 493//493 677//677
f 677//677 493//493 495//495
f 677//677 495//495 679//679
f 679//679 495//495 483//483
f 497//497 684//684 489//489
f 684//684 497//497 499//499
f 684//684 499//499 686//686
f 692//692 691//691 501//501
f 501//501 691//691 499//499
f 691//691 687//687 499//499
f 687//687 686//686 499//499
f 692//692 693//693 691//691
f 688//688 689//689 694//694
f 694//694 689//689 695//695
f 694//694 503//503 491//491
f 694//694 491//491 688//688
f 508//508 696//696 692//692
f 508//508 692//692 501//501
f 693//693 692//692 697//697
f 697//697 692//692 696//696
f 694//694 695//695 698//698
f 698//698 695//695 699//699
f 698//698 510//510 503//503
f 698//698 503//503 694//694
f 513//513 696//696 508//508
f 701//701 700//700 515//515
f 515//515 700//700 513//513
f 700//700 697//697 513//513
f 697//697 696//696 513//513
f 701//701 702//702 700//700
f 699//699 703//703 698//698
f 703//703 705//705 704//704
f 703//703 704//704 516//516
f 698//698 703//703 516//516
f 510//510 698//698 516//516
f 706//706 517//517 516//516
f 706//706 516//516 704//704
f 707//707 518//518 517//517
f 707//707 517//517 706//706
f 707//707 520//520 518//518
f 524//524 708//708 701//701
f 524//524 701//701 515//515
f 702//702 701//701 709//709
f 709//709 701//701 708//708
f 705//705 710//710 704//704
f 712//712 711//711 710//710
f 711//711 704//704 710//710
f 711//711 706//706 704//704
f 706//706 713//713 707//707
f 706//706 711//711 713//713
f 714//714 525//525 520//520
f 707//707 714//714 520//520
f 713//713 714//714 707//707
f 714//714 527//527 525//525
f 533//533 715//715 708//708
f 533//533 708//708 524//524
f 709//709 708//708 716//716
f 716//716 708//708 715//715
f 711//711 712//712 717//717
f 717//717 712//712 718//718
f 711//711 719//719 713//713
f 711//711 717//717 719//719
f 713//713 720//720 714//714
f 713//713 719//719 720//720
f 720//720 535//535 527//527
f 720//720 527//527 714//714
f 541//541 715//715 533//533
f 722//722 721//721 543//543
f 543//543 721//721 541//541
f 721//721 716//716 541//541
f 716//716 715//715 541//541
f 722//722 723//723 721//721
f 718//718 724//724 717//717
f 726//726 725//725 724//724
f 725//725 717//717 724//724
f 725//725 719//719 717//717
f 719//719 727//727 720//720
f 719//719 725//725 727//727
f 727//727 545//545 535//535
f 727//727 535//535 720//720
f 552//552 728//728 722//722
f 552//552 722//722 543//543
f 723//723 722//722 729//729
f 729//729 722//722 728//728
f 725//725 726//726 730//730
f 730//730 726//726 731//731
f 725//725 732//732 727//727
f 725//725 730//730 732//732
f 732//732 554//554 545//545
f 732//732 545//545 727//727
f 557//557 733//733 558//558
f 734//734 559//559 558//558
f 734//734 558//558 733//733
f 735//735 560//560 559//559
f 735//735 559//559 734//734
f 736//736 561//561 560//560
f 736//736 560//560 735//735
f 736//736 737//737 561//561
f 561//561 737//737 552//552
f 737//737 738//738 552//552
f 738//738 728//728 552//552
f 728//728 738//738 729//729
f 730//730 731//731 739//739
f 739//739 731//731 740//740
f 739//739 563//563 564//564
f 732//732 739//739 564//564
f 730//730 739//739 732//732
f 732//732 564//564 554//554
f 566//566 741//741 567//567
f 741//741 742//742 567//567
f 567//567 742//742 557//557
f 742//742 743//743 557//557
f 743//743 733//733 557//557
f 733//733 743//743 734//734
f 734//734 743//743 744//744
f 734//734 744//744 735//735
f 735//735 744//744 745//745
f 735//735 745//745 736//736
f 736//736 745//745 746//746
f 736//736 746//746 737//737
f 740//740 747//747 739//739
f 747//747 749//749 748//748
f 747//747 748//748 568//568
f 739//739 747//747 568//568
f 563//563 739//739 568//568
f 748//748 570//570 568//568
f 571//571 750//750 572//572
f 750//750 751//751 572//572
f 572//572 751//751 566//566
f 751//751 752//752 566//566
f 752//752 741//741 566//566
f 741//741 752//752 742//742
f 749//749 753//753 748//748
f 753//753 755//755 754//754
f 753//753 754//754 573//573
f 748//748 753//753 573//573
f 570//570 748//748 573//573
f 754//754 756//756 573//573
f 573//573 756//756 571//571
f 756//756 757//757 571//571
f 757//757 750//750 571//571
f 750//750 757//757 751//751
f 755//755 758//758 754//754
f 754//754 758//758 756//756
f 759//759 576//576 577//577
f 579//579 759//759 577//577
f 760//760 581//581 582//582
f 761//761 760//760 582//582
f 761//761 582//582 576//576
f 762//762 761//761 576//576
f 759//759 762//762 576//576
f 764//764 762//762 763//763
f 763//763 762//762 583//583
f 762//762 759//759 583//583
f 759//759 579//579 583//583
f 585//585 763//763 583//583
f 765//765 590//590 760//760
f 760//760 590//590 581//581
f 760//760 761//761 766//766
f 760//760 766//766 765//765
f 764//764 763//763 767//767
f 764//764 767//767 768//768
f 591//591 769//769 585//585
f 769//769 763//763 585//585
f 769//769 767//767 763//763
f 592//592 770//770 591//591
f 591//591 770//770 769//769
f 593//593 771//771 592//592
f 592//592 771//771 770//770
f 594//594 772//772 593//593
f 593//593 772//772 771//771
f 596//596 772//772 594//594
f 773//773 598//598 599//599
f 774//774 773//773 599//599
f 774//774 599//599 590//590
f 775//775 774//774 590//590
f 765//765 775//775 590//590
f 775//775 765//765 766//766
f 768//768 767//767 776//776
f 768//768 776//776 777//777
f 778//778 767//767 769//769
f 776//776 767//767 778//778
f 779//779 769//769 770//770
f 778//778 769//769 779//779
f 771//771 781//781 780//780
f 779//779 771//771 780//780
f 770//770 771//771 779//779
f 781//781 771//771 772//772
f 781//781 772//772 782//782
f 784//784 782//782 783//783
f 783//783 782//782 600//600
f 782//782 772//772 600//600
f 772//772 596//596 600//600
f 602//602 783//783 600//600
f 773//773 604//604 598//598
f 786//786 785//785 606//606
f 786//786 606//606 604//604
f 774//774 786//786 604//604
f 773//773 774//774 604//604
f 787//787 785//785 786//786
f 788//788 777//777 776//776
f 788//788 776//776 778//778
f 788//788 778//778 789//789
f 789//789 778//778 779//779
f 789//789 779//779 790//790
f 790//790 779//779 780//780
f 784//784 783//783 791//791
f 784//784 791//791 792//792
f 608//608 791//791 602//602
f 602//602 791//791 783//783
f 793//793 613//613 785//785
f 785//785 613//613 606//606
f 785//785 787//787 794//794
f 785//785 794//794 793//793
f 792//792 791//791 795//795
f 792//792 795//795 796//796
f 614//614 797//797 608//608
f 797//797 791//791 608//608
f 797//797 795//795 791//791
f 615//615 798//798 614//614
f 614//614 798//798 797//797
f 616//616 799//799 615//615
f 615//615 799//799 798//798
f 618//618 799//799 616//616
f 800//800 623//623 793//793
f 793//793 623//623 613//613
f 793//793 794//794 801//801
f 793//793 801//801 800//800
f 802//802 796//796 795//795
f 802//802 795//795 797//797
f 802//802 797//797 803//803
f 803//803 797//797 798//798
f 803//803 798//798 804//804
f 804//804 798//798 799//799
f 804//804 799//799 805//805
f 807//807 805//805 806//806
f 806//806 805//805 624//624
f 805//805 799//799 624//624
f 799//799 618//618 624//624
f 625//625 808//808 624//624
f 624//624 808//808 806//806
f 627//627 808//808 625//625
f 809//809 629//629 630//630
f 623//623 800//800 630//630
f 800//800 809//809 630//630
f 800//800 810//810 809//809
f 800//800 801//801 811//811
f 800//800 811//811 810//810
f 812//812 807//807 806//806
f 812//812 806//806 808//808
f 812//812 808//808 813//813
f 815//815 813//813 814//814
f 814//814 813//813 631//631
f 813//813 808//808 631//631
f 808//808 627//627 631//631
f 633//633 814//814 631//631
f 816//816 635//635 809//809
f 809//809 635//635 629//629
f 810//810 818//818 817//817
f 816//816 810//810 817//817
f 809//809 810//810 816//816
f 818//818 810//810 811//811
f 821//821 820//820 819//819
f 823//823 822//822 819//819
f 823//823 819//819 820//820
f 825//825 824//824 822//822
f 825//825 822//822 823//823
f 827//827 826//826 824//824
f 827//827 824//824 825//825
f 826//826 827//827 815//815
f 826//826 815//815 814//814
f 638//638 826//826 814//814
f 637//637 638//638 814//814
f 637//637 814//814 633//633
f 828//828 639//639 816//816
f 816//816 639//639 635//635
f 816//816 817//817 829//829
f 816//816 829//829 828//828
f 821//821 819//819 830//830
f 821//821 830//830 831//831
f 642//642 830//830 641//641
f 830//830 822//822 641//641
f 830//830 819//819 822//822
f 641//641 822//822 644//644
f 644//644 822//822 824//824
f 644//644 824//824 646//646
f 646//646 824//824 826//826
f 646//646 826//826 638//638
f 828//828 647//647 639//639
f 833//833 832//832 648//648
f 833//833 648//648 647//647
f 829//829 833//833 647//647
f 828//828 829//829 647//647
f 834//834 832//832 833//833
f 837//837 836//836 835//835
f 835//835 836//836 831//831
f 835//835 831//831 830//830
f 650//650 835//835 830//830
f 649//649 650//650 830//830
f 649//649 830//830 642//642
f 832//832 651//651 648//648
f 839//839 838//838 652//652
f 839//839 652//652 651//651
f 834//834 839//839 651//651
f 832//832 834//834 651//651
f 841//841 840//840 838//838
f 841//841 838//838 839//839
f 842//842 840//840 841//841
f 845//845 844//844 843//843
f 847//847 846//846 843//843
f 847//847 843//843 844//844
f 849//849 848//848 846//846
f 849//849 846//846 847//847
f 848//848 849//849 837//837
f 848//848 837//837 835//835
f 654//654 848//848 835//835
f 653//653 654//654 835//835
f 653//653 835//835 650//650
f 838//838 655//655 652//652
f 655//655 838//838 657//657
f 657//657 838//838 840//840
f 851//851 850//850 658//658
f 851//851 658//658 657//657
f 842//842 851//851 657//657
f 840//840 842//842 657//657
f 853//853 852//852 850//850
f 853//853 850//850 851//851
f 852//852 853//853 845//845
f 852//852 845//845 843//843
f 661//661 852//852 843//843
f 660//660 661//661 843//843
f 660//660 843//843 662//662
f 662//662 843//843 846//846
f 662//662 846//846 663//663
f 663//663 846//846 848//848
f 663//663 848//848 654//654
f 850//850 665//665 658//658
f 665//665 850//850 667//667
f 667//667 850//850 852//852
f 667//667 852//852 661//661
f 856//856 855//855 854//854
f 854//854 857//857 856//856
f 859//859 858//858 671//671
f 671//671 858//858 670//670
f 861//861 860//860 672//672
f 860//860 671//671 672//672
f 860//860 859//859 671//671
f 863//863 862//862 861//861
f 861//861 862//862 860//860
f 863//863 864//864 862//862
f 867//867 866//866 865//865
f 867//867 865//865 855//855
f 855//855 865//865 854//854
f 865//865 674//674 854//854
f 674//674 675//675 854//854
f 868//868 857//857 854//854
f 675//675 868//868 854//854
f 676//676 868//868 675//675
f 870//870 868//868 869//869
f 868//868 678//678 869//869
f 868//868 676//676 678//678
f 680//680 871//871 678//678
f 678//678 871//871 869//869
f 681//681 872//872 680//680
f 680//680 872//872 871//871
f 872//872 681//681 873//873
f 681//681 874//874 873//873
f 681//681 682//682 874//874
f 682//682 670//670 858//858
f 682//682 858//858 874//874
f 683//683 861//861 672//672
f 861//861 683//683 685//685
f 861//861 685//685 863//863
f 876//876 875//875 687//687
f 687//687 875//875 685//685
f 875//875 864//864 685//685
f 864//864 863//863 685//685
f 876//876 877//877 875//875
f 880//880 879//879 878//878
f 880//880 878//878 866//866
f 866//866 878//878 865//865
f 878//878 689//689 865//865
f 689//689 690//690 865//865
f 865//865 690//690 674//674
f 881//881 870//870 869//869
f 881//881 869//869 871//871
f 881//881 871//871 882//882
f 882//882 871//871 872//872
f 882//882 872//872 883//883
f 883//883 872//872 873//873
f 691//691 876//876 687//687
f 885//885 884//884 693//693
f 693//693 884//884 691//691
f 884//884 877//877 691//691
f 877//877 876//876 691//691
f 885//885 886//886 884//884
f 878//878 879//879 887//887
f 887//887 879//879 888//888
f 887//887 695//695 689//689
f 887//887 689//689 878//878
f 697//697 889//889 885//885
f 697//697 885//885 693//693
f 886//886 885//885 890//890
f 890//890 885//885 889//889
f 887//887 888//888 891//891
f 891//891 888//888 892//892
f 891//891 699//699 695//695
f 891//891 695//695 887//887
f 700//700 889//889 697//697
f 700//700 702//702 889//889
f 702//702 890//890 889//889
f 702//702 893//893 890//890
f 892//892 894//894 891//891
f 894//894 896//896 895//895
f 894//894 895//895 703//703
f 891//891 894//894 703//703
f 699//699 891//891 703//703
f 895//895 705//705 703//703
f 709//709 893//893 702//702
f 709//709 897//897 893//893
f 895//895 896//896 898//898
f 898//898 896//896 899//899
f 900//900 710//710 705//705
f 895//895 900//900 705//705
f 898//898 900//900 895//895
f 900//900 712//712 710//710
f 716//716 902//902 901//901
f 897//897 716//716 901//901
f 709//709 716//716 897//897
f 902//902 903//903 901//901
f 898//898 899//899 904//904
f 904//904 899//899 905//905
f 898//898 906//906 900//900
f 898//898 904//904 906//906
f 906//906 718//718 712//712
f 906//906 712//712 900//900
f 721//721 902//902 716//716
f 908//908 907//907 723//723
f 723//723 907//907 721//721
f 907//907 903//903 721//721
f 903//903 902//902 721//721
f 908//908 909//909 907//907
f 904//904 905//905 910//910
f 910//910 905//905 911//911
f 904//904 912//912 906//906
f 904//904 910//910 912//912
f 913//913 724//724 718//718
f 906//906 913//913 718//718
f 912//912 913//913 906//906
f 913//913 726//726 724//724
f 729//729 914//914 908//908
f 729//729 908//908 723//723
f 909//909 908//908 915//915
f 915//915 908//908 914//914
f 910//910 911//911 916//916
f 916//916 911//911 917//917
f 910//910 918//918 912//912
f 910//910 916//916 918//918
f 912//912 919//919 913//913
f 912//912 918//918 919//919
f 919//919 731//731 726//726
f 919//919 726//726 913//913
f 737//737 920//920 738//738
f 920//920 921//921 738//738
f 738//738 921//921 729//729
f 921//921 922//922 729//729
f 922//922 914//914 729//729
f 914//914 922//922 915//915
f 917//917 923//923 916//916
f 916//916 923//923 918//918
f 918//918 923//923 924//924
f 918//918 924//924 919//919
f 919//919 924//924 925//925
f 731//731 919//919 925//925
f 926//926 731//731 925//925
f 740//740 731//731 926//926
f 742//742 927//927 743//743
f 928//928 744//744 743//743
f 928//928 743//743 927//927
f 929//929 745//745 744//744
f 929//929 744//744 928//928
f 930//930 746//746 745//745
f 930//930 745//745 929//929
f 930//930 931//931 746//746
f 746//746 931//931 737//737
f 931//931 932//932 737//737
f 932//932 920//920 737//737
f 920//920 932//932 921//921
f 926//926 933//933 740//740
f 740//740 933//933 747//747
f 749//749 747//747 933//933
f 749//749 933//933 934//934
f 751//751 935//935 752//752
f 935//935 936//936 752//752
f 752//752 936//936 742//742
f 936//936 937//937 742//742
f 937//937 927//927 742//742
f 927//927 937//937 928//928
f 928//928 937//937 938//938
f 928//928 938//938 929//929
f 929//929 938//938 939//939
f 929//929 939//939 930//930
f 930//930 939//939 940//940
f 930//930 940//940 931//931
f 934//934 941//941 749//749
f 749//749 941//941 753//753
f 755//755 753//753 941//941
f 755//755 941//941 942//942
f 944//944 943//943 757//757
f 944//944 757//757 756//756
f 751//751 757//757 935//935
f 757//757 945//945 935//935
f 757//757 943//943 945//945
f 935//935 945//945 936//936
f 942//942 946//946 755//755
f 755//755 946//946 758//758
f 756//756 758//758 944//944
f 944//944 758//758 946//946
f 947//947 761//761 762//762
f 764//764 947//947 762//762
f 948//948 766//766 947//947
f 947//947 766//766 761//761
f 768//768 948//948 764//764
f 764//764 948//948 947//947
f 949//949 774//774 775//775
f 766//766 948//948 775//775
f 948//948 949//949 775//775
f 948//948 950//950 949//949
f 777//777 950//950 768//768
f 768//768 950//950 948//948
f 951//951 780//780 781//781
f 782//782 952//952 781//781
f 781//781 952//952 951//951
f 784//784 952//952 782//782
f 949//949 786//786 774//774
f 786//786 949//949 787//787
f 949//949 953//953 787//787
f 949//949 950//950 953//953
f 788//788 954//954 777//777
f 954//954 950//950 777//777
f 954//954 953//953 950//950
f 789//789 955//955 788//788
f 788//788 955//955 954//954
f 790//790 956//956 789//789
f 789//789 956//956 955//955
f 780//780 951//951 790//790
f 951//951 956//956 790//790
f 951//951 957//957 956//956
f 958//958 951//951 952//952
f 957//957 951//951 958//958
f 792//792 958//958 784//784
f 784//784 958//958 952//952
f 959//959 794//794 953//953
f 953//953 794//794 787//787
f 960//960 953//953 954//954
f 959//959 953//953 960//960
f 961//961 954//954 955//955
f 960//960 954//954 961//961
f 962//962 955//955 956//956
f 961//961 955//955 962//962
f 963//963 956//956 957//957
f 962//962 956//956 963//963
f 964//964 957//957 958//958
f 963//963 957//957 964//964
f 796//796 964//964 792//792
f 792//792 964//964 958//958
f 965//965 801//801 959//959
f 959//959 801//801 794//794
f 966//966 959//959 960//960
f 965//965 959//959 966//966
f 967//967 960//960 961//961
f 966//966 960//960 967//967
f 968//968 961//961 962//962
f 967//967 961//961 968//968
f 969//969 962//962 963//963
f 968//968 962//962 969//969
f 970//970 963//963 964//964
f 969//969 963//963 970//970
f 802//802 971//971 796//796
f 971//971 964//964 796//796
f 971//971 970//970 964//964
f 803//803 972//972 802//802
f 802//802 972//972 971//971
f 804//804 973//973 803//803
f 803//803 973//973 972//972
f 805//805 974//974 804//804
f 804//804 974//974 973//973
f 807//807 974//974 805//805
f 975//975 811//811 965//965
f 965//965 811//811 801//801
f 976//976 965//965 966//966
f 975//975 965//965 976//976
f 977//977 966//966 967//967
f 976//976 966//966 977//977
f 978//978 967//967 968//968
f 977//977 967//967 978//978
f 979//979 968//968 969//969
f 978//978 968//968 979//979
f 980//980 969//969 970//970
f 979//979 969//969 980//980
f 981//981 970//970 971//971
f 980//980 970//970 981//981
f 982//982 971//971 972//972
f 981//981 971//971 982//982
f 983//983 972//972 973//973
f 982//982 972//972 983//983
f 984//984 973//973 974//974
f 983//983 973//973 984//984
f 812//812 985//985 807//807
f 985//985 974//974 807//807
f 985//985 984//984 974//974
f 813//813 986//986 812//812
f 812//812 986//986 985//985
f 815//815 986//986 813//813
f 987//987 817//817 818//818
f 811//811 975//975 818//818
f 975//975 987//987 818//818
f 975//975 988//988 987//987
f 989//989 975//975 976//976
f 988//988 975//975 989//989
f 977//977 991//991 990//990
f 989//989 977//977 990//990
f 976//976 977//977 989//989
f 991//991 977//977 978//978
f 991//991 978//978 992//992
f 994//994 993//993 992//992
f 978//978 994//994 992//992
f 979//979 994//994 978//978
f 995//995 979//979 980//980
f 994//994 979//979 995//995
f 996//996 980//980 981//981
f 995//995 980//980 996//996
f 997//997 981//981 982//982
f 996//996 981//981 997//997
f 821//821 997//997 820//820
f 997//997 983//983 820//820
f 997//997 982//982 983//983
f 820//820 983//983 823//823
f 823//823 983//983 984//984
f 823//823 984//984 825//825
f 825//825 984//984 985//985
f 825//825 985//985 827//827
f 827//827 985//985 986//986
f 827//827 986//986 815//815
f 998//998 829//829 987//987
f 987//987 829//829 817//817
f 988//988 1000//1000 999//999
f 998//998 988//988 999//999
f 987//987 988//988 998//998
f 1000//1000 988//988 989//989
f 1000//1000 989//989 1001//1001
f 1001//1001 989//989 990//990
f 1002//1002 993//993 994//994
f 1002//1002 994//994 995//995
f 1002//1002 995//995 1003//1003
f 1003//1003 995//995 996//996
f 1003//1003 996//996 1004//1004
f 1006//1006 1005//1005 1004//1004
f 996//996 1006//1006 1004//1004
f 997//997 1006//1006 996//996
f 831//831 1006//1006 821//821
f 821//821 1006//1006 997//997
f 998//998 833//833 829//829
f 1008//1008 1007//1007 834//834
f 1008//1008 834//834 833//833
f 999//999 1008//1008 833//833
f 998//998 999//999 833//833
f 1010//1010 1009//1009 1007//1007
f 1010//1010 1007//1007 1008//1008
f 1012//1012 1011//1011 1009//1009
f 1012//1012 1009//1009 1010//1010
f 1014//1014 1013//1013 1011//1011
f 1014//1014 1011//1011 1012//1012
f 1016//1016 1015//1015 1013//1013
f 1016//1016 1013//1013 1014//1014
f 1018//1018 1017//1017 1015//1015
f 1018//1018 1015//1015 1016//1016
f 1020//1020 1019//1019 1017//1017
f 1020//1020 1017//1017 1018//1018
f 1019//1019 1020//1020 1005//1005
f 1019//1019 1005//1005 1006//1006
f 837//837 1019//1019 1006//1006
f 836//836 837//837 1006//1006
f 836//836 1006//1006 831//831
f 1007//1007 839//839 834//834
f 839//839 1007//1007 841//841
f 841//841 1007//1007 1009//1009
f 841//841 1009//1009 842//842
f 1009//1009 1021//1021 842//842
f 1009//1009 1011//1011 1021//1021
f 1022//1022 1011//1011 1013//1013
f 1021//1021 1011//1011 1022//1022
f 845//845 1022//1022 844//844
f 1022//1022 1015//1015 844//844
f 1022//1022 1013//1013 1015//1015
f 844//844 1015//1015 847//847
f 847//847 1015//1015 1017//1017
f 847//847 1017//1017 849//849
f 849//849 1017//1017 1019//1019
f 849//849 1019//1019 837//837
f 1021//1021 851//851 842//842
f 851//851 1021//1021 853//853
f 853//853 1021//1021 1022//1022
f 853//853 1022//1022 845//845
f 1023//1023 855//855 856//856
f 857//857 1023//1023 856//856
f 1024//1024 858//858 859//859
f 860//860 1025//1025 859//859
f 859//859 1025//1025 1024//1024
f 862//862 1026//1026 860//860
f 860//860 1026//1026 1025//1025
f 864//864 1026//1026 862//862
f 1027//1027 866//866 867//867
f 1028//1028 1027//1027 867//867
f 1028//1028 867//867 855//855
f 1029//1029 1028//1028 855//855
f 1023//1023 1029//1029 855//855
f 1031//1031 1029//1029 1030//1030
f 1030//1030 1029//1029 868//868
f 1029//1029 1023//1023 868//868
f 1023//1023 857//857 868//868
f 870//870 1030//1030 868//868
f 1032//1032 873//873 874//874
f 1033//1033 1032//1032 874//874
f 1033//1033 874//874 858//858
f 1034//1034 1033//1033 858//858
f 1024//1024 1034//1034 858//858
f 1034//1034 1024//1024 1025//1025
f 1034//1034 1025//1025 1035//1035
f 1035//1035 1025//1025 1026//1026
f 1035//1035 1026//1026 1036//1036
f 1038//1038 1036//1036 1037//1037
f 1037//1037 1036//1036 875//875
f 1036//1036 1026//1026 875//875
f 1026//1026 864//864 875//875
f 877//877 1037//1037 875//875
f 1039//1039 879//879 880//880
f 1040//1040 1039//1039 880//880
f 1040//1040 880//880 866//866
f 1041//1041 1040//1040 866//866
f 1027//1027 1041//1041 866//866
f 1041//1041 1027//1027 1028//1028
f 1042//1042 1031//1031 1030//1030
f 1042//1042 1030//1030 870//870
f 881//881 1042//1042 870//870
f 1043//1043 1042//1042 881//881
f 1044//1044 881//881 882//882
f 1044//1044 1043//1043 881//881
f 1045//1045 882//882 883//883
f 1045//1045 1044//1044 882//882
f 883//883 873//873 1032//1032
f 1046//1046 883//883 1032//1032
f 1045//1045 883//883 1046//1046
f 1046//1046 1032//1032 1033//1033
f 1047//1047 1038//1038 1037//1037
f 1049//1049 1047//1047 1048//1048
f 1048//1048 1047//1047 884//884
f 1047//1047 1037//1037 884//884
f 1037//1037 877//877 884//884
f 886//886 1048//1048 884//884
f 1050//1050 888//888 1039//1039
f 1039//1039 888//888 879//879
f 1039//1039 1040//1040 1051//1051
f 1039//1039 1051//1051 1050//1050
f 1049//1049 1048//1048 1052//1052
f 1049//1049 1052//1052 1053//1053
f 890//890 1052//1052 886//886
f 886//886 1052//1052 1048//1048
f 1054//1054 892//892 1050//1050
f 1050//1050 892//892 888//888
f 1050//1050 1051//1051 1055//1055
f 1050//1050 1055//1055 1054//1054
f 1053//1053 1052//1052 1056//1056
f 1053//1053 1056//1056 1057//1057
f 893//893 1056//1056 890//890
f 890//890 1056//1056 1052//1052
f 1059//1059 894//894 1058//1058
f 894//894 892//892 1058//1058
f 1058//1058 892//892 1054//1054
f 1060//1060 1058//1058 1054//1054
f 1054//1054 1055//1055 1060//1060
f 894//894 1059//1059 896//896
f 1057//1057 1056//1056 1061//1061
f 1057//1057 1061//1061 1062//1062
f 897//897 1061//1061 893//893
f 893//893 1061//1061 1056//1056
f 1059//1059 1058//1058 1063//1063
f 1063//1063 1058//1058 1064//1064
f 1063//1063 899//899 896//896
f 1063//1063 896//896 1059//1059
f 1065//1065 1062//1062 1061//1061
f 1067//1067 1065//1065 1066//1066
f 1066//1066 1065//1065 901//901
f 1065//1065 1061//1061 901//901
f 1061//1061 897//897 901//901
f 903//903 1066//1066 901//901
f 1063//1063 1064//1064 1068//1068
f 1068//1068 1064//1064 1069//1069
f 1068//1068 905//905 899//899
f 1068//1068 899//899 1063//1063
f 1070//1070 1067//1067 1066//1066
f 1072//1072 1070//1070 1071//1071
f 1071//1071 1070//1070 907//907
f 1070//1070 1066//1066 907//907
f 1066//1066 903//903 907//907
f 909//909 1071//1071 907//907
f 1068//1068 1069//1069 1073//1073
f 1073//1073 1069//1069 1074//1074
f 1073//1073 911//911 905//905
f 1073//1073 905//905 1068//1068
f 1072//1072 1071//1071 1075//1075
f 1072//1072 1075//1075 1076//1076
f 915//915 1075//1075 909//909
f 909//909 1075//1075 1071//1071
f 1073//1073 1074//1074 1077//1077
f 1077//1077 1074//1074 1078//1078
f 1077//1077 917//917 911//911
f 1077//1077 911//911 1073//1073
f 1081//1081 1080//1080 1079//1079
f 1079//1079 1080//1080 1076//1076
f 1079//1079 1076//1076 1075//1075
f 921//921 1079//1079 1075//1075
f 922//922 921//921 1075//1075
f 922//922 1075//1075 915//915
f 1078//1078 1082//1082 1077//1077
f 1082//1082 1084//1084 1083//1083
f 1082//1082 1083//1083 923//923
f 1077//1077 1082//1082 923//923
f 917//917 1077//1077 923//923
f 1085//1085 924//924 923//923
f 1085//1085 923//923 1083//1083
f 1086//1086 925//925 924//924
f 1086//1086 924//924 1085//1085
f 1086//1086 926//926 925//925
f 1089//1089 1088//1088 1087//1087
f 1091//1091 1090//1090 1087//1087
f 1091//1091 1087//1087 1088//1088
f 1093//1093 1092//1092 1090//1090
f 1093//1093 1090//1090 1091//1091
f 1095//1095 1094//1094 1092//1092
f 1095//1095 1092//1092 1093//1093
f 1094//1094 1095//1095 1081//1081
f 1094//1094 1081//1081 1079//1079
f 931//931 1094//1094 1079//1079
f 932//932 931//931 1079//1079
f 932//932 1079//1079 921//921
f 1084//1084 1096//1096 1083//1083
f 1083//1083 1096//1096 1085//1085
f 1085//1085 1096//1096 1097//1097
f 1085//1085 1097//1097 1086//1086
f 1086//1086 1097//1097 1098//1098
f 1086//1086 1098//1098 926//926
f 1098//1098 933//933 926//926
f 1098//1098 1099//1099 933//933
f 934//934 933//933 1099//1099
f 934//934 1099//1099 1100//1100
f 1103//1103 1102//1102 1101//1101
f 1101//1101 1102//1102 1089//1089
f 1101//1101 1089//1089 1087//1087
f 936//936 1101//1101 1087//1087
f 937//937 936//936 1087//1087
f 937//937 1087//1087 938//938
f 938//938 1087//1087 1090//1090
f 938//938 1090//1090 939//939
f 939//939 1090//1090 1092//1092
f 939//939 1092//1092 940//940
f 940//940 1092//1092 1094//1094
f 940//940 1094//1094 931//931
f 1100//1100 1104//1104 934//934
f 934//934 1104//1104 941//941
f 942//942 941//941 1104//1104
f 942//942 1104//1104 1105//1105
f 1107//1107 1106//1106 943//943
f 1107//1107 943//943 944//944
f 1101//1101 945//945 1103//1103
f 945//945 1106//1106 1103//1103
f 945//945 943//943 1106//1106
f 945//945 1101//1101 936//936
f 1105//1105 1108//1108 942//942
f 942//942 1108//1108 946//946
f 944//944 946//946 1107//1107
f 1107//1107 946//946 1108//1108
f 1109//1109 990//990 991//991
f 992//992 1110//1110 991//991
f 991//991 1110//1110 1109//1109
f 993//993 1110//1110 992//992
f 1111//1111 999//999 1000//1000
f 1001//1001 1112//1112 1000//1000
f 1000//1000 1112//1112 1111//1111
f 990//990 1109//1109 1001//1001
f 1109//1109 1112//1112 1001//1001
f 1109//1109 1113//1113 1112//1112
f 1114//1114 1109//1109 1110//1110
f 1113//1113 1109//1109 1114//1114
f 1002//1002 1115//1115 993//993
f 1115//1115 1110//1110 993//993
f 1115//1115 1114//1114 1110//1110
f 1003//1003 1116//1116 1002//1002
f 1002//1002 1116//1116 1115//1115
f 1004//1004 1117//1117 1003//1003
f 1003//1003 1117//1117 1116//1116
f 1005//1005 1117//1117 1004//1004
f 1111//1111 1008//1008 999//999
f 1008//1008 1111//1111 1010//1010
f 1010//1010 1111//1111 1112//1112
f 1010//1010 1112//1112 1012//1012
f 1012//1012 1112//1112 1113//1113
f 1012//1012 1113//1113 1014//1014
f 1014//1014 1113//1113 1114//1114
f 1014//1014 1114//1114 1016//1016
f 1016//1016 1114//1114 1115//1115
f 1016//1016 1115//1115 1018//1018
f 1018//1018 1115//1115 1116//1116
f 1018//1018 1116//1116 1020//1020
f 1020//1020 1116//1116 1117//1117
f 1020//1020 1117//1117 1005//1005
f 1118//1118 1028//1028 1029//1029
f 1031//1031 1118//1118 1029//1029
f 1119//1119 1033//1033 1034//1034
f 1035//1035 1120//1120 1034//1034
f 1034//1034 1120//1120 1119//1119
f 1036//1036 1121//1121 1035//1035
f 1035//1035 1121//1121 1120//1120
f 1038//1038 1121//1121 1036//1036
f 1122//1122 1040//1040 1041//1041
f 1123//1123 1122//1122 1041//1041
f 1123//1123 1041//1041 1028//1028
f 1124//1124 1123//1123 1028//1028
f 1118//1118 1124//1124 1028//1028
f 1126//1126 1124//1124 1125//1125
f 1125//1125 1124//1124 1042//1042
f 1124//1124 1118//1118 1042//1042
f 1118//1118 1031//1031 1042//1042
f 1043//1043 1127//1127 1042//1042
f 1042//1042 1127//1127 1125//1125
f 1044//1044 1128//1128 1043//1043
f 1043//1043 1128//1128 1127//1127
f 1045//1045 1129//1129 1044//1044
f 1044//1044 1129//1129 1128//1128
f 1046//1046 1130//1130 1045//1045
f 1045//1045 1130//1130 1129//1129
f 1131//1131 1130//1130 1046//1046
f 1131//1131 1046//1046 1033//1033
f 1132//1132 1131//1131 1033//1033
f 1119//1119 1132//1132 1033//1033
f 1132//1132 1119//1119 1120//1120
f 1132//1132 1120//1120 1133//1133
f 1133//1133 1120//1120 1121//1121
f 1133//1133 1121//1121 1134//1134
f 1136//1136 1134//1134 1135//1135
f 1135//1135 1134//1134 1047//1047
f 1134//1134 1121//1121 1047//1047
f 1121//1121 1038//1038 1047//1047
f 1049//1049 1135//1135 1047//1047
f 1137//1137 1051//1051 1122//1122
f 1122//1122 1051//1051 1040//1040
f 1122//1122 1123//1123 1138//1138
f 1122//1122 1138//1138 1137//1137
f 1139//1139 1126//1126 1125//1125
f 1139//1139 1125//1125 1127//1127
f 1139//1139 1127//1127 1140//1140
f 1140//1140 1127//1127 1128//1128
f 1140//1140 1128//1128 1141//1141
f 1141//1141 1128//1128 1129//1129
f 1141//1141 1129//1129 1142//1142
f 1142//1142 1129//1129 1130//1130
f 1142//1142 1130//1130 1143//1143
f 1143//1143 1130//1130 1131//1131
f 1136//1136 1135//1135 1144//1144
f 1136//1136 1144//1144 1145//1145
f 1053//1053 1144//1144 1049//1049
f 1049//1049 1144//1144 1135//1135
f 1147//1147 1146//1146 1137//1137
f 1146//1146 1051//1051 1137//1137
f 1146//1146 1055//1055 1051//1051
f 1147//1147 1137//1137 1138//1138
f 1145//1145 1144//1144 1148//1148
f 1145//1145 1148//1148 1149//1149
f 1057//1057 1148//1148 1053//1053
f 1053//1053 1148//1148 1144//1144
f 1151//1151 1150//1150 1060//1060
f 1060//1060 1150//1150 1058//1058
f 1060//1060 1055//1055 1146//1146
f 1060//1060 1146//1146 1151//1151
f 1149//1149 1148//1148 1152//1152
f 1149//1149 1152//1152 1153//1153
f 1062//1062 1152//1152 1057//1057
f 1057//1057 1152//1152 1148//1148
f 1156//1156 1155//1155 1154//1154
f 1150//1150 1156//1156 1154//1154
f 1064//1064 1150//1150 1154//1154
f 1058//1058 1150//1150 1064//1064
f 1157//1157 1153//1153 1152//1152
f 1159//1159 1157//1157 1158//1158
f 1158//1158 1157//1157 1065//1065
f 1157//1157 1152//1152 1065//1065
f 1152//1152 1062//1062 1065//1065
f 1067//1067 1158//1158 1065//1065
f 1154//1154 1155//1155 1160//1160
f 1160//1160 1155//1155 1161//1161
f 1160//1160 1069//1069 1064//1064
f 1160//1160 1064//1064 1154//1154
f 1162//1162 1159//1159 1158//1158
f 1164//1164 1162//1162 1163//1163
f 1163//1163 1162//1162 1070//1070
f 1162//1162 1158//1158 1070//1070
f 1158//1158 1067//1067 1070//1070
f 1072//1072 1163//1163 1070//1070
f 1160//1160 1161//1161 1165//1165
f 1165//1165 1161//1161 1166//1166
f 1165//1165 1074//1074 1069//1069
f 1165//1165 1069//1069 1160//1160
f 1164//1164 1163//1163 1167//1167
f 1164//1164 1167//1167 1168//1168
f 1076//1076 1167//1167 1072//1072
f 1072//1072 1167//1167 1163//1163
f 1165//1165 1166//1166 1169//1169
f 1169//1169 1166//1166 1170//1170
f 1169//1169 1078//1078 1074//1074
f 1169//1169 1074//1074 1165//1165
f 1173//1173 1172//1172 1171//1171
f 1175//1175 1174//1174 1171//1171
f 1175//1175 1171//1171 1172//1172
f 1177//1177 1176//1176 1174//1174
f 1177//1177 1174//1174 1175//1175
f 1179//1179 1178//1178 1176//1176
f 1179//1179 1176//1176 1177//1177
f 1178//1178 1179//1179 1168//1168
f 1178//1178 1168//1168 1167//1167
f 1081//1081 1178//1178 1167//1167
f 1080//1080 1081//1081 1167//1167
f 1080//1080 1167//1167 1076//1076
f 1170//1170 1180//1180 1169//1169
f 1180//1180 1182//1182 1181//1181
f 1180//1180 1181//1181 1082//1082
f 1169//1169 1180//1180 1082//1082
f 1078//1078 1169//1169 1082//1082
f 1181//1181 1084//1084 1082//1082
f 1185//1185 1184//1184 1183//1183
f 1183//1183 1184//1184 1173//1173
f 1183//1183 1173//1173 1171//1171
f 1089//1089 1183//1183 1171//1171
f 1088//1088 1089//1089 1171//1171
f 1088//1088 1171//1171 1091//1091
f 1091//1091 1171//1171 1174//1174
f 1091//1091 1174//1174 1093//1093
f 1093//1093 1174//1174 1176//1176
f 1093//1093 1176//1176 1095//1095
f 1095//1095 1176//1176 1178//1178
f 1095//1095 1178//1178 1081//1081
f 1182//1182 1186//1186 1181//1181
f 1186//1186 1188//1188 1187//1187
f 1186//1186 1187//1187 1096//1096
f 1181//1181 1186//1186 1096//1096
f 1084//1084 1181//1181 1096//1096
f 1189//1189 1097//1097 1096//1096
f 1189//1189 1096//1096 1187//1187
f 1190//1190 1098//1098 1097//1097
f 1190//1190 1097//1097 1189//1189
f 1191//1191 1099//1099 1098//1098
f 1191//1191 1098//1098 1190//1190
f 1191//1191 1100//1100 1099//1099
f 1194//1194 1193//1193 1192//1192
f 1192//1192 1193//1193 1185//1185
f 1192//1192 1185//1185 1183//1183
f 1103//1103 1192//1192 1183//1183
f 1102//1102 1103//1103 1183//1183
f 1102//1102 1183//1183 1089//1089
f 1188//1188 1195//1195 1187//1187
f 1187//1187 1195//1195 1189//1189
f 1189//1189 1195//1195 1196//1196
f 1189//1189 1196//1196 1190//1190
f 1190//1190 1196//1196 1197//1197
f 1190//1190 1197//1197 1191//1191
f 1191//1191 1197//1197 1198//1198
f 1191//1191 1198//1198 1100//1100
f 1198//1198 1104//1104 1100//1100
f 1198//1198 1199//1199 1104//1104
f 1201//1201 1200//1200 1105//1105
f 1104//1104 1201//1201 1105//1105
f 1199//1199 1201//1201 1104//1104
f 1200//1200 1201//1201 1194//1194
f 1200//1200 1194//1194 1192//1192
f 1107//1107 1200//1200 1192//1192
f 1106//1106 1107//1107 1192//1192
f 1106//1106 1192//1192 1103//1103
f 1200//1200 1108//1108 1105//1105
f 1108//1108 1200//1200 1107//1107
f 1202//1202 1123//1123 1124//1124
f 1126//1126 1202//1202 1124//1124
f 1203//1203 1131//1131 1132//1132
f 1133//1133 1204//1204 1132//1132
f 1132//1132 1204//1204 1203//1203
f 1134//1134 1205//1205 1133//1133
f 1133//1133 1205//1205 1204//1204
f 1136//1136 1205//1205 1134//1134
f 1206//1206 1138//1138 1202//1202
f 1202//1202 1138//1138 1123//1123
f 1139//1139 1207//1207 1126//1126
f 1207//1207 1202//1202 1126//1126
f 1207//1207 1206//1206 1202//1202
f 1140//1140 1208//1208 1139//1139
f 1139//1139 1208//1208 1207//1207
f 1141//1141 1209//1209 1140//1140
f 1140//1140 1209//1209 1208//1208
f 1142//1142 1210//1210 1141//1141
f 1141//1141 1210//1210 1209//1209
f 1143//1143 1211//1211 1142//1142
f 1142//1142 1211//1211 1210//1210
f 1131//1131 1203//1203 1143//1143
f 1203//1203 1211//1211 1143//1143
f 1203//1203 1212//1212 1211//1211
f 1213//1213 1203//1203 1204//1204
f 1212//1212 1203//1203 1213//1213
f 1214//1214 1204//1204 1205//1205
f 1213//1213 1204//1204 1214//1214
f 1145//1145 1214//1214 1136//1136
f 1136//1136 1214//1214 1205//1205
f 1215//1215 1146//1146 1147//1147
f 1138//1138 1206//1206 1147//1147
f 1206//1206 1215//1215 1147//1147
f 1206//1206 1216//1216 1215//1215
f 1207//1207 1218//1218 1217//1217
f 1216//1216 1207//1207 1217//1217
f 1206//1206 1207//1207 1216//1216
f 1218//1218 1207//1207 1208//1208
f 1218//1218 1208//1208 1219//1219
f 1219//1219 1208//1208 1209//1209
f 1219//1219 1209//1209 1220//1220
f 1220//1220 1209//1209 1210//1210
f 1220//1220 1210//1210 1221//1221
f 1223//1223 1222//1222 1221//1221
f 1210//1210 1223//1223 1221//1221
f 1211//1211 1223//1223 1210//1210
f 1224//1224 1211//1211 1212//1212
f 1223//1223 1211//1211 1224//1224
f 1225//1225 1212//1212 1213//1213
f 1224//1224 1212//1212 1225//1225
f 1226//1226 1213//1213 1214//1214
f 1225//1225 1213//1213 1226//1226
f 1149//1149 1226//1226 1145//1145
f 1145//1145 1226//1226 1214//1214
f 1227//1227 1150//1150 1151//1151
f 1228//1228 1227//1227 1151//1151
f 1228//1228 1151//1151 1146//1146
f 1229//1229 1228//1228 1146//1146
f 1215//1215 1229//1229 1146//1146
f 1229//1229 1215//1215 1216//1216
f 1229//1229 1216//1216 1230//1230
f 1230//1230 1216//1216 1217//1217
f 1231//1231 1222//1222 1223//1223
f 1231//1231 1223//1223 1224//1224
f 1231//1231 1224//1224 1232//1232
f 1234//1234 1233//1233 1232//1232
f 1224//1224 1234//1234 1232//1232
f 1225//1225 1234//1234 1224//1224
f 1235//1235 1225//1225 1226//1226
f 1234//1234 1225//1225 1235//1235
f 1153//1153 1235//1235 1149//1149
f 1149//1149 1235//1235 1226//1226
f 1236//1236 1155//1155 1156//1156
f 1237//1237 1236//1236 1156//1156
f 1237//1237 1156//1156 1150//1150
f 1238//1238 1237//1237 1150//1150
f 1227//1227 1238//1238 1150//1150
f 1238//1238 1227//1227 1228//1228
f 1233//1233 1234//1234 1239//1239
f 1233//1233 1239//1239 1240//1240
f 1241//1241 1234//1234 1235//1235
f 1239//1239 1234//1234 1241//1241
f 1157//1157 1242//1242 1153//1153
f 1242//1242 1235//1235 1153//1153
f 1242//1242 1241//1241 1235//1235
f 1159//1159 1242//1242 1157//1157
f 1243//1243 1161//1161 1236//1236
f 1236//1236 1161//1161 1155//1155
f 1236//1236 1237//1237 1244//1244
f 1236//1236 1244//1244 1243//1243
f 1240//1240 1239//1239 1245//1245
f 1240//1240 1245//1245 1246//1246
f 1247//1247 1239//1239 1241//1241
f 1245//1245 1239//1239 1247//1247
f 1248//1248 1241//1241 1242//1242
f 1247//1247 1241//1241 1248//1248
f 1162//1162 1249//1249 1159//1159
f 1249//1249 1242//1242 1159//1159
f 1249//1249 1248//1248 1242//1242
f 1164//1164 1249//1249 1162//1162
f 1250//1250 1166//1166 1243//1243
f 1243//1243 1166//1166 1161//1161
f 1243//1243 1244//1244 1251//1251
f 1243//1243 1251//1251 1250//1250
f 1254//1254 1253//1253 1252//1252
f 1256//1256 1255//1255 1252//1252
f 1256//1256 1252//1252 1253//1253
f 1255//1255 1256//1256 1246//1246
f 1245//1245 1255//1255 1246//1246
f 1257//1257 1255//1255 1245//1245
f 1258//1258 1245//1245 1247//1247
f 1257//1257 1245//1245 1258//1258
f 1259//1259 1247//1247 1248//1248
f 1258//1258 1247//1247 1259//1259
f 1260//1260 1248//1248 1249//1249
f 1259//1259 1248//1248 1260//1260
f 1168//1168 1260//1260 1164//1164
f 1164//1164 1260//1260 1249//1249
f 1261//1261 1170//1170 1250//1250
f 1250//1250 1170//1170 1166//1166
f 1250//1250 1251//1251 1262//1262
f 1250//1250 1262//1262 1261//1261
f 1254//1254 1252//1252 1263//1263
f 1254//1254 1263//1263 1264//1264
f 1265//1265 1252//1252 1255//1255
f 1263//1263 1252//1252 1265//1265
f 1173//1173 1265//1265 1172//1172
f 1265//1265 1257//1257 1172//1172
f 1265//1265 1255//1255 1257//1257
f 1172//1172 1257//1257 1175//1175
f 1175//1175 1257//1257 1258//1258
f 1175//1175 1258//1258 1177//1177
f 1177//1177 1258//1258 1259//1259
f 1177//1177 1259//1259 1179//1179
f 1179//1179 1259//1259 1260//1260
f 1179//1179 1260//1260 1168//1168
f 1261//1261 1180//1180 1170//1170
f 1267//1267 1266//1266 1182//1182
f 1267//1267 1182//1182 1180//1180
f 1262//1262 1267//1267 1180//1180
f 1261//1261 1262//1262 1180//1180
f 1268//1268 1266//1266 1267//1267
f 1264//1264 1263//1263 1269//1269
f 1264//1264 1269//1269 1270//1270
f 1185//1185 1269//1269 1184//1184
f 1269//1269 1265//1265 1184//1184
f 1269//1269 1263//1263 1265//1265
f 1184//1184 1265//1265 1173//1173
f 1266//1266 1186//1186 1182//1182
f 1272//1272 1271//1271 1188//1188
f 1272//1272 1188//1188 1186//1186
f 1268//1268 1272//1272 1186//1186
f 1266//1266 1268//1268 1186//1186
f 1274//1274 1273//1273 1271//1271
f 1274//1274 1271//1271 1272//1272
f 1275//1275 1273//1273 1274//1274
f 1278//1278 1277//1277 1276//1276
f 1280//1280 1279//1279 1276//1276
f 1280//1280 1276//1276 1277//1277
f 1282//1282 1281//1281 1279//1279
f 1282//1282 1279//1279 1280//1280
f 1281//1281 1282//1282 1270//1270
f 1281//1281 1270//1270 1269//1269
f 1194//1194 1281//1281 1269//1269
f 1193//1193 1194//1194 1269//1269
f 1193//1193 1269//1269 1185//1185
f 1271//1271 1195//1195 1188//1188
f 1195//1195 1271//1271 1196//1196
f 1196//1196 1271//1271 1273//1273
f 1275//1275 1283//1283 1273//1273
f 1283//1283 1196//1196 1273//1273
f 1283//1283 1197//1197 1196//1196
f 1276//1276 1198//1198 1278//1278
f 1198//1198 1283//1283 1278//1278
f 1198//1198 1197//1197 1283//1283
f 1198//1198 1276//1276 1199//1199
f 1199//1199 1276//1276 1279//1279
f 1199//1199 1279//1279 1201//1201
f 1201//1201 1279//1279 1281//1281
f 1201//1201 1281//1281 1194//1194
f 1284//1284 1217//1217 1218//1218
f 1219//1219 1285//1285 1218//1218
f 1218//1218 1285//1285 1284//1284
f 1220//1220 1286//1286 1219//1219
f 1219//1219 1286//1286 1285//1285
f 1221//1221 1287//1287 1220//1220
f 1220//1220 1287//1287 1286//1286
f 1222//1222 1287//1287 1221//1221
f 1288//1288 1228//1228 1229//1229
f 1230//1230 1289//1289 1229//1229
f 1229//1229 1289//1289 1288//1288
f 1217//1217 1284//1284 1230//1230
f 1284//1284 1289//1289 1230//1230
f 1284//1284 1290//1290 1289//1289
f 1291//1291 1284//1284 1285//1285
f 1290//1290 1284//1284 1291//1291
f 1292//1292 1285//1285 1286//1286
f 1291//1291 1285//1285 1292//1292
f 1293//1293 1286//1286 1287//1287
f 1292//1292 1286//1286 1293//1293
f 1231//1231 1294//1294 1222//1222
f 1294//1294 1287//1287 1222//1222
f 1294//1294 1293//1293 1287//1287
f 1232//1232 1295//1295 1231//1231
f 1231//1231 1295//1295 1294//1294
f 1233//1233 1295//1295 1232//1232
f 1296//1296 1237//1237 1238//1238
f 1297//1297 1296//1296 1238//1238
f 1297//1297 1238//1238 1228//1228
f 1298//1298 1297//1297 1228//1228
f 1288//1288 1298//1298 1228//1228
f 1298//1298 1288//1288 1289//1289
f 1298//1298 1289//1289 1299//1299
f 1299//1299 1289//1289 1290//1290
f 1299//1299 1290//1290 1300//1300
f 1300//1300 1290//1290 1291//1291
f 1300//1300 1291//1291 1301//1301
f 1301//1301 1291//1291 1292//1292
f 1301//1301 1292//1292 1302//1302
f 1304//1304 1303//1303 1302//1302
f 1292//1292 1304//1304 1302//1302
f 1293//1293 1304//1304 1292//1292
f 1305//1305 1293//1293 1294//1294
f 1304//1304 1293//1293 1305//1305
f 1306//1306 1294//1294 1295//1295
f 1305//1305 1294//1294 1306//1306
f 1240//1240 1306//1306 1233//1233
f 1233//1233 1306//1306 1295//1295
f 1307//1307 1244//1244 1296//1296
f 1296//1296 1244//1244 1237//1237
f 1296//1296 1297//1297 1308//1308
f 1296//1296 1308//1308 1307//1307
f 1303//1303 1304//1304 1309//1309
f 1303//1303 1309//1309 1310//1310
f 1311//1311 1304//1304 1305//1305
f 1309//1309 1304//1304 1311//1311
f 1312//1312 1305//1305 1306//1306
f 1311//1311 1305//1305 1312//1312
f 1246//1246 1312//1312 1240//1240
f 1240//1240 1312//1312 1306//1306
f 1313//1313 1251//1251 1307//1307
f 1307//1307 1251//1251 1244//1244
f 1307//1307 1308//1308 1314//1314
f 1307//1307 1314//1314 1313//1313
f 1317//1317 1316//1316 1315//1315
f 1315//1315 1316//1316 1310//1310
f 1309//1309 1315//1315 1310//1310
f 1318//1318 1315//1315 1309//1309
f 1254//1254 1318//1318 1253//1253
f 1318//1318 1311//1311 1253//1253
f 1318//1318 1309//1309 1311//1311
f 1253//1253 1311//1311 1256//1256
f 1256//1256 1311//1311 1312//1312
f 1256//1256 1312//1312 1246//1246
f 1319//1319 1262//1262 1313//1313
f 1313//1313 1262//1262 1251//1251
f 1313//1313 1314//1314 1320//1320
f 1313//1313 1320//1320 1319//1319
f 1317//1317 1315//1315 1321//1321
f 1317//1317 1321//1321 1322//1322
f 1323//1323 1315//1315 1318//1318
f 1321//1321 1315//1315 1323//1323
f 1264//1264 1323//1323 1254//1254
f 1254//1254 1323//1323 1318//1318
f 1319//1319 1267//1267 1262//1262
f 1325//1325 1324//1324 1268//1268
f 1325//1325 1268//1268 1267//1267
f 1320//1320 1325//1325 1267//1267
f 1319//1319 1320//1320 1267//1267
f 1327//1327 1326//1326 1324//1324
f 1327//1327 1324//1324 1325//1325
f 1328//1328 1326//1326 1327//1327
f 1331//1331 1330//1330 1329//1329
f 1329//1329 1330//1330 1322//1322
f 1321//1321 1329//1329 1322//1322
f 1332//1332 1329//1329 1321//1321
f 1333//1333 1321//1321 1323//1323
f 1332//1332 1321//1321 1333//1333
f 1270//1270 1333//1333 1264//1264
f 1264//1264 1333//1333 1323//1323
f 1324//1324 1272//1272 1268//1268
f 1272//1272 1324//1324 1274//1274
f 1274//1274 1324//1324 1326//1326
f 1335//1335 1334//1334 1275//1275
f 1335//1335 1275//1275 1274//1274
f 1328//1328 1335//1335 1274//1274
f 1326//1326 1328//1328 1274//1274
f 1334//1334 1335//1335 1331//1331
f 1334//1334 1331//1331 1329//1329
f 1278//1278 1334//1334 1329//1329
f 1277//1277 1278//1278 1329//1329
f 1277//1277 1329//1329 1280//1280
f 1280//1280 1329//1329 1332//1332
f 1280//1280 1332//1332 1282//1282
f 1282//1282 1332//1332 1333//1333
f 1282//1282 1333//1333 1270//1270
f 1334//1334 1283//1283 1275//1275
f 1283//1283 1334//1334 1278//1278
f 1336//1336 1297//1297 1298//1298
f 1299//1299 1337//1337 1298//1298
f 1298//1298 1337//1337 1336//1336
f 1300//1300 1338//1338 1299//1299
f 1299//1299 1338//1338 1337//1337
f 1301//1301 1339//1339 1300//1300
f 1300//1300 1339//1339 1338//1338
f 1302//1302 1340//1340 1301//1301
f 1301//1301 1340//1340 1339//1339
f 1303//1303 1340//1340 1302//1302
f 1341//1341 1308//1308 1336//1336
f 1336//1336 1308//1308 1297//1297
f 1342//1342 1336//1336 1337//1337
f 1341//1341 1336//1336 1342//1342
f 1343//1343 1337//1337 1338//1338
f 1342//1342 1337//1337 1343//1343
f 1344//1344 1338//1338 1339//1339
f 1343//1343 1338//1338 1344//1344
f 1345//1345 1339//1339 1340//1340
f 1344//1344 1339//1339 1345//1345
f 1310//1310 1345//1345 1303//1303
f 1303//1303 1345//1345 1340//1340
f 1346//1346 1314//1314 1341//1341
f 1341//1341 1314//1314 1308//1308
f 1347//1347 1341//1341 1342//1342
f 1346//1346 1341//1341 1347//1347
f 1348//1348 1342//1342 1343//1343
f 1347//1347 1342//1342 1348//1348
f 1349//1349 1343//1343 1344//1344
f 1348//1348 1343//1343 1349//1349
f 1317//1317 1349//1349 1316//1316
f 1349//1349 1345//1345 1316//1316
f 1349//1349 1344//1344 1345//1345
f 1316//1316 1345//1345 1310//1310
f 1350//1350 1320//1320 1346//1346
f 1346//1346 1320//1320 1314//1314
f 1351//1351 1346//1346 1347//1347
f 1350//1350 1346//1346 1351//1351
f 1348//1348 1353//1353 1352//1352
f 1351//1351 1348//1348 1352//1352
f 1347//1347 1348//1348 1351//1351
f 1355//1355 1354//1354 1353//1353
f 1348//1348 1355//1355 1353//1353
f 1349//1349 1355//1355 1348//1348
f 1322//1322 1355//1355 1317//1317
f 1317//1317 1355//1355 1349//1349
f 1350//1350 1325//1325 1320//1320
f 1325//1325 1350//1350 1327//1327
f 1327//1327 1350//1350 1351//1351
f 1357//1357 1356//1356 1328//1328
f 1357//1357 1328//1328 1327//1327
f 1352//1352 1357//1357 1327//1327
f 1351//1351 1352//1352 1327//1327
f 1356//1356 1357//1357 1354//1354
f 1356//1356 1354//1354 1355//1355
f 1331//1331 1356//1356 1355//1355
f 1330//1330 1331//1331 1355//1355
f 1330//1330 1355//1355 1322//1322
f 1356//1356 1335//1335 1328//1328
f 1335//1335 1356//1356 1331//1331
f 1358//1358 1352//1352 1353//1353
f 1354//1354 1358//1358 1353//1353
f 1358//1358 1357//1357 1352//1352
f 1357//1357 1358//1358 1354//1354
f 1361//1361 1360//1360 1359//1359
f 1359//1359 1362//1362 1361//1361
f 1365//1365 1364//1364 1363//1363
f 1367//1367 1366//1366 1363//1363
f 1366//1366 1359//1359 1363//1363
f 1360//1360 1365//1365 1363//1363
f 1360//1360 1363//1363 1359//1359
f 1359//1359 1366//1366 1362//1362
f 1363//1363 1364//1364 1368//1368
f 1368//1368 1364//1364 1369//1369
f 1367//1367 1363//1363 1370//1370
f 1370//1370 1363//1363 1368//1368
f 1368//1368 1369//1369 1371//1371
f 1371//1371 1369//1369 1372//1372
f 1370//1370 1368//1368 1373//1373
f 1373//1373 1368//1368 1371//1371
f 1376//1376 1375//1375 1374//1374
f 1378//1378 1377//1377 1374//1374
f 1374//1374 1377//1377 1376//1376
f 1378//1378 1379//1379 1377//1377
f 1372//1372 1380//1380 1371//1371
f 1371//1371 1380//1380 1373//1373
f 1374//1374 1375//1375 1381//1381
f 1381//1381 1375//1375 1382//1382
f 1374//1374 1383//1383 1378//1378
f 1374//1374 1381//1381 1383//1383
f 1379//1379 1378//1378 1384//1384
f 1384//1384 1378//1378 1383//1383
f 1382//1382 1385//1385 1381//1381
f 1381//1381 1385//1385 1383//1383
f 1383//1383 1385//1385 1386//1386
f 1383//1383 1386//1386 1384//1384
f 1389//1389 1388//1388 1387//1387
f 1391//1391 1390//1390 1387//1387
f 1387//1387 1390//1390 1389//1389
f 1391//1391 1392//1392 1390//1390
f 1388//1388 1393//1393 1387//1387
f 1387//1387 1393//1393 1391//1391
f 1391//1391 1393//1393 1394//1394
f 1391//1391 1394//1394 1392//1392
f 1397//1397 1396//1396 1395//1395
f 1399//1399 1398//1398 1395//1395
f 1395//1395 1398//1398 1397//1397
f 1401//1401 1400//1400 1399//1399
f 1399//1399 1400//1400 1398//1398
f 1401//1401 1402//1402 1400//1400
f 1396//1396 1403//1403 1395//1395
f 1395//1395 1403//1403 1399//1399
f 1399//1399 1403//1403 1404//1404
f 1406//1406 1405//1405 1404//1404
f 1405//1405 1399//1399 1404//1404
f 1405//1405 1401//1401 1399//1399
f 1402//1402 1401//1401 1407//1407
f 1407//1407 1401//1401 1405//1405
f 1406//1406 1408//1408 1405//1405
f 1405//1405 1408//1408 1407//1407
f 1411//1411 1410//1410 1409//1409
f 1413//1413 1412//1412 1409//1409
f 1409//1409 1412//1412 1411//1411
f 1413//1413 1414//1414 1412//1412
f 1417//1417 1416//1416 1415//1415
f 1419//1419 1418//1418 1415//1415
f 1415//1415 1418//1418 1417//1417
f 1421//1421 1420//1420 1419//1419
f 1419//1419 1420//1420 1418//1418
f 1421//1421 1422//1422 1420//1420
f 1409//1409 1410//1410 1423//1423
f 1423//1423 1410//1410 1424//1424
f 1409//1409 1425//1425 1413//1413
f 1409//1409 1423//1423 1425//1425
f 1414//1414 1413//1413 1426//1426
f 1413//1413 1427//1427 1426//1426
f 1413//1413 1425//1425 1427//1427
f 1429//1429 1428//1428 1427//1427
f 1427//1427 1428//1428 1426//1426
f 1431//1431 1430//1430 1429//1429
f 1429//1429 1430//1430 1428//1428
f 1430//1430 1431//1431 1416//1416
f 1431//1431 1415//1415 1416//1416
f 1431//1431 1432//1432 1415//1415
f 1415//1415 1433//1433 1419//1419
f 1415//1415 1432//1432 1433//1433
f 1419//1419 1434//1434 1421//1421
f 1419//1419 1433//1433 1434//1434
f 1422//1422 1421//1421 1435//1435
f 1421//1421 1436//1436 1435//1435
f 1421//1421 1434//1434 1436//1436
f 1436//1436 1437//1437 1435//1435
f 1423//1423 1424//1424 1438//1438
f 1438//1438 1424//1424 1439//1439
f 1423//1423 1440//1440 1425//1425
f 1423//1423 1438//1438 1440//1440
f 1425//1425 1441//1441 1427//1427
f 1425//1425 1440//1440 1441//1441
f 1427//1427 1442//1442 1429//1429
f 1427//1427 1441//1441 1442//1442
f 1429//1429 1443//1443 1431//1431
f 1429//1429 1442//1442 1443//1443
f 1431//1431 1444//1444 1432//1432
f 1431//1431 1443//1443 1444//1444
f 1432//1432 1445//1445 1433//1433
f 1432//1432 1444//1444 1445//1445
f 1433//1433 1446//1446 1434//1434
f 1433//1433 1445//1445 1446//1446
f 1448//1448 1436//1436 1447//1447
f 1436//1436 1446//1446 1447//1447
f 1436//1436 1434//1434 1446//1446
f 1436//1436 1448//1448 1437//1437
f 1451//1451 1450//1450 1449//1449
f 1449//1449 1452//1452 1451//1451
f 1455//1455 1454//1454 1453//1453
f 1455//1455 1453//1453 1439//1439
f 1453//1453 1438//1438 1439//1439
f 1453//1453 1456//1456 1438//1438
f 1438//1438 1457//1457 1440//1440
f 1438//1438 1456//1456 1457//1457
f 1440//1440 1458//1458 1441//1441
f 1440//1440 1457//1457 1458//1458
f 1458//1458 1360//1360 1361//1361
f 1442//1442 1458//1458 1361//1361
f 1441//1441 1458//1458 1442//1442
f 1442//1442 1361//1361 1362//1362
f 1459//1459 1442//1442 1362//1362
f 1443//1443 1442//1442 1459//1459
f 1443//1443 1460//1460 1444//1444
f 1443//1443 1459//1459 1460//1460
f 1462//1462 1445//1445 1461//1461
f 1445//1445 1460//1460 1461//1461
f 1445//1445 1444//1444 1460//1460
f 1445//1445 1462//1462 1446//1446
f 1446//1446 1462//1462 1463//1463
f 1446//1446 1463//1463 1447//1447
f 1449//1449 1450//1450 1464//1464
f 1464//1464 1450//1450 1465//1465
f 1452//1452 1449//1449 1466//1466
f 1449//1449 1467//1467 1466//1466
f 1449//1449 1464//1464 1467//1467
f 1469//1469 1468//1468 1467//1467
f 1467//1467 1468//1468 1466//1466
f 1471//1471 1470//1470 1469//1469
f 1469//1469 1470//1470 1468//1468
f 1470//1470 1471//1471 1454//1454
f 1471//1471 1453//1453 1454//1454
f 1471//1471 1472//1472 1453//1453
f 1453//1453 1473//1473 1456//1456
f 1453//1453 1472//1472 1473//1473
f 1456//1456 1474//1474 1457//1457
f 1456//1456 1473//1473 1474//1474
f 1474//1474 1364//1364 1365//1365
f 1458//1458 1474//1474 1365//1365
f 1457//1457 1474//1474 1458//1458
f 1360//1360 1458//1458 1365//1365
f 1366//1366 1367//1367 1475//1475
f 1475//1475 1476//1476 1366//1366
f 1366//1366 1476//1476 1362//1362
f 1476//1476 1477//1477 1362//1362
f 1477//1477 1459//1459 1362//1362
f 1459//1459 1477//1477 1460//1460
f 1460//1460 1477//1477 1478//1478
f 1460//1460 1478//1478 1461//1461
f 1464//1464 1465//1465 1479//1479
f 1479//1479 1465//1465 1480//1480
f 1464//1464 1481//1481 1467//1467
f 1464//1464 1479//1479 1481//1481
f 1467//1467 1482//1482 1469//1469
f 1467//1467 1481//1481 1482//1482
f 1469//1469 1483//1483 1471//1471
f 1469//1469 1482//1482 1483//1483
f 1471//1471 1484//1484 1472//1472
f 1471//1471 1483//1483 1484//1484
f 1472//1472 1485//1485 1473//1473
f 1472//1472 1484//1484 1485//1485
f 1473//1473 1486//1486 1474//1474
f 1473//1473 1485//1485 1486//1486
f 1486//1486 1369//1369 1364//1364
f 1486//1486 1364//1364 1474//1474
f 1370//1370 1487//1487 1475//1475
f 1370//1370 1475//1475 1367//1367
f 1476//1476 1475//1475 1488//1488
f 1488//1488 1475//1475 1487//1487
f 1480//1480 1489//1489 1479//1479
f 1479//1479 1489//1489 1481//1481
f 1481//1481 1489//1489 1490//1490
f 1481//1481 1490//1490 1482//1482
f 1482//1482 1490//1490 1491//1491
f 1493//1493 1492//1492 1491//1491
f 1492//1492 1482//1482 1491//1491
f 1492//1492 1483//1483 1482//1482
f 1483//1483 1494//1494 1484//1484
f 1483//1483 1492//1492 1494//1494
f 1484//1484 1495//1495 1485//1485
f 1484//1484 1494//1494 1495//1495
f 1485//1485 1496//1496 1486//1486
f 1485//1485 1495//1495 1496//1496
f 1496//1496 1372//1372 1369//1369
f 1496//1496 1369//1369 1486//1486
f 1373//1373 1497//1497 1487//1487
f 1373//1373 1487//1487 1370//1370
f 1488//1488 1487//1487 1498//1498
f 1498//1498 1487//1487 1497//1497
f 1492//1492 1493//1493 1499//1499
f 1499//1499 1493//1493 1500//1500
f 1499//1499 1375//1375 1376//1376
f 1494//1494 1499//1499 1376//1376
f 1492//1492 1499//1499 1494//1494
f 1494//1494 1376//1376 1377//1377
f 1494//1494 1377//1377 1495//1495
f 1495//1495 1377//1377 1379//1379
f 1501//1501 1495//1495 1379//1379
f 1496//1496 1495//1495 1501//1501
f 1502//1502 1380//1380 1372//1372
f 1496//1496 1502//1502 1372//1372
f 1501//1501 1502//1502 1496//1496
f 1497//1497 1373//1373 1380//1380
f 1502//1502 1497//1497 1380//1380
f 1503//1503 1497//1497 1502//1502
f 1498//1498 1497//1497 1504//1504
f 1497//1497 1505//1505 1504//1504
f 1497//1497 1503//1503 1505//1505
f 1505//1505 1506//1506 1504//1504
f 1499//1499 1500//1500 1507//1507
f 1507//1507 1500//1500 1508//1508
f 1507//1507 1382//1382 1375//1375
f 1507//1507 1375//1375 1499//1499
f 1384//1384 1509//1509 1501//1501
f 1384//1384 1501//1501 1379//1379
f 1511//1511 1502//1502 1510//1510
f 1502//1502 1509//1509 1510//1510
f 1502//1502 1501//1501 1509//1509
f 1502//1502 1511//1511 1503//1503
f 1503//1503 1511//1511 1512//1512
f 1503//1503 1512//1512 1505//1505
f 1505//1505 1512//1512 1513//1513
f 1505//1505 1513//1513 1506//1506
f 1508//1508 1514//1514 1507//1507
f 1514//1514 1516//1516 1515//1515
f 1514//1514 1515//1515 1385//1385
f 1507//1507 1514//1514 1385//1385
f 1382//1382 1507//1507 1385//1385
f 1517//1517 1386//1386 1385//1385
f 1517//1517 1385//1385 1515//1515
f 1517//1517 1518//1518 1386//1386
f 1386//1386 1518//1518 1384//1384
f 1518//1518 1519//1519 1384//1384
f 1519//1519 1509//1509 1384//1384
f 1509//1509 1519//1519 1510//1510
f 1516//1516 1520//1520 1515//1515
f 1515//1515 1520//1520 1517//1517
f 1517//1517 1520//1520 1521//1521
f 1517//1517 1521//1521 1518//1518
f 1524//1524 1523//1523 1522//1522
f 1526//1526 1525//1525 1522//1522
f 1522//1522 1525//1525 1524//1524
f 1526//1526 1527//1527 1525//1525
f 1530//1530 1529//1529 1528//1528
f 1530//1530 1528//1528 1523//1523
f 1523//1523 1528//1528 1522//1522
f 1528//1528 1388//1388 1522//1522
f 1388//1388 1389//1389 1522//1522
f 1522//1522 1389//1389 1390//1390
f 1522//1522 1390//1390 1526//1526
f 1532//1532 1531//1531 1392//1392
f 1392//1392 1531//1531 1390//1390
f 1531//1531 1527//1527 1390//1390
f 1527//1527 1526//1526 1390//1390
f 1534//1534 1533//1533 1532//1532
f 1532//1532 1533//1533 1531//1531
f 1536//1536 1535//1535 1534//1534
f 1534//1534 1535//1535 1533//1533
f 1536//1536 1537//1537 1535//1535
f 1540//1540 1539//1539 1538//1538
f 1540//1540 1538//1538 1529//1529
f 1538//1538 1528//1528 1529//1529
f 1538//1538 1541//1541 1528//1528
f 1542//1542 1393//1393 1388//1388
f 1528//1528 1542//1542 1388//1388
f 1541//1541 1542//1542 1528//1528
f 1543//1543 1394//1394 1393//1393
f 1543//1543 1393//1393 1542//1542
f 1532//1532 1392//1392 1394//1394
f 1543//1543 1532//1532 1394//1394
f 1544//1544 1532//1532 1543//1543
f 1532//1532 1545//1545 1534//1534
f 1532//1532 1544//1544 1545//1545
f 1534//1534 1546//1546 1536//1536
f 1534//1534 1545//1545 1546//1546
f 1537//1537 1536//1536 1547//1547
f 1536//1536 1548//1548 1547//1547
f 1536//1536 1546//1546 1548//1548
f 1550//1550 1549//1549 1548//1548
f 1548//1548 1549//1549 1547//1547
f 1550//1550 1551//1551 1549//1549
f 1554//1554 1553//1553 1552//1552
f 1554//1554 1552//1552 1539//1539
f 1552//1552 1538//1538 1539//1539
f 1552//1552 1555//1555 1538//1538
f 1538//1538 1556//1556 1541//1541
f 1538//1538 1555//1555 1556//1556
f 1541//1541 1557//1557 1542//1542
f 1541//1541 1556//1556 1557//1557
f 1542//1542 1558//1558 1543//1543
f 1542//1542 1557//1557 1558//1558
f 1543//1543 1559//1559 1544//1544
f 1543//1543 1558//1558 1559//1559
f 1544//1544 1560//1560 1545//1545
f 1544//1544 1559//1559 1560//1560
f 1545//1545 1561//1561 1546//1546
f 1545//1545 1560//1560 1561//1561
f 1546//1546 1562//1562 1548//1548
f 1546//1546 1561//1561 1562//1562
f 1548//1548 1563//1563 1550//1550
f 1548//1548 1562//1562 1563//1563
f 1551//1551 1550//1550 1564//1564
f 1564//1564 1550//1550 1563//1563
f 1552//1552 1553//1553 1565//1565
f 1565//1565 1553//1553 1566//1566
f 1552//1552 1567//1567 1555//1555
f 1552//1552 1565//1565 1567//1567
f 1555//1555 1568//1568 1556//1556
f 1555//1555 1567//1567 1568//1568
f 1556//1556 1569//1569 1557//1557
f 1556//1556 1568//1568 1569//1569
f 1557//1557 1570//1570 1558//1558
f 1557//1557 1569//1569 1570//1570
f 1558//1558 1571//1571 1559//1559
f 1558//1558 1570//1570 1571//1571
f 1559//1559 1572//1572 1560//1560
f 1559//1559 1571//1571 1572//1572
f 1560//1560 1573//1573 1561//1561
f 1560//1560 1572//1572 1573//1573
f 1561//1561 1574//1574 1562//1562
f 1561//1561 1573//1573 1574//1574
f 1562//1562 1575//1575 1563//1563
f 1562//1562 1574//1574 1575//1575
f 1564//1564 1563//1563 1576//1576
f 1563//1563 1577//1577 1576//1576
f 1563//1563 1575//1575 1577//1577
f 1579//1579 1578//1578 1577//1577
f 1577//1577 1578//1578 1576//1576
f 1579//1579 1580//1580 1578//1578
f 1565//1565 1566//1566 1581//1581
f 1581//1581 1566//1566 1582//1582
f 1565//1565 1583//1583 1567//1567
f 1565//1565 1581//1581 1583//1583
f 1567//1567 1584//1584 1568//1568
f 1567//1567 1583//1583 1584//1584
f 1568//1568 1585//1585 1569//1569
f 1568//1568 1584//1584 1585//1585
f 1569//1569 1586//1586 1570//1570
f 1569//1569 1585//1585 1586//1586
f 1570//1570 1587//1587 1571//1571
f 1570//1570 1586//1586 1587//1587
f 1571//1571 1588//1588 1572//1572
f 1571//1571 1587//1587 1588//1588
f 1572//1572 1589//1589 1573//1573
f 1572//1572 1588//1588 1589//1589
f 1591//1591 1574//1574 1590//1590
f 1574//1574 1589//1589 1590//1590
f 1574//1574 1573//1573 1589//1589
f 1574//1574 1591//1591 1575//1575
f 1575//1575 1591//1591 1592//1592
f 1575//1575 1592//1592 1577//1577
f 1577//1577 1592//1592 1593//1593
f 1595//1595 1594//1594 1593//1593
f 1594//1594 1577//1577 1593//1593
f 1594//1594 1579//1579 1577//1577
f 1580//1580 1579//1579 1596//1596
f 1596//1596 1579//1579 1594//1594
f 1582//1582 1597//1597 1581//1581
f 1581//1581 1597//1597 1583//1583
f 1583//1583 1597//1597 1598//1598
f 1600//1600 1599//1599 1598//1598
f 1599//1599 1583//1583 1598//1598
f 1599//1599 1584//1584 1583//1583
f 1599//1599 1396//1396 1397//1397
f 1585//1585 1599//1599 1397//1397
f 1584//1584 1599//1599 1585//1585
f 1585//1585 1397//1397 1398//1398
f 1585//1585 1398//1398 1586//1586
f 1586//1586 1398//1398 1400//1400
f 1586//1586 1400//1400 1587//1587
f 1587//1587 1400//1400 1402//1402
f 1601//1601 1587//1587 1402//1402
f 1588//1588 1587//1587 1601//1601
f 1588//1588 1602//1602 1589//1589
f 1588//1588 1601//1601 1602//1602
f 1590//1590 1589//1589 1603//1603
f 1603//1603 1589//1589 1602//1602
f 1594//1594 1595//1595 1604//1604
f 1604//1604 1595//1595 1605//1605
f 1596//1596 1594//1594 1606//1606
f 1606//1606 1594//1594 1604//1604
f 1600//1600 1607//1607 1599//1599
f 1607//1607 1609//1609 1608//1608
f 1607//1607 1608//1608 1403//1403
f 1599//1599 1607//1607 1403//1403
f 1396//1396 1599//1599 1403//1403
f 1610//1610 1404//1404 1403//1403
f 1610//1610 1403//1403 1608//1608
f 1610//1610 1406//1406 1404//1404
f 1407//1407 1611//1611 1601//1601
f 1407//1407 1601//1601 1402//1402
f 1601//1601 1612//1612 1602//1602
f 1601//1601 1611//1611 1612//1612
f 1603//1603 1602//1602 1613//1613
f 1613//1613 1602//1602 1612//1612
f 1604//1604 1605//1605 1614//1614
f 1614//1614 1605//1605 1615//1615
f 1606//1606 1604//1604 1616//1616
f 1616//1616 1604//1604 1614//1614
f 1609//1609 1617//1617 1608//1608
f 1608//1608 1617//1617 1610//1610
f 1610//1610 1617//1617 1618//1618
f 1618//1618 1620//1620 1619//1619
f 1618//1618 1619//1619 1408//1408
f 1610//1610 1618//1618 1408//1408
f 1406//1406 1610//1610 1408//1408
f 1619//1619 1621//1621 1408//1408
f 1408//1408 1621//1621 1407//1407
f 1621//1621 1622//1622 1407//1407
f 1622//1622 1611//1611 1407//1407
f 1611//1611 1622//1622 1612//1612
f 1612//1612 1622//1622 1623//1623
f 1612//1612 1623//1623 1613//1613
f 1626//1626 1625//1625 1624//1624
f 1628//1628 1627//1627 1624//1624
f 1624//1624 1627//1627 1626//1626
f 1627//1627 1628//1628 1615//1615
f 1628//1628 1614//1614 1615//1615
f 1628//1628 1629//1629 1614//1614
f 1616//1616 1614//1614 1630//1630
f 1614//1614 1631//1631 1630//1630
f 1614//1614 1629//1629 1631//1631
f 1633//1633 1632//1632 1631//1631
f 1631//1631 1632//1632 1630//1630
f 1635//1635 1634//1634 1633//1633
f 1633//1633 1634//1634 1632//1632
f 1637//1637 1636//1636 1635//1635
f 1635//1635 1636//1636 1634//1634
f 1639//1639 1638//1638 1637//1637
f 1637//1637 1638//1638 1636//1636
f 1641//1641 1640//1640 1639//1639
f 1639//1639 1640//1640 1638//1638
f 1641//1641 1642//1642 1640//1640
f 1619//1619 1620//1620 1643//1643
f 1643//1643 1620//1620 1644//1644
f 1621//1621 1619//1619 1645//1645
f 1645//1645 1619//1619 1643//1643
f 1624//1624 1625//1625 1646//1646
f 1646//1646 1625//1625 1647//1647
f 1646//1646 1410//1410 1411//1411
f 1628//1628 1646//1646 1411//1411
f 1624//1624 1646//1646 1628//1628
f 1628//1628 1411//1411 1412//1412
f 1628//1628 1412//1412 1629//1629
f 1629//1629 1412//1412 1414//1414
f 1648//1648 1629//1629 1414//1414
f 1631//1631 1629//1629 1648//1648
f 1631//1631 1649//1649 1633//1633
f 1631//1631 1648//1648 1649//1649
f 1633//1633 1650//1650 1635//1635
f 1633//1633 1649//1649 1650//1650
f 1650//1650 1416//1416 1417//1417
f 1637//1637 1650//1650 1417//1417
f 1635//1635 1650//1650 1637//1637
f 1637//1637 1417//1417 1418//1418
f 1637//1637 1418//1418 1639//1639
f 1639//1639 1418//1418 1420//1420
f 1639//1639 1420//1420 1641//1641
f 1652//1652 1651//1651 1422//1422
f 1422//1422 1651//1651 1420//1420
f 1651//1651 1642//1642 1420//1420
f 1642//1642 1641//1641 1420//1420
f 1652//1652 1653//1653 1651//1651
f 1643//1643 1644//1644 1654//1654
f 1654//1654 1644//1644 1655//1655
f 1645//1645 1643//1643 1656//1656
f 1656//1656 1643//1643 1654//1654
f 1646//1646 1647//1647 1657//1657
f 1657//1657 1647//1647 1658//1658
f 1657//1657 1424//1424 1410//1410
f 1657//1657 1410//1410 1646//1646
f 1426//1426 1648//1648 1414//1414
f 1648//1648 1426//1426 1428//1428
f 1648//1648 1428//1428 1649//1649
f 1649//1649 1428//1428 1430//1430
f 1649//1649 1430//1430 1650//1650
f 1650//1650 1430//1430 1416//1416
f 1435//1435 1652//1652 1422//1422
f 1660//1660 1659//1659 1437//1437
f 1437//1437 1659//1659 1435//1435
f 1659//1659 1653//1653 1435//1435
f 1653//1653 1652//1652 1435//1435
f 1660//1660 1661//1661 1659//1659
f 1654//1654 1655//1655 1662//1662
f 1662//1662 1655//1655 1663//1663
f 1656//1656 1654//1654 1664//1664
f 1664//1664 1654//1654 1662//1662
f 1657//1657 1658//1658 1665//1665
f 1665//1665 1658//1658 1666//1666
f 1665//1665 1439//1439 1424//1424
f 1665//1665 1424//1424 1657//1657
f 1447//1447 1667//1667 1448//1448
f 1667//1667 1668//1668 1448//1448
f 1448//1448 1668//1668 1437//1437
f 1668//1668 1669//1669 1437//1437
f 1669//1669 1660//1660 1437//1437
f 1660//1660 1669//1669 1661//1661
f 1672//1672 1671//1671 1670//1670
f 1672//1672 1670//1670 1663//1663
f 1663//1663 1670//1670 1662//1662
f 1670//1670 1450//1450 1662//1662
f 1450//1450 1451//1451 1662//1662
f 1674//1674 1673//1673 1452//1452
f 1452//1452 1673//1673 1451//1451
f 1673//1673 1664//1664 1451//1451
f 1664//1664 1662//1662 1451//1451
f 1676//1676 1675//1675 1674//1674
f 1674//1674 1675//1675 1673//1673
f 1678//1678 1677//1677 1676//1676
f 1676//1676 1677//1677 1675//1675
f 1677//1677 1678//1678 1666//1666
f 1666//1666 1678//1678 1665//1665
f 1678//1678 1454//1454 1665//1665
f 1454//1454 1455//1455 1665//1665
f 1665//1665 1455//1455 1439//1439
f 1461//1461 1679//1679 1462//1462
f 1680//1680 1463//1463 1462//1462
f 1680//1680 1462//1462 1679//1679
f 1680//1680 1681//1681 1463//1463
f 1463//1463 1681//1681 1447//1447
f 1681//1681 1682//1682 1447//1447
f 1682//1682 1667//1667 1447//1447
f 1667//1667 1682//1682 1668//1668
f 1670//1670 1671//1671 1683//1683
f 1683//1683 1671//1671 1684//1684
f 1683//1683 1465//1465 1450//1450
f 1683//1683 1450//1450 1670//1670
f 1466//1466 1674//1674 1452//1452
f 1674//1674 1466//1466 1468//1468
f 1674//1674 1468//1468 1676//1676
f 1676//1676 1468//1468 1470//1470
f 1676//1676 1470//1470 1678//1678
f 1678//1678 1470//1470 1454//1454
f 1476//1476 1685//1685 1477//1477
f 1686//1686 1478//1478 1477//1477
f 1686//1686 1477//1477 1685//1685
f 1686//1686 1687//1687 1478//1478
f 1478//1478 1687//1687 1461//1461
f 1687//1687 1688//1688 1461//1461
f 1688//1688 1679//1679 1461//1461
f 1679//1679 1688//1688 1680//1680
f 1680//1680 1688//1688 1689//1689
f 1680//1680 1689//1689 1681//1681
f 1683//1683 1684//1684 1690//1690
f 1690//1690 1684//1684 1691//1691
f 1690//1690 1480//1480 1465//1465
f 1690//1690 1465//1465 1683//1683
f 1488//1488 1692//1692 1685//1685
f 1488//1488 1685//1685 1476//1476
f 1685//1685 1693//1693 1686//1686
f 1685//1685 1692//1692 1693//1693
f 1687//1687 1686//1686 1694//1694
f 1694//1694 1686//1686 1693//1693
f 1691//1691 1695//1695 1690//1690
f 1695//1695 1697//1697 1696//1696
f 1695//1695 1696//1696 1489//1489
f 1690//1690 1695//1695 1489//1489
f 1480//1480 1690//1690 1489//1489
f 1698//1698 1490//1490 1489//1489
f 1698//1698 1489//1489 1696//1696
f 1699//1699 1491//1491 1490//1490
f 1699//1699 1490//1490 1698//1698
f 1699//1699 1493//1493 1491//1491
f 1498//1498 1700//1700 1692//1692
f 1498//1498 1692//1692 1488//1488
f 1692//1692 1701//1701 1693//1693
f 1692//1692 1700//1700 1701//1701
f 1694//1694 1693//1693 1702//1702
f 1702//1702 1693//1693 1701//1701
f 1696//1696 1697//1697 1703//1703
f 1703//1703 1697//1697 1704//1704
f 1696//1696 1705//1705 1698//1698
f 1696//1696 1703//1703 1705//1705
f 1698//1698 1706//1706 1699//1699
f 1698//1698 1705//1705 1706//1706
f 1706//1706 1500//1500 1493//1493
f 1706//1706 1493//1493 1699//1699
f 1504//1504 1700//1700 1498//1498
f 1700//1700 1504//1504 1506//1506
f 1707//1707 1700//1700 1506//1506
f 1701//1701 1700//1700 1707//1707
f 1702//1702 1701//1701 1708//1708
f 1708//1708 1701//1701 1707//1707
f 1703//1703 1704//1704 1709//1709
f 1709//1709 1704//1704 1710//1710
f 1703//1703 1711//1711 1705//1705
f 1703//1703 1709//1709 1711//1711
f 1705//1705 1712//1712 1706//1706
f 1705//1705 1711//1711 1712//1712
f 1712//1712 1508//1508 1500//1500
f 1712//1712 1500//1500 1706//1706
f 1510//1510 1713//1713 1511//1511
f 1714//1714 1512//1512 1511//1511
f 1714//1714 1511//1511 1713//1713
f 1715//1715 1513//1513 1512//1512
f 1715//1715 1512//1512 1714//1714
f 1715//1715 1716//1716 1513//1513
f 1513//1513 1716//1716 1506//1506
f 1716//1716 1717//1717 1506//1506
f 1717//1717 1707//1707 1506//1506
f 1707//1707 1717//1717 1708//1708
f 1710//1710 1718//1718 1709//1709
f 1709//1709 1718//1718 1711//1711
f 1711//1711 1718//1718 1719//1719
f 1711//1711 1719//1719 1712//1712
f 1712//1712 1719//1719 1720//1720
f 1720//1720 1722//1722 1721//1721
f 1720//1720 1721//1721 1514//1514
f 1712//1712 1720//1720 1514//1514
f 1508//1508 1712//1712 1514//1514
f 1721//1721 1516//1516 1514//1514
f 1518//1518 1723//1723 1519//1519
f 1723//1723 1724//1724 1519//1519
f 1519//1519 1724//1724 1510//1510
f 1724//1724 1725//1725 1510//1510
f 1725//1725 1713//1713 1510//1510
f 1713//1713 1725//1725 1714//1714
f 1714//1714 1725//1725 1726//1726
f 1714//1714 1726//1726 1715//1715
f 1715//1715 1726//1726 1727//1727
f 1715//1715 1727//1727 1716//1716
f 1722//1722 1728//1728 1721//1721
f 1728//1728 1730//1730 1729//1729
f 1728//1728 1729//1729 1520//1520
f 1721//1721 1728//1728 1520//1520
f 1516//1516 1721//1721 1520//1520
f 1731//1731 1521//1521 1520//1520
f 1731//1731 1520//1520 1729//1729
f 1731//1731 1732//1732 1521//1521
f 1521//1521 1732//1732 1518//1518
f 1732//1732 1733//1733 1518//1518
f 1733//1733 1723//1723 1518//1518
f 1723//1723 1733//1733 1724//1724
f 1730//1730 1734//1734 1729//1729
f 1729//1729 1734//1734 1731//1731
f 1731//1731 1734//1734 1735//1735
f 1731//1731 1735//1735 1732//1732
f 1738//1738 1737//1737 1736//1736
f 1740//1740 1739//1739 1736//1736
f 1736//1736 1739//1739 1738//1738
f 1740//1740 1741//1741 1739//1739
f 1744//1744 1743//1743 1742//1742
f 1744//1744 1742//1742 1737//1737
f 1737//1737 1742//1742 1736//1736
f 1742//1742 1523//1523 1736//1736
f 1523//1523 1524//1524 1736//1736
f 1736//1736 1524//1524 1525//1525
f 1736//1736 1525//1525 1740//1740
f 1746//1746 1745//1745 1527//1527
f 1527//1527 1745//1745 1525//1525
f 1745//1745 1741//1741 1525//1525
f 1741//1741 1740//1740 1525//1525
f 1748//1748 1747//1747 1746//1746
f 1746//1746 1747//1747 1745//1745
f 1750//1750 1749//1749 1748//1748
f 1748//1748 1749//1749 1747//1747
f 1750//1750 1751//1751 1749//1749
f 1754//1754 1753//1753 1752//1752
f 1754//1754 1752//1752 1743//1743
f 1743//1743 1752//1752 1742//1742
f 1752//1752 1529//1529 1742//1742
f 1529//1529 1530//1530 1742//1742
f 1742//1742 1530//1530 1523//1523
f 1531//1531 1746//1746 1527//1527
f 1746//1746 1531//1531 1533//1533
f 1746//1746 1533//1533 1748//1748
f 1748//1748 1533//1533 1535//1535
f 1748//1748 1535//1535 1750//1750
f 1756//1756 1755//1755 1537//1537
f 1537//1537 1755//1755 1535//1535
f 1755//1755 1751//1751 1535//1535
f 1751//1751 1750//1750 1535//1535
f 1758//1758 1757//1757 1756//1756
f 1756//1756 1757//1757 1755//1755
f 1758//1758 1759//1759 1757//1757
f 1762//1762 1761//1761 1760//1760
f 1762//1762 1760//1760 1753//1753
f 1753//1753 1760//1760 1752//1752
f 1760//1760 1539//1539 1752//1752
f 1539//1539 1540//1540 1752//1752
f 1752//1752 1540//1540 1529//1529
f 1547//1547 1756//1756 1537//1537
f 1756//1756 1547//1547 1549//1549
f 1756//1756 1549//1549 1758//1758
f 1764//1764 1763//1763 1551//1551
f 1551//1551 1763//1763 1549//1549
f 1763//1763 1759//1759 1549//1549
f 1759//1759 1758//1758 1549//1549
f 1764//1764 1765//1765 1763//1763
f 1768//1768 1767//1767 1766//1766
f 1768//1768 1766//1766 1761//1761
f 1761//1761 1766//1766 1760//1760
f 1766//1766 1553//1553 1760//1760
f 1553//1553 1554//1554 1760//1760
f 1760//1760 1554//1554 1539//1539
f 1564//1564 1769//1769 1764//1764
f 1564//1564 1764//1764 1551//1551
f 1765//1765 1764//1764 1770//1770
f 1764//1764 1771//1771 1770//1770
f 1764//1764 1769//1769 1771//1771
f 1771//1771 1772//1772 1770//1770
f 1766//1766 1767//1767 1773//1773
f 1773//1773 1767//1767 1774//1774
f 1773//1773 1566//1566 1553//1553
f 1773//1773 1553//1553 1766//1766
f 1576//1576 1769//1769 1564//1564
f 1769//1769 1576//1576 1578//1578
f 1769//1769 1578//1578 1771//1771
f 1776//1776 1775//1775 1580//1580
f 1580//1580 1775//1775 1578//1578
f 1775//1775 1772//1772 1578//1578
f 1772//1772 1771//1771 1578//1578
f 1776//1776 1777//1777 1775//1775
f 1773//1773 1774//1774 1778//1778
f 1778//1778 1774//1774 1779//1779
f 1778//1778 1582//1582 1566//1566
f 1778//1778 1566//1566 1773//1773
f 1590//1590 1780//1780 1591//1591
f 1781//1781 1592//1592 1591//1591
f 1781//1781 1591//1591 1780//1780
f 1782//1782 1593//1593 1592//1592
f 1782//1782 1592//1592 1781//1781
f 1782//1782 1595//1595 1593//1593
f 1596//1596 1783//1783 1776//1776
f 1596//1596 1776//1776 1580//1580
f 1777//1777 1776//1776 1784//1784
f 1784//1784 1776//1776 1783//1783
f 1779//1779 1785//1785 1778//1778
f 1785//1785 1787//1787 1786//1786
f 1785//1785 1786//1786 1597//1597
f 1778//1778 1785//1785 1597//1597
f 1582//1582 1778//1778 1597//1597
f 1788//1788 1598//1598 1597//1597
f 1788//1788 1597//1597 1786//1786
f 1788//1788 1600//1600 1598//1598
f 1603//1603 1789//1789 1780//1780
f 1603//1603 1780//1780 1590//1590
f 1780//1780 1790//1790 1781//1781
f 1780//1780 1789//1789 1790//1790
f 1781//1781 1791//1791 1782//1782
f 1781//1781 1790//1790 1791//1791
f 1791//1791 1605//1605 1595//1595
f 1791//1791 1595//1595 1782//1782
f 1606//1606 1792//1792 1783//1783
f 1606//1606 1783//1783 1596//1596
f 1784//1784 1783//1783 1793//1793
f 1793//1793 1783//1783 1792//1792
f 1787//1787 1794//1794 1786//1786
f 1786//1786 1794//1794 1788//1788
f 1788//1788 1794//1794 1795//1795
f 1795//1795 1797//1797 1796//1796
f 1795//1795 1796//1796 1607//1607
f 1788//1788 1795//1795 1607//1607
f 1600//1600 1788//1788 1607//1607
f 1796//1796 1609//1609 1607//1607
f 1613//1613 1798//1798 1789//1789
f 1613//1613 1789//1789 1603//1603
f 1789//1789 1799//1799 1790//1790
f 1789//1789 1798//1798 1799//1799
f 1790//1790 1800//1800 1791//1791
f 1790//1790 1799//1799 1800//1800
f 1800//1800 1615//1615 1605//1605
f 1800//1800 1605//1605 1791//1791
f 1616//1616 1801//1801 1792//1792
f 1616//1616 1792//1792 1606//1606
f 1793//1793 1792//1792 1802//1802
f 1792//1792 1803//1803 1802//1802
f 1792//1792 1801//1801 1803//1803
f 1805//1805 1804//1804 1803//1803
f 1803//1803 1804//1804 1802//1802
f 1807//1807 1806//1806 1805//1805
f 1805//1805 1806//1806 1804//1804
f 1809//1809 1808//1808 1807//1807
f 1807//1807 1808//1808 1806//1806
f 1811//1811 1810//1810 1809//1809
f 1809//1809 1810//1810 1808//1808
f 1811//1811 1812//1812 1810//1810
f 1797//1797 1813//1813 1796//1796
f 1813//1813 1815//1815 1814//1814
f 1813//1813 1814//1814 1617//1617
f 1796//1796 1813//1813 1617//1617
f 1609//1609 1796//1796 1617//1617
f 1816//1816 1618//1618 1617//1617
f 1816//1816 1617//1617 1814//1814
f 1816//1816 1620//1620 1618//1618
f 1621//1621 1817//1817 1622//1622
f 1818//1818 1623//1623 1622//1622
f 1818//1818 1622//1622 1817//1817
f 1798//1798 1613//1613 1623//1623
f 1818//1818 1798//1798 1623//1623
f 1819//1819 1798//1798 1818//1818
f 1819//1819 1625//1625 1626//1626
f 1799//1799 1819//1819 1626//1626
f 1798//1798 1819//1819 1799//1799
f 1799//1799 1626//1626 1627//1627
f 1799//1799 1627//1627 1800//1800
f 1800//1800 1627//1627 1615//1615
f 1630//1630 1801//1801 1616//1616
f 1801//1801 1630//1630 1632//1632
f 1801//1801 1632//1632 1803//1803
f 1803//1803 1632//1632 1634//1634
f 1803//1803 1634//1634 1805//1805
f 1805//1805 1634//1634 1636//1636
f 1805//1805 1636//1636 1807//1807
f 1807//1807 1636//1636 1638//1638
f 1807//1807 1638//1638 1809//1809
f 1809//1809 1638//1638 1640//1640
f 1809//1809 1640//1640 1811//1811
f 1821//1821 1820//1820 1642//1642
f 1642//1642 1820//1820 1640//1640
f 1820//1820 1812//1812 1640//1640
f 1812//1812 1811//1811 1640//1640
f 1821//1821 1822//1822 1820//1820
f 1815//1815 1823//1823 1814//1814
f 1825//1825 1824//1824 1823//1823
f 1824//1824 1814//1814 1823//1823
f 1824//1824 1816//1816 1814//1814
f 1824//1824 1644//1644 1620//1620
f 1824//1824 1620//1620 1816//1816
f 1645//1645 1826//1826 1817//1817
f 1645//1645 1817//1817 1621//1621
f 1817//1817 1827//1827 1818//1818
f 1817//1817 1826//1826 1827//1827
f 1818//1818 1828//1828 1819//1819
f 1818//1818 1827//1827 1828//1828
f 1828//1828 1647//1647 1625//1625
f 1828//1828 1625//1625 1819//1819
f 1651//1651 1821//1821 1642//1642
f 1830//1830 1829//1829 1653//1653
f 1653//1653 1829//1829 1651//1651
f 1829//1829 1822//1822 1651//1651
f 1822//1822 1821//1821 1651//1651
f 1830//1830 1831//1831 1829//1829
f 1824//1824 1825//1825 1832//1832
f 1832//1832 1825//1825 1833//1833
f 1832//1832 1655//1655 1644//1644
f 1832//1832 1644//1644 1824//1824
f 1656//1656 1834//1834 1826//1826
f 1656//1656 1826//1826 1645//1645
f 1826//1826 1835//1835 1827//1827
f 1826//1826 1834//1834 1835//1835
f 1827//1827 1836//1836 1828//1828
f 1827//1827 1835//1835 1836//1836
f 1836//1836 1658//1658 1647//1647
f 1836//1836 1647//1647 1828//1828
f 1659//1659 1830//1830 1653//1653
f 1838//1838 1837//1837 1661//1661
f 1661//1661 1837//1837 1659//1659
f 1837//1837 1831//1831 1659//1659
f 1831//1831 1830//1830 1659//1659
f 1838//1838 1839//1839 1837//1837
f 1832//1832 1833//1833 1840//1840
f 1840//1840 1833//1833 1841//1841
f 1840//1840 1663//1663 1655//1655
f 1840//1840 1655//1655 1832//1832
f 1664//1664 1842//1842 1834//1834
f 1664//1664 1834//1834 1656//1656
f 1834//1834 1843//1843 1835//1835
f 1834//1834 1842//1842 1843//1843
f 1835//1835 1844//1844 1836//1836
f 1835//1835 1843//1843 1844//1844
f 1844//1844 1666//1666 1658//1658
f 1844//1844 1658//1658 1836//1836
f 1668//1668 1845//1845 1669//1669
f 1845//1845 1846//1846 1669//1669
f 1669//1669 1846//1846 1661//1661
f 1846//1846 1847//1847 1661//1661
f 1847//1847 1838//1838 1661//1661
f 1838//1838 1847//1847 1839//1839
f 1850//1850 1849//1849 1848//1848
f 1850//1850 1848//1848 1841//1841
f 1841//1841 1848//1848 1840//1840
f 1848//1848 1671//1671 1840//1840
f 1671//1671 1672//1672 1840//1840
f 1840//1840 1672//1672 1663//1663
f 1673//1673 1842//1842 1664//1664
f 1842//1842 1673//1673 1675//1675
f 1842//1842 1675//1675 1843//1843
f 1843//1843 1675//1675 1677//1677
f 1843//1843 1677//1677 1844//1844
f 1844//1844 1677//1677 1666//1666
f 1681//1681 1851//1851 1682//1682
f 1851//1851 1852//1852 1682//1682
f 1682//1682 1852//1852 1668//1668
f 1852//1852 1853//1853 1668//1668
f 1853//1853 1845//1845 1668//1668
f 1845//1845 1853//1853 1846//1846
f 1848//1848 1849//1849 1854//1854
f 1854//1854 1849//1849 1855//1855
f 1854//1854 1684//1684 1671//1671
f 1854//1854 1671//1671 1848//1848
f 1687//1687 1856//1856 1688//1688
f 1857//1857 1689//1689 1688//1688
f 1857//1857 1688//1688 1856//1856
f 1857//1857 1858//1858 1689//1689
f 1689//1689 1858//1858 1681//1681
f 1858//1858 1859//1859 1681//1681
f 1859//1859 1851//1851 1681//1681
f 1851//1851 1859//1859 1852//1852
f 1854//1854 1855//1855 1860//1860
f 1860//1860 1855//1855 1861//1861
f 1860//1860 1691//1691 1684//1684
f 1860//1860 1684//1684 1854//1854
f 1694//1694 1862//1862 1856//1856
f 1694//1694 1856//1856 1687//1687
f 1864//1864 1857//1857 1863//1863
f 1857//1857 1862//1862 1863//1863
f 1857//1857 1856//1856 1862//1862
f 1857//1857 1864//1864 1858//1858
f 1861//1861 1865//1865 1860//1860
f 1865//1865 1867//1867 1866//1866
f 1865//1865 1866//1866 1695//1695
f 1860//1860 1865//1865 1695//1695
f 1691//1691 1860//1860 1695//1695
f 1866//1866 1697//1697 1695//1695
f 1702//1702 1868//1868 1862//1862
f 1702//1702 1862//1862 1694//1694
f 1863//1863 1862//1862 1869//1869
f 1869//1869 1862//1862 1868//1868
f 1866//1866 1867//1867 1870//1870
f 1870//1870 1867//1867 1871//1871
f 1870//1870 1704//1704 1697//1697
f 1870//1870 1697//1697 1866//1866
f 1708//1708 1872//1872 1868//1868
f 1708//1708 1868//1868 1702//1702
f 1869//1869 1868//1868 1873//1873
f 1873//1873 1868//1868 1872//1872
f 1870//1870 1871//1871 1874//1874
f 1874//1874 1871//1871 1875//1875
f 1874//1874 1710//1710 1704//1704
f 1874//1874 1704//1704 1870//1870
f 1716//1716 1876//1876 1717//1717
f 1876//1876 1877//1877 1717//1717
f 1717//1717 1877//1877 1708//1708
f 1877//1877 1878//1878 1708//1708
f 1878//1878 1872//1872 1708//1708
f 1872//1872 1878//1878 1873//1873
f 1875//1875 1879//1879 1874//1874
f 1879//1879 1881//1881 1880//1880
f 1879//1879 1880//1880 1718//1718
f 1874//1874 1879//1879 1718//1718
f 1710//1710 1874//1874 1718//1718
f 1882//1882 1719//1719 1718//1718
f 1882//1882 1718//1718 1880//1880
f 1883//1883 1720//1720 1719//1719
f 1883//1883 1719//1719 1882//1882
f 1883//1883 1722//1722 1720//1720
f 1724//1724 1884//1884 1725//1725
f 1885//1885 1726//1726 1725//1725
f 1885//1885 1725//1725 1884//1884
f 1886//1886 1727//1727 1726//1726
f 1886//1886 1726//1726 1885//1885
f 1886//1886 1887//1887 1727//1727
f 1727//1727 1887//1887 1716//1716
f 1887//1887 1888//1888 1716//1716
f 1888//1888 1876//1876 1716//1716
f 1876//1876 1888//1888 1877//1877
f 1881//1881 1889//1889 1880//1880
f 1880//1880 1889//1889 1882//1882
f 1882//1882 1889//1889 1890//1890
f 1882//1882 1890//1890 1883//1883
f 1883//1883 1890//1890 1891//1891
f 1883//1883 1891//1891 1722//1722
f 1891//1891 1728//1728 1722//1722
f 1891//1891 1892//1892 1728//1728
f 1894//1894 1893//1893 1730//1730
f 1728//1728 1894//1894 1730//1730
f 1892//1892 1894//1894 1728//1728
f 1895//1895 1893//1893 1894//1894
f 1732//1732 1896//1896 1733//1733
f 1896//1896 1897//1897 1733//1733
f 1733//1733 1897//1897 1724//1724
f 1897//1897 1898//1898 1724//1724
f 1898//1898 1884//1884 1724//1724
f 1884//1884 1898//1898 1885//1885
f 1885//1885 1898//1898 1899//1899
f 1885//1885 1899//1899 1886//1886
f 1886//1886 1899//1899 1900//1900
f 1886//1886 1900//1900 1887//1887
f 1893//1893 1734//1734 1730//1730
f 1895//1895 1901//1901 1893//1893
f 1901//1901 1734//1734 1893//1893
f 1901//1901 1735//1735 1734//1734
f 1732//1732 1735//1735 1896//1896
f 1735//1735 1902//1902 1896//1896
f 1735//1735 1901//1901 1902//1902
f 1896//1896 1902//1902 1897//1897
f 1904//1904 1903//1903 1738//1738
f 1738//1738 1903//1903 1737//1737
f 1905//1905 1738//1738 1739//1739
f 1905//1905 1904//1904 1738//1738
f 1907//1907 1906//1906 1741//1741
f 1906//1906 1739//1739 1741//1741
f 1906//1906 1905//1905 1739//1739
f 1909//1909 1908//1908 1907//1907
f 1907//1907 1908//1908 1906//1906
f 1911//1911 1910//1910 1909//1909
f 1909//1909 1910//1910 1908//1908
f 1911//1911 1912//1912 1910//1910
f 1915//1915 1914//1914 1913//1913
f 1743//1743 1744//1744 1913//1913
f 1744//1744 1915//1915 1913//1913
f 1744//1744 1916//1916 1915//1915
f 1744//1744 1737//1737 1903//1903
f 1744//1744 1903//1903 1916//1916
f 1745//1745 1907//1907 1741//1741
f 1907//1907 1745//1745 1747//1747
f 1907//1907 1747//1747 1909//1909
f 1909//1909 1747//1747 1749//1749
f 1909//1909 1749//1749 1911//1911
f 1918//1918 1917//1917 1751//1751
f 1751//1751 1917//1917 1749//1749
f 1917//1917 1912//1912 1749//1749
f 1912//1912 1911//1911 1749//1749
f 1920//1920 1919//1919 1918//1918
f 1918//1918 1919//1919 1917//1917
f 1920//1920 1921//1921 1919//1919
f 1924//1924 1923//1923 1922//1922
f 1924//1924 1922//1922 1914//1914
f 1914//1914 1922//1922 1913//1913
f 1922//1922 1753//1753 1913//1913
f 1753//1753 1754//1754 1913//1913
f 1913//1913 1754//1754 1743//1743
f 1755//1755 1918//1918 1751//1751
f 1918//1918 1755//1755 1757//1757
f 1918//1918 1757//1757 1920//1920
f 1926//1926 1925//1925 1759//1759
f 1759//1759 1925//1925 1757//1757
f 1925//1925 1921//1921 1757//1757
f 1921//1921 1920//1920 1757//1757
f 1926//1926 1927//1927 1925//1925
f 1930//1930 1929//1929 1928//1928
f 1930//1930 1928//1928 1923//1923
f 1923//1923 1928//1928 1922//1922
f 1928//1928 1761//1761 1922//1922
f 1761//1761 1762//1762 1922//1922
f 1922//1922 1762//1762 1753//1753
f 1763//1763 1926//1926 1759//1759
f 1932//1932 1931//1931 1765//1765
f 1765//1765 1931//1931 1763//1763
f 1931//1931 1927//1927 1763//1763
f 1927//1927 1926//1926 1763//1763
f 1932//1932 1933//1933 1931//1931
f 1936//1936 1935//1935 1934//1934
f 1936//1936 1934//1934 1929//1929
f 1929//1929 1934//1934 1928//1928
f 1934//1934 1767//1767 1928//1928
f 1767//1767 1768//1768 1928//1928
f 1928//1928 1768//1768 1761//1761
f 1770//1770 1932//1932 1765//1765
f 1938//1938 1937//1937 1772//1772
f 1772//1772 1937//1937 1770//1770
f 1937//1937 1933//1933 1770//1770
f 1933//1933 1932//1932 1770//1770
f 1938//1938 1939//1939 1937//1937
f 1934//1934 1935//1935 1940//1940
f 1940//1940 1935//1935 1941//1941
f 1940//1940 1774//1774 1767//1767
f 1940//1940 1767//1767 1934//1934
f 1775//1775 1938//1938 1772//1772
f 1943//1943 1942//1942 1777//1777
f 1777//1777 1942//1942 1775//1775
f 1942//1942 1939//1939 1775//1775
f 1939//1939 1938//1938 1775//1775
f 1943//1943 1944//1944 1942//1942
f 1940//1940 1941//1941 1945//1945
f 1945//1945 1941//1941 1946//1946
f 1945//1945 1779//1779 1774//1774
f 1945//1945 1774//1774 1940//1940
f 1784//1784 1947//1947 1943//1943
f 1784//1784 1943//1943 1777//1777
f 1944//1944 1943//1943 1948//1948
f 1948//1948 1943//1943 1947//1947
f 1946//1946 1949//1949 1945//1945
f 1949//1949 1951//1951 1950//1950
f 1949//1949 1950//1950 1785//1785
f 1945//1945 1949//1949 1785//1785
f 1779//1779 1945//1945 1785//1785
f 1950//1950 1787//1787 1785//1785
f 1793//1793 1952//1952 1947//1947
f 1793//1793 1947//1947 1784//1784
f 1948//1948 1947//1947 1953//1953
f 1947//1947 1954//1954 1953//1953
f 1947//1947 1952//1952 1954//1954
f 1954//1954 1955//1955 1953//1953
f 1951//1951 1956//1956 1950//1950
f 1956//1956 1958//1958 1957//1957
f 1956//1956 1957//1957 1794//1794
f 1950//1950 1956//1956 1794//1794
f 1787//1787 1950//1950 1794//1794
f 1959//1959 1795//1795 1794//1794
f 1959//1959 1794//1794 1957//1957
f 1959//1959 1797//1797 1795//1795
f 1802//1802 1952//1952 1793//1793
f 1952//1952 1802//1802 1804//1804
f 1952//1952 1804//1804 1954//1954
f 1960//1960 1955//1955 1954//1954
f 1804//1804 1960//1960 1954//1954
f 1806//1806 1960//1960 1804//1804
f 1961//1961 1806//1806 1808//1808
f 1961//1961 1960//1960 1806//1806
f 1962//1962 1808//1808 1810//1810
f 1962//1962 1961//1961 1808//1808
f 1810//1810 1812//1812 1962//1962
f 1962//1962 1812//1812 1963//1963
f 1958//1958 1964//1964 1957//1957
f 1957//1957 1964//1964 1959//1959
f 1959//1959 1964//1964 1965//1965
f 1959//1959 1965//1965 1797//1797
f 1965//1965 1813//1813 1797//1797
f 1965//1965 1966//1966 1813//1813
f 1815//1815 1813//1813 1966//1966
f 1815//1815 1966//1966 1967//1967
f 1968//1968 1963//1963 1812//1812
f 1968//1968 1812//1812 1820//1820
f 1820//1820 1822//1822 1968//1968
f 1968//1968 1822//1822 1969//1969
f 1967//1967 1970//1970 1815//1815
f 1815//1815 1970//1970 1823//1823
f 1825//1825 1823//1823 1970//1970
f 1825//1825 1970//1970 1971//1971
f 1972//1972 1969//1969 1822//1822
f 1972//1972 1822//1822 1829//1829
f 1829//1829 1831//1831 1972//1972
f 1972//1972 1831//1831 1973//1973
f 1971//1971 1833//1833 1825//1825
f 1974//1974 1833//1833 1971//1971
f 1831//1831 1837//1837 1975//1975
f 1976//1976 1831//1831 1975//1975
f 1973//1973 1831//1831 1976//1976
f 1839//1839 1975//1975 1837//1837
f 1974//1974 1841//1841 1833//1833
f 1977//1977 1841//1841 1974//1974
f 1976//1976 1975//1975 1847//1847
f 1846//1846 1976//1976 1847//1847
f 1978//1978 1976//1976 1846//1846
f 1847//1847 1975//1975 1839//1839
f 1980//1980 1979//1979 1850//1850
f 1850//1850 1979//1979 1849//1849
f 1850//1850 1841//1841 1977//1977
f 1850//1850 1977//1977 1980//1980
f 1852//1852 1981//1981 1853//1853
f 1981//1981 1982//1982 1853//1853
f 1982//1982 1846//1846 1853//1853
f 1982//1982 1978//1978 1846//1846
f 1979//1979 1855//1855 1849//1849
f 1983//1983 1855//1855 1979//1979
f 1858//1858 1984//1984 1859//1859
f 1984//1984 1985//1985 1859//1859
f 1859//1859 1985//1985 1852//1852
f 1985//1985 1986//1986 1852//1852
f 1986//1986 1981//1981 1852//1852
f 1981//1981 1986//1986 1982//1982
f 1983//1983 1861//1861 1855//1855
f 1987//1987 1861//1861 1983//1983
f 1863//1863 1988//1988 1864//1864
f 1988//1988 1989//1989 1864//1864
f 1864//1864 1989//1989 1858//1858
f 1989//1989 1990//1990 1858//1858
f 1990//1990 1984//1984 1858//1858
f 1984//1984 1990//1990 1985//1985
f 1865//1865 1861//1861 1991//1991
f 1861//1861 1992//1992 1991//1991
f 1861//1861 1987//1987 1992//1992
f 1991//1991 1867//1867 1865//1865
f 1995//1995 1994//1994 1993//1993
f 1994//1994 1996//1996 1988//1988
f 1869//1869 1994//1994 1988//1988
f 1863//1863 1869//1869 1988//1988
f 1993//1993 1994//1994 1869//1869
f 1988//1988 1996//1996 1989//1989
f 1991//1991 1992//1992 1997//1997
f 1997//1997 1992//1992 1998//1998
f 1997//1997 1871//1871 1867//1867
f 1997//1997 1867//1867 1991//1991
f 1995//1995 1993//1993 1999//1999
f 1995//1995 1999//1999 2000//2000
f 1873//1873 1999//1999 1869//1869
f 1869//1869 1999//1999 1993//1993
f 1997//1997 1998//1998 2001//2001
f 2001//2001 1998//1998 2002//2002
f 2001//2001 1875//1875 1871//1871
f 2001//2001 1871//1871 1997//1997
f 2005//2005 2004//2004 2003//2003
f 2003//2003 2004//2004 2000//2000
f 2003//2003 2000//2000 1999//1999
f 1877//1877 2003//2003 1999//1999
f 1878//1878 1877//1877 1999//1999
f 1878//1878 1999//1999 1873//1873
f 2002//2002 2006//2006 2001//2001
f 2006//2006 2008//2008 2007//2007
f 2006//2006 2007//2007 1879//1879
f 2001//2001 2006//2006 1879//1879
f 1875//1875 2001//2001 1879//1879
f 2007//2007 1881//1881 1879//1879
f 2011//2011 2010//2010 2009//2009
f 2013//2013 2012//2012 2009//2009
f 2013//2013 2009//2009 2010//2010
f 2012//2012 2013//2013 2005//2005
f 2012//2012 2005//2005 2003//2003
f 1887//1887 2012//2012 2003//2003
f 1888//1888 1887//1887 2003//2003
f 1888//1888 2003//2003 1877//1877
f 2008//2008 2014//2014 2007//2007
f 2014//2014 2016//2016 2015//2015
f 2014//2014 2015//2015 1889//1889
f 2007//2007 2014//2014 1889//1889
f 1881//1881 2007//2007 1889//1889
f 1889//1889 2015//2015 2017//2017
f 2018//2018 1889//1889 2017//2017
f 1890//1890 1889//1889 2018//2018
f 1890//1890 2019//2019 1891//1891
f 2018//2018 2019//2019 1890//1890
f 1891//1891 2020//2020 1892//1892
f 2019//2019 2020//2020 1891//1891
f 1892//1892 2021//2021 1894//1894
f 2020//2020 2021//2021 1892//1892
f 1895//1895 1894//1894 2021//2021
f 1895//1895 2021//2021 2022//2022
f 2024//2024 2023//2023 1898//1898
f 2024//2024 1898//1898 1897//1897
f 2009//2009 1899//1899 2011//2011
f 1899//1899 2023//2023 2011//2011
f 1899//1899 1898//1898 2023//2023
f 1899//1899 2009//2009 1900//1900
f 1900//1900 2009//2009 2012//2012
f 1900//1900 2012//2012 1887//1887
f 2016//2016 2025//2025 2015//2015
f 2015//2015 2025//2025 2017//2017
f 2022//2022 2026//2026 1895//1895
f 1895//1895 2026//2026 1901//1901
f 1901//1901 2027//2027 1902//1902
f 2026//2026 2027//2027 1901//1901
f 1897//1897 1902//1902 2024//2024
f 2024//2024 1902//1902 2027//2027
f 2029//2029 2028//2028 1904//1904
f 1904//1904 2028//2028 1903//1903
f 2030//2030 1904//1904 1905//1905
f 2030//2030 2029//2029 1904//1904
f 2031//2031 1905//1905 1906//1906
f 2031//2031 2030//2030 1905//1905
f 2032//2032 1906//1906 1908//1908
f 2032//2032 2031//2031 1906//1906
f 2033//2033 1908//1908 1910//1910
f 2033//2033 2032//2032 1908//1908
f 1910//1910 1912//1912 2033//2033
f 2033//2033 1912//1912 2034//2034
f 2035//2035 1914//1914 1915//1915
f 2035//2035 1915//1915 2036//2036
f 1915//1915 2037//2037 2036//2036
f 1915//1915 1916//1916 2037//2037
f 1916//1916 1903//1903 2028//2028
f 1916//1916 2028//2028 2037//2037
f 2038//2038 2034//2034 1912//1912
f 2038//2038 1912//1912 1917//1917
f 2040//2040 2038//2038 2039//2039
f 2038//2038 1919//1919 2039//2039
f 2038//2038 1917//1917 1919//1919
f 1921//1921 2039//2039 1919//1919
f 2041//2041 1923//1923 1924//1924
f 2042//2042 2041//2041 1924//1924
f 2042//2042 1924//1924 1914//1914
f 2043//2043 2042//2042 1914//1914
f 2035//2035 2043//2043 1914//1914
f 2043//2043 2035//2035 2036//2036
f 2044//2044 2040//2040 2039//2039
f 2046//2046 2044//2044 2045//2045
f 2045//2045 2044//2044 1925//1925
f 2044//2044 2039//2039 1925//1925
f 2039//2039 1921//1921 1925//1925
f 1927//1927 2045//2045 1925//1925
f 2047//2047 1929//1929 1930//1930
f 2048//2048 2047//2047 1930//1930
f 2048//2048 1930//1930 1923//1923
f 2049//2049 2048//2048 1923//1923
f 2041//2041 2049//2049 1923//1923
f 2049//2049 2041//2041 2042//2042
f 2050//2050 2046//2046 2045//2045
f 2052//2052 2050//2050 2051//2051
f 2051//2051 2050//2050 1931//1931
f 2050//2050 2045//2045 1931//1931
f 2045//2045 1927//1927 1931//1931
f 1933//1933 2051//2051 1931//1931
f 2053//2053 1935//1935 1936//1936
f 2054//2054 2053//2053 1936//1936
f 2054//2054 1936//1936 1929//1929
f 2055//2055 2054//2054 1929//1929
f 2047//2047 2055//2055 1929//1929
f 2055//2055 2047//2047 2048//2048
f 2056//2056 2052//2052 2051//2051
f 2058//2058 2056//2056 2057//2057
f 2057//2057 2056//2056 1937//1937
f 2056//2056 2051//2051 1937//1937
f 2051//2051 1933//1933 1937//1937
f 1939//1939 2057//2057 1937//1937
f 2059//2059 1941//1941 2053//2053
f 2053//2053 1941//1941 1935//1935
f 2053//2053 2054//2054 2060//2060
f 2053//2053 2060//2060 2059//2059
f 2061//2061 2058//2058 2057//2057
f 2063//2063 2061//2061 2062//2062
f 2062//2062 2061//2061 1942//1942
f 2061//2061 2057//2057 1942//1942
f 2057//2057 1939//1939 1942//1942
f 1944//1944 2062//2062 1942//1942
f 2064//2064 1946//1946 2059//2059
f 2059//2059 1946//1946 1941//1941
f 2059//2059 2060//2060 2065//2065
f 2059//2059 2065//2065 2064//2064
f 2066//2066 2063//2063 2062//2062
f 1944//1944 1948//1948 2062//2062
f 1948//1948 2067//2067 2062//2062
f 2067//2067 2066//2066 2062//2062
f 2067//2067 1948//1948 2068//2068
f 2068//2068 2069//2069 2067//2067
f 2064//2064 1949//1949 1946//1946
f 1951//1951 1949//1949 2064//2064
f 2065//2065 1951//1951 2064//2064
f 2070//2070 1951//1951 2065//2065
f 1953//1953 2068//2068 1948//1948
f 2072//2072 2071//2071 1955//1955
f 1955//1955 2071//2071 1953//1953
f 2071//2071 2069//2069 1953//1953
f 2069//2069 2068//2068 1953//1953
f 2072//2072 2073//2073 2071//2071
f 1956//1956 1951//1951 2074//2074
f 1951//1951 2075//2075 2074//2074
f 1951//1951 2070//2070 2075//2075
f 2074//2074 1958//1958 1956//1956
f 1960//1960 2072//2072 1955//1955
f 2076//2076 2073//2073 2072//2072
f 1960//1960 2076//2076 2072//2072
f 1961//1961 2076//2076 1960//1960
f 2077//2077 1961//1961 1962//1962
f 2077//2077 2076//2076 1961//1961
f 1962//1962 1963//1963 2077//2077
f 2077//2077 1963//1963 2078//2078
f 2075//2075 2079//2079 2074//2074
f 2079//2079 2081//2081 2080//2080
f 2079//2079 2080//2080 1964//1964
f 2074//2074 2079//2079 1964//1964
f 1958//1958 2074//2074 1964//1964
f 2082//2082 1965//1965 1964//1964
f 2082//2082 1964//1964 2080//2080
f 2083//2083 1966//1966 1965//1965
f 2083//2083 1965//1965 2082//2082
f 2083//2083 1967//1967 1966//1966
f 2084//2084 2078//2078 1963//1963
f 2084//2084 1963//1963 1968//1968
f 1968//1968 1969//1969 2084//2084
f 2084//2084 1969//1969 2085//2085
f 2081//2081 2086//2086 2080//2080
f 2080//2080 2086//2086 2082//2082
f 2082//2082 2086//2086 2087//2087
f 2082//2082 2087//2087 2083//2083
f 2083//2083 2087//2087 2088//2088
f 2083//2083 2088//2088 1967//1967
f 2088//2088 1970//1970 1967//1967
f 2088//2088 2089//2089 1970//1970
f 2091//2091 2090//2090 1971//1971
f 1970//1970 2091//2091 1971//1971
f 2089//2089 2091//2091 1970//1970
f 2092//2092 2090//2090 2091//2091
f 2093//2093 2085//2085 1969//1969
f 2093//2093 1969//1969 1972//1972
f 1972//1972 1973//1973 2093//2093
f 2093//2093 1973//1973 2094//2094
f 2095//2095 1974//1974 2090//2090
f 2090//2090 1974//1974 1971//1971
f 2090//2090 2092//2092 2096//2096
f 2090//2090 2096//2096 2095//2095
f 1976//1976 2094//2094 1973//1973
f 1976//1976 2097//2097 2094//2094
f 2098//2098 1977//1977 2095//2095
f 2095//2095 1977//1977 1974//1974
f 2095//2095 2096//2096 2099//2099
f 2095//2095 2099//2099 2098//2098
f 1978//1978 2097//2097 1976//1976
f 1978//1978 2100//2100 2097//2097
f 2101//2101 1979//1979 1980//1980
f 2102//2102 2101//2101 1980//1980
f 2102//2102 1980//1980 1977//1977
f 2103//2103 2102//2102 1977//1977
f 2098//2098 2103//2103 1977//1977
f 2103//2103 2098//2098 2099//2099
f 1982//1982 2100//2100 1978//1978
f 1982//1982 2104//2104 2100//2100
f 2105//2105 1983//1983 2101//2101
f 2101//2101 1983//1983 1979//1979
f 2101//2101 2102//2102 2106//2106
f 2101//2101 2106//2106 2105//2105
f 2108//2108 2107//2107 1986//1986
f 2108//2108 1986//1986 1985//1985
f 1982//1982 1986//1986 2104//2104
f 2104//2104 1986//1986 2107//2107
f 2109//2109 1987//1987 2105//2105
f 2105//2105 1987//1987 1983//1983
f 2105//2105 2106//2106 2110//2110
f 2105//2105 2110//2110 2109//2109
f 2112//2112 2111//2111 1990//1990
f 2112//2112 1990//1990 1989//1989
f 1985//1985 1990//1990 2108//2108
f 2108//2108 1990//1990 2111//2111
f 2113//2113 1992//1992 2109//2109
f 2109//2109 1992//1992 1987//1987
f 2109//2109 2110//2110 2114//2114
f 2109//2109 2114//2114 2113//2113
f 2117//2117 2116//2116 2115//2115
f 1994//1994 1995//1995 2115//2115
f 2116//2116 1994//1994 2115//2115
f 2118//2118 1994//1994 2116//2116
f 1994//1994 2119//2119 1996//1996
f 2118//2118 2119//2119 1994//1994
f 1989//1989 1996//1996 2112//2112
f 2112//2112 1996//1996 2119//2119
f 2120//2120 1998//1998 2113//2113
f 2113//2113 1998//1998 1992//1992
f 2113//2113 2114//2114 2121//2121
f 2113//2113 2121//2121 2120//2120
f 2117//2117 2115//2115 2122//2122
f 2117//2117 2122//2122 2123//2123
f 2000//2000 2122//2122 1995//1995
f 1995//1995 2122//2122 2115//2115
f 2124//2124 2002//2002 2120//2120
f 2120//2120 2002//2002 1998//1998
f 2120//2120 2121//2121 2125//2125
f 2120//2120 2125//2125 2124//2124
f 2128//2128 2127//2127 2126//2126
f 2130//2130 2129//2129 2126//2126
f 2130//2130 2126//2126 2127//2127
f 2129//2129 2130//2130 2123//2123
f 2129//2129 2123//2123 2122//2122
f 2005//2005 2129//2129 2122//2122
f 2004//2004 2005//2005 2122//2122
f 2004//2004 2122//2122 2000//2000
f 2124//2124 2006//2006 2002//2002
f 2132//2132 2131//2131 2008//2008
f 2132//2132 2008//2008 2006//2006
f 2125//2125 2132//2132 2006//2006
f 2124//2124 2125//2125 2006//2006
f 2133//2133 2131//2131 2132//2132
f 2136//2136 2135//2135 2134//2134
f 2138//2138 2137//2137 2134//2134
f 2138//2138 2134//2134 2135//2135
f 2140//2140 2139//2139 2137//2137
f 2140//2140 2137//2137 2138//2138
f 2142//2142 2141//2141 2139//2139
f 2142//2142 2139//2139 2140//2140
f 2143//2143 2141//2141 2142//2142
f 2146//2146 2145//2145 2144//2144
f 2144//2144 2145//2145 2128//2128
f 2144//2144 2128//2128 2126//2126
f 2011//2011 2144//2144 2126//2126
f 2010//2010 2011//2011 2126//2126
f 2010//2010 2126//2126 2013//2013
f 2013//2013 2126//2126 2129//2129
f 2013//2013 2129//2129 2005//2005
f 2131//2131 2014//2014 2008//2008
f 2148//2148 2147//2147 2016//2016
f 2148//2148 2016//2016 2014//2014
f 2133//2133 2148//2148 2014//2014
f 2131//2131 2133//2133 2014//2014
f 2147//2147 2148//2148 2136//2136
f 2147//2147 2136//2136 2134//2134
f 2017//2017 2147//2147 2134//2134
f 2018//2018 2017//2017 2134//2134
f 2018//2018 2134//2134 2019//2019
f 2019//2019 2134//2134 2137//2137
f 2019//2019 2137//2137 2020//2020
f 2020//2020 2137//2137 2139//2139
f 2020//2020 2139//2139 2021//2021
f 2021//2021 2139//2139 2141//2141
f 2150//2150 2149//2149 2022//2022
f 2150//2150 2022//2022 2021//2021
f 2143//2143 2150//2150 2021//2021
f 2141//2141 2143//2143 2021//2021
f 2152//2152 2151//2151 2149//2149
f 2152//2152 2149//2149 2150//2150
f 2151//2151 2152//2152 2146//2146
f 2151//2151 2146//2146 2144//2144
f 2024//2024 2151//2151 2144//2144
f 2023//2023 2024//2024 2144//2144
f 2023//2023 2144//2144 2011//2011
f 2147//2147 2025//2025 2016//2016
f 2025//2025 2147//2147 2017//2017
f 2149//2149 2026//2026 2022//2022
f 2026//2026 2149//2149 2027//2027
f 2027//2027 2149//2149 2151//2151
f 2027//2027 2151//2151 2024//2024
f 2154//2154 2153//2153 2029//2029
f 2029//2029 2153//2153 2028//2028
f 2155//2155 2029//2029 2030//2030
f 2155//2155 2154//2154 2029//2029
f 2156//2156 2030//2030 2031//2031
f 2156//2156 2155//2155 2030//2030
f 2157//2157 2031//2031 2032//2032
f 2157//2157 2156//2156 2031//2031
f 2158//2158 2032//2032 2033//2033
f 2158//2158 2157//2157 2032//2032
f 2033//2033 2034//2034 2158//2158
f 2158//2158 2034//2034 2159//2159
f 2161//2161 2160//2160 2037//2037
f 2037//2037 2160//2160 2036//2036
f 2037//2037 2028//2028 2153//2153
f 2037//2037 2153//2153 2161//2161
f 2162//2162 2159//2159 2034//2034
f 2162//2162 2034//2034 2038//2038
f 2038//2038 2040//2040 2162//2162
f 2162//2162 2040//2040 2163//2163
f 2165//2165 2164//2164 2043//2043
f 2043//2043 2164//2164 2042//2042
f 2043//2043 2036//2036 2160//2160
f 2043//2043 2160//2160 2165//2165
f 2166//2166 2163//2163 2040//2040
f 2166//2166 2040//2040 2044//2044
f 2044//2044 2046//2046 2166//2166
f 2166//2166 2046//2046 2167//2167
f 2169//2169 2168//2168 2049//2049
f 2049//2049 2168//2168 2048//2048
f 2049//2049 2042//2042 2164//2164
f 2049//2049 2164//2164 2169//2169
f 2046//2046 2050//2050 2170//2170
f 2171//2171 2046//2046 2170//2170
f 2167//2167 2046//2046 2171//2171
f 2052//2052 2170//2170 2050//2050
f 2173//2173 2172//2172 2055//2055
f 2055//2055 2172//2172 2054//2054
f 2055//2055 2048//2048 2168//2168
f 2055//2055 2168//2168 2173//2173
f 2171//2171 2170//2170 2174//2174
f 2171//2171 2174//2174 2175//2175
f 2056//2056 2176//2176 2052//2052
f 2176//2176 2170//2170 2052//2052
f 2176//2176 2174//2174 2170//2170
f 2058//2058 2176//2176 2056//2056
f 2172//2172 2060//2060 2054//2054
f 2177//2177 2060//2060 2172//2172
f 2178//2178 2175//2175 2174//2174
f 2178//2178 2174//2174 2176//2176
f 2178//2178 2176//2176 2179//2179
f 2181//2181 2179//2179 2180//2180
f 2180//2180 2179//2179 2061//2061
f 2179//2179 2176//2176 2061//2061
f 2176//2176 2058//2058 2061//2061
f 2063//2063 2180//2180 2061//2061
f 2177//2177 2065//2065 2060//2060
f 2182//2182 2065//2065 2177//2177
f 2181//2181 2180//2180 2183//2183
f 2181//2181 2183//2183 2184//2184
f 2066//2066 2185//2185 2063//2063
f 2185//2185 2180//2180 2063//2063
f 2185//2185 2183//2183 2180//2180
f 2067//2067 2186//2186 2066//2066
f 2066//2066 2186//2186 2185//2185
f 2069//2069 2186//2186 2067//2067
f 2182//2182 2070//2070 2065//2065
f 2187//2187 2070//2070 2182//2182
f 2188//2188 2184//2184 2183//2183
f 2188//2188 2183//2183 2185//2185
f 2188//2188 2185//2185 2189//2189
f 2189//2189 2185//2185 2186//2186
f 2189//2189 2186//2186 2190//2190
f 2192//2192 2190//2190 2191//2191
f 2191//2191 2190//2190 2071//2071
f 2190//2190 2186//2186 2071//2071
f 2186//2186 2069//2069 2071//2071
f 2073//2073 2191//2191 2071//2071
f 2195//2195 2194//2194 2193//2193
f 2187//2187 2195//2195 2193//2193
f 2075//2075 2187//2187 2193//2193
f 2070//2070 2187//2187 2075//2075
f 2196//2196 2192//2192 2191//2191
f 2198//2198 2196//2196 2197//2197
f 2197//2197 2196//2196 2076//2076
f 2196//2196 2191//2191 2076//2076
f 2191//2191 2073//2073 2076//2076
f 2077//2077 2199//2199 2076//2076
f 2076//2076 2199//2199 2197//2197
f 2078//2078 2199//2199 2077//2077
f 2194//2194 2200//2200 2193//2193
f 2200//2200 2202//2202 2201//2201
f 2200//2200 2201//2201 2079//2079
f 2193//2193 2200//2200 2079//2079
f 2075//2075 2193//2193 2079//2079
f 2201//2201 2081//2081 2079//2079
f 2203//2203 2198//2198 2197//2197
f 2203//2203 2197//2197 2199//2199
f 2203//2203 2199//2199 2204//2204
f 2206//2206 2204//2204 2205//2205
f 2205//2205 2204//2204 2084//2084
f 2204//2204 2199//2199 2084//2084
f 2199//2199 2078//2078 2084//2084
f 2085//2085 2205//2205 2084//2084
f 2202//2202 2207//2207 2201//2201
f 2207//2207 2209//2209 2208//2208
f 2207//2207 2208//2208 2086//2086
f 2201//2201 2207//2207 2086//2086
f 2081//2081 2201//2201 2086//2086
f 2210//2210 2087//2087 2086//2086
f 2210//2210 2086//2086 2208//2208
f 2087//2087 2210//2210 2211//2211
f 2212//2212 2087//2087 2211//2211
f 2088//2088 2087//2087 2212//2212
f 2088//2088 2213//2213 2089//2089
f 2212//2212 2213//2213 2088//2088
f 2089//2089 2214//2214 2091//2091
f 2213//2213 2214//2214 2089//2089
f 2216//2216 2215//2215 2092//2092
f 2091//2091 2216//2216 2092//2092
f 2214//2214 2216//2216 2091//2091
f 2217//2217 2215//2215 2216//2216
f 2218//2218 2206//2206 2205//2205
f 2220//2220 2218//2218 2219//2219
f 2219//2219 2218//2218 2093//2093
f 2218//2218 2205//2205 2093//2093
f 2205//2205 2085//2085 2093//2093
f 2094//2094 2219//2219 2093//2093
f 2209//2209 2221//2221 2208//2208
f 2208//2208 2221//2221 2210//2210
f 2210//2210 2221//2221 2222//2222
f 2210//2210 2222//2222 2211//2211
f 2223//2223 2096//2096 2215//2215
f 2215//2215 2096//2096 2092//2092
f 2215//2215 2217//2217 2224//2224
f 2215//2215 2224//2224 2223//2223
f 2225//2225 2220//2220 2219//2219
f 2219//2219 2094//2094 2225//2225
f 2094//2094 2226//2226 2225//2225
f 2094//2094 2097//2097 2226//2226
f 2227//2227 2099//2099 2223//2223
f 2223//2223 2099//2099 2096//2096
f 2223//2223 2224//2224 2228//2228
f 2223//2223 2228//2228 2227//2227
f 2100//2100 2226//2226 2097//2097
f 2100//2100 2229//2229 2226//2226
f 2230//2230 2102//2102 2103//2103
f 2231//2231 2230//2230 2103//2103
f 2231//2231 2103//2103 2099//2099
f 2232//2232 2231//2231 2099//2099
f 2227//2227 2232//2232 2099//2099
f 2232//2232 2227//2227 2228//2228
f 2104//2104 2234//2234 2233//2233
f 2229//2229 2104//2104 2233//2233
f 2100//2100 2104//2104 2229//2229
f 2234//2234 2235//2235 2233//2233
f 2236//2236 2106//2106 2230//2230
f 2230//2230 2106//2106 2102//2102
f 2230//2230 2231//2231 2237//2237
f 2230//2230 2237//2237 2236//2236
f 2240//2240 2239//2239 2238//2238
f 2242//2242 2241//2241 2238//2238
f 2242//2242 2238//2238 2239//2239
f 2244//2244 2243//2243 2241//2241
f 2244//2244 2241//2241 2242//2242
f 2245//2245 2243//2243 2244//2244
f 2108//2108 2246//2246 2107//2107
f 2246//2246 2247//2247 2107//2107
f 2107//2107 2247//2247 2104//2104
f 2247//2247 2248//2248 2104//2104
f 2248//2248 2234//2234 2104//2104
f 2234//2234 2248//2248 2235//2235
f 2249//2249 2110//2110 2236//2236
f 2236//2236 2110//2110 2106//2106
f 2236//2236 2237//2237 2250//2250
f 2236//2236 2250//2250 2249//2249
f 2240//2240 2238//2238 2251//2251
f 2240//2240 2251//2251 2252//2252
f 2253//2253 2238//2238 2241//2241
f 2251//2251 2238//2238 2253//2253
f 2254//2254 2241//2241 2243//2243
f 2253//2253 2241//2241 2254//2254
f 2243//2243 2245//2245 2255//2255
f 2256//2256 2243//2243 2255//2255
f 2254//2254 2243//2243 2256//2256
f 2257//2257 2256//2256 2255//2255
f 2112//2112 2258//2258 2111//2111
f 2258//2258 2259//2259 2111//2111
f 2111//2111 2259//2259 2108//2108
f 2259//2259 2260//2260 2108//2108
f 2260//2260 2246//2246 2108//2108
f 2246//2246 2260//2260 2247//2247
f 2261//2261 2114//2114 2249//2249
f 2249//2249 2114//2114 2110//2110
f 2249//2249 2250//2250 2262//2262
f 2249//2249 2262//2262 2261//2261
f 2252//2252 2251//2251 2263//2263
f 2252//2252 2263//2263 2264//2264
f 2265//2265 2251//2251 2253//2253
f 2263//2263 2251//2251 2265//2265
f 2117//2117 2265//2265 2116//2116
f 2265//2265 2254//2254 2116//2116
f 2265//2265 2253//2253 2254//2254
f 2116//2116 2254//2254 2118//2118
f 2118//2118 2254//2254 2256//2256
f 2257//2257 2266//2266 2256//2256
f 2266//2266 2118//2118 2256//2256
f 2266//2266 2119//2119 2118//2118
f 2112//2112 2119//2119 2258//2258
f 2119//2119 2267//2267 2258//2258
f 2119//2119 2266//2266 2267//2267
f 2258//2258 2267//2267 2259//2259
f 2268//2268 2121//2121 2261//2261
f 2261//2261 2121//2121 2114//2114
f 2261//2261 2262//2262 2269//2269
f 2261//2261 2269//2269 2268//2268
f 2272//2272 2271//2271 2270//2270
f 2270//2270 2271//2271 2264//2264
f 2263//2263 2270//2270 2264//2264
f 2273//2273 2270//2270 2263//2263
f 2274//2274 2263//2263 2265//2265
f 2273//2273 2263//2263 2274//2274
f 2123//2123 2274//2274 2117//2117
f 2117//2117 2274//2274 2265//2265
f 2275//2275 2125//2125 2268//2268
f 2268//2268 2125//2125 2121//2121
f 2268//2268 2269//2269 2276//2276
f 2268//2268 2276//2276 2275//2275
f 2279//2279 2278//2278 2277//2277
f 2281//2281 2280//2280 2277//2277
f 2281//2281 2277//2277 2278//2278
f 2283//2283 2282//2282 2280//2280
f 2283//2283 2280//2280 2281//2281
f 2285//2285 2284//2284 2282//2282
f 2285//2285 2282//2282 2283//2283
f 2286//2286 2284//2284 2285//2285
f 2272//2272 2270//2270 2287//2287
f 2272//2272 2287//2287 2288//2288
f 2128//2128 2287//2287 2127//2127
f 2287//2287 2273//2273 2127//2127
f 2287//2287 2270//2270 2273//2273
f 2127//2127 2273//2273 2130//2130
f 2130//2130 2273//2273 2274//2274
f 2130//2130 2274//2274 2123//2123
f 2275//2275 2132//2132 2125//2125
f 2290//2290 2289//2289 2133//2133
f 2290//2290 2133//2133 2132//2132
f 2276//2276 2290//2290 2132//2132
f 2275//2275 2276//2276 2132//2132
f 2289//2289 2290//2290 2279//2279
f 2289//2289 2279//2279 2277//2277
f 2136//2136 2289//2289 2277//2277
f 2135//2135 2136//2136 2277//2277
f 2135//2135 2277//2277 2138//2138
f 2138//2138 2277//2277 2280//2280
f 2138//2138 2280//2280 2140//2140
f 2140//2140 2280//2280 2282//2282
f 2140//2140 2282//2282 2142//2142
f 2142//2142 2282//2282 2284//2284
f 2292//2292 2291//2291 2143//2143
f 2292//2292 2143//2143 2142//2142
f 2286//2286 2292//2292 2142//2142
f 2284//2284 2286//2286 2142//2142
f 2294//2294 2293//2293 2291//2291
f 2294//2294 2291//2291 2292//2292
f 2293//2293 2294//2294 2288//2288
f 2293//2293 2288//2288 2287//2287
f 2146//2146 2293//2293 2287//2287
f 2145//2145 2146//2146 2287//2287
f 2145//2145 2287//2287 2128//2128
f 2289//2289 2148//2148 2133//2133
f 2148//2148 2289//2289 2136//2136
f 2291//2291 2150//2150 2143//2143
f 2150//2150 2291//2291 2152//2152
f 2152//2152 2291//2291 2293//2293
f 2152//2152 2293//2293 2146//2146
f 2295//2295 2153//2153 2154//2154
f 2155//2155 2296//2296 2154//2154
f 2154//2154 2296//2296 2295//2295
f 2156//2156 2297//2297 2155//2155
f 2155//2155 2297//2297 2296//2296
f 2157//2157 2298//2298 2156//2156
f 2156//2156 2298//2298 2297//2297
f 2158//2158 2299//2299 2157//2157
f 2157//2157 2299//2299 2298//2298
f 2159//2159 2299//2299 2158//2158
f 2300//2300 2160//2160 2161//2161
f 2301//2301 2300//2300 2161//2161
f 2301//2301 2161//2161 2153//2153
f 2302//2302 2301//2301 2153//2153
f 2295//2295 2302//2302 2153//2153
f 2302//2302 2295//2295 2296//2296
f 2302//2302 2296//2296 2303//2303
f 2303//2303 2296//2296 2297//2297
f 2303//2303 2297//2297 2304//2304
f 2304//2304 2297//2297 2298//2298
f 2304//2304 2298//2298 2305//2305
f 2305//2305 2298//2298 2299//2299
f 2305//2305 2299//2299 2306//2306
f 2308//2308 2306//2306 2307//2307
f 2307//2307 2306//2306 2162//2162
f 2306//2306 2299//2299 2162//2162
f 2299//2299 2159//2159 2162//2162
f 2163//2163 2307//2307 2162//2162
f 2309//2309 2164//2164 2165//2165
f 2310//2310 2309//2309 2165//2165
f 2310//2310 2165//2165 2160//2160
f 2311//2311 2310//2310 2160//2160
f 2300//2300 2311//2311 2160//2160
f 2311//2311 2300//2300 2301//2301
f 2312//2312 2308//2308 2307//2307
f 2314//2314 2312//2312 2313//2313
f 2313//2313 2312//2312 2166//2166
f 2312//2312 2307//2307 2166//2166
f 2307//2307 2163//2163 2166//2166
f 2167//2167 2313//2313 2166//2166
f 2315//2315 2168//2168 2169//2169
f 2316//2316 2315//2315 2169//2169
f 2316//2316 2169//2169 2164//2164
f 2317//2317 2316//2316 2164//2164
f 2309//2309 2317//2317 2164//2164
f 2317//2317 2309//2309 2310//2310
f 2320//2320 2319//2319 2318//2318
f 2318//2318 2319//2319 2314//2314
f 2313//2313 2318//2318 2314//2314
f 2321//2321 2318//2318 2313//2313
f 2171//2171 2321//2321 2167//2167
f 2167//2167 2321//2321 2313//2313
f 2322//2322 2172//2172 2173//2173
f 2323//2323 2322//2322 2173//2173
f 2323//2323 2173//2173 2168//2168
f 2324//2324 2323//2323 2168//2168
f 2315//2315 2324//2324 2168//2168
f 2324//2324 2315//2315 2316//2316
f 2320//2320 2318//2318 2325//2325
f 2320//2320 2325//2325 2326//2326
f 2327//2327 2318//2318 2321//2321
f 2325//2325 2318//2318 2327//2327
f 2175//2175 2327//2327 2171//2171
f 2171//2171 2327//2327 2321//2321
f 2328//2328 2177//2177 2322//2322
f 2322//2322 2177//2177 2172//2172
f 2322//2322 2323//2323 2329//2329
f 2322//2322 2329//2329 2328//2328
f 2326//2326 2325//2325 2330//2330
f 2326//2326 2330//2330 2331//2331
f 2332//2332 2325//2325 2327//2327
f 2330//2330 2325//2325 2332//2332
f 2178//2178 2333//2333 2175//2175
f 2333//2333 2327//2327 2175//2175
f 2333//2333 2332//2332 2327//2327
f 2179//2179 2334//2334 2178//2178
f 2178//2178 2334//2334 2333//2333
f 2181//2181 2334//2334 2179//2179
f 2335//2335 2182//2182 2328//2328
f 2328//2328 2182//2182 2177//2177
f 2328//2328 2329//2329 2336//2336
f 2328//2328 2336//2336 2335//2335
f 2331//2331 2330//2330 2337//2337
f 2331//2331 2337//2337 2338//2338
f 2339//2339 2330//2330 2332//2332
f 2337//2337 2330//2330 2339//2339
f 2340//2340 2332//2332 2333//2333
f 2339//2339 2332//2332 2340//2340
f 2341//2341 2333//2333 2334//2334
f 2340//2340 2333//2333 2341//2341
f 2184//2184 2341//2341 2181//2181
f 2181//2181 2341//2341 2334//2334
f 2342//2342 2187//2187 2335//2335
f 2335//2335 2187//2187 2182//2182
f 2335//2335 2336//2336 2343//2343
f 2335//2335 2343//2343 2342//2342
f 2338//2338 2337//2337 2344//2344
f 2338//2338 2344//2344 2345//2345
f 2346//2346 2337//2337 2339//2339
f 2344//2344 2337//2337 2346//2346
f 2347//2347 2339//2339 2340//2340
f 2346//2346 2339//2339 2347//2347
f 2348//2348 2340//2340 2341//2341
f 2347//2347 2340//2340 2348//2348
f 2188//2188 2349//2349 2184//2184
f 2349//2349 2341//2341 2184//2184
f 2349//2349 2348//2348 2341//2341
f 2189//2189 2350//2350 2188//2188
f 2188//2188 2350//2350 2349//2349
f 2190//2190 2351//2351 2189//2189
f 2189//2189 2351//2351 2350//2350
f 2192//2192 2351//2351 2190//2190
f 2352//2352 2194//2194 2195//2195
f 2353//2353 2352//2352 2195//2195
f 2353//2353 2195//2195 2187//2187
f 2354//2354 2353//2353 2187//2187
f 2342//2342 2354//2354 2187//2187
f 2354//2354 2342//2342 2343//2343
f 2357//2357 2356//2356 2355//2355
f 2359//2359 2358//2358 2355//2355
f 2359//2359 2355//2355 2356//2356
f 2361//2361 2360//2360 2358//2358
f 2361//2361 2358//2358 2359//2359
f 2362//2362 2360//2360 2361//2361
f 2345//2345 2344//2344 2363//2363
f 2345//2345 2363//2363 2364//2364
f 2365//2365 2344//2344 2346//2346
f 2363//2363 2344//2344 2365//2365
f 2366//2366 2346//2346 2347//2347
f 2365//2365 2346//2346 2366//2366
f 2367//2367 2347//2347 2348//2348
f 2366//2366 2347//2347 2367//2367
f 2368//2368 2348//2348 2349//2349
f 2367//2367 2348//2348 2368//2368
f 2369//2369 2349//2349 2350//2350
f 2368//2368 2349//2349 2369//2369
f 2351//2351 2371//2371 2370//2370
f 2369//2369 2351//2351 2370//2370
f 2350//2350 2351//2351 2369//2369
f 2373//2373 2371//2371 2372//2372
f 2372//2372 2371//2371 2196//2196
f 2371//2371 2351//2351 2196//2196
f 2351//2351 2192//2192 2196//2196
f 2198//2198 2372//2372 2196//2196
f 2352//2352 2200//2200 2194//2194
f 2375//2375 2374//2374 2202//2202
f 2375//2375 2202//2202 2200//2200
f 2353//2353 2375//2375 2200//2200
f 2352//2352 2353//2353 2200//2200
f 2376//2376 2374//2374 2375//2375
f 2379//2379 2378//2378 2377//2377
f 2377//2377 2378//2378 2357//2357
f 2355//2355 2377//2377 2357//2357
f 2380//2380 2377//2377 2355//2355
f 2381//2381 2355//2355 2358//2358
f 2380//2380 2355//2355 2381//2381
f 2382//2382 2358//2358 2360//2360
f 2381//2381 2358//2358 2382//2382
f 2360//2360 2362//2362 2383//2383
f 2360//2360 2383//2383 2382//2382
f 2386//2386 2385//2385 2384//2384
f 2384//2384 2385//2385 2364//2364
f 2363//2363 2384//2384 2364//2364
f 2387//2387 2384//2384 2363//2363
f 2388//2388 2363//2363 2365//2365
f 2387//2387 2363//2363 2388//2388
f 2389//2389 2365//2365 2366//2366
f 2388//2388 2365//2365 2389//2389
f 2390//2390 2366//2366 2367//2367
f 2389//2389 2366//2366 2390//2390
f 2391//2391 2367//2367 2368//2368
f 2390//2390 2367//2367 2391//2391
f 2392//2392 2368//2368 2369//2369
f 2391//2391 2368//2368 2392//2392
f 2369//2369 2370//2370 2393//2393
f 2369//2369 2393//2393 2392//2392
f 2394//2394 2373//2373 2372//2372
f 2396//2396 2394//2394 2395//2395
f 2395//2395 2394//2394 2203//2203
f 2394//2394 2372//2372 2203//2203
f 2372//2372 2198//2198 2203//2203
f 2204//2204 2397//2397 2203//2203
f 2203//2203 2397//2397 2395//2395
f 2206//2206 2397//2397 2204//2204
f 2374//2374 2207//2207 2202//2202
f 2399//2399 2398//2398 2209//2209
f 2399//2399 2209//2209 2207//2207
f 2376//2376 2399//2399 2207//2207
f 2374//2374 2376//2376 2207//2207
f 2401//2401 2400//2400 2398//2398
f 2401//2401 2398//2398 2399//2399
f 2400//2400 2401//2401 2379//2379
f 2400//2400 2379//2379 2377//2377
f 2211//2211 2400//2400 2377//2377
f 2212//2212 2211//2211 2377//2377
f 2212//2212 2377//2377 2213//2213
f 2213//2213 2377//2377 2380//2380
f 2213//2213 2380//2380 2214//2214
f 2214//2214 2380//2380 2381//2381
f 2214//2214 2381//2381 2216//2216
f 2216//2216 2381//2381 2382//2382
f 2403//2403 2402//2402 2217//2217
f 2403//2403 2217//2217 2216//2216
f 2383//2383 2403//2403 2216//2216
f 2382//2382 2383//2383 2216//2216
f 2402//2402 2403//2403 2386//2386
f 2384//2384 2402//2402 2386//2386
f 2404//2404 2402//2402 2384//2384
f 2405//2405 2384//2384 2387//2387
f 2404//2404 2384//2384 2405//2405
f 2406//2406 2387//2387 2388//2388
f 2405//2405 2387//2387 2406//2406
f 2389//2389 2408//2408 2407//2407
f 2406//2406 2389//2389 2407//2407
f 2388//2388 2389//2389 2406//2406
f 2408//2408 2389//2389 2390//2390
f 2408//2408 2390//2390 2409//2409
f 2409//2409 2390//2390 2391//2391
f 2409//2409 2391//2391 2410//2410
f 2410//2410 2391//2391 2392//2392
f 2410//2410 2392//2392 2411//2411
f 2411//2411 2392//2392 2393//2393
f 2412//2412 2396//2396 2395//2395
f 2412//2412 2395//2395 2397//2397
f 2412//2412 2397//2397 2413//2413
f 2415//2415 2413//2413 2414//2414
f 2414//2414 2413//2413 2218//2218
f 2413//2413 2397//2397 2218//2218
f 2397//2397 2206//2206 2218//2218
f 2220//2220 2414//2414 2218//2218
f 2398//2398 2221//2221 2209//2209
f 2221//2221 2398//2398 2222//2222
f 2222//2222 2398//2398 2400//2400
f 2222//2222 2400//2400 2211//2211
f 2416//2416 2224//2224 2402//2402
f 2402//2402 2224//2224 2217//2217
f 2417//2417 2402//2402 2404//2404
f 2416//2416 2402//2402 2417//2417
f 2418//2418 2404//2404 2405//2405
f 2417//2417 2404//2404 2418//2418
f 2419//2419 2405//2405 2406//2406
f 2418//2418 2405//2405 2419//2419
f 2406//2406 2407//2407 2420//2420
f 2421//2421 2406//2406 2420//2420
f 2419//2419 2406//2406 2421//2421
f 2423//2423 2422//2422 2421//2421
f 2423//2423 2421//2421 2420//2420
f 2425//2425 2424//2424 2422//2422
f 2425//2425 2422//2422 2423//2423
f 2426//2426 2424//2424 2425//2425
f 2427//2427 2415//2415 2414//2414
f 2429//2429 2427//2427 2428//2428
f 2428//2428 2427//2427 2225//2225
f 2427//2427 2414//2414 2225//2225
f 2414//2414 2220//2220 2225//2225
f 2226//2226 2428//2428 2225//2225
f 2430//2430 2228//2228 2416//2416
f 2416//2416 2228//2228 2224//2224
f 2431//2431 2416//2416 2417//2417
f 2430//2430 2416//2416 2431//2431
f 2432//2432 2417//2417 2418//2418
f 2431//2431 2417//2417 2432//2432
f 2433//2433 2418//2418 2419//2419
f 2432//2432 2418//2418 2433//2433
f 2434//2434 2419//2419 2421//2421
f 2433//2433 2419//2419 2434//2434
f 2435//2435 2421//2421 2422//2422
f 2434//2434 2421//2421 2435//2435
f 2436//2436 2422//2422 2424//2424
f 2435//2435 2422//2422 2436//2436
f 2424//2424 2426//2426 2437//2437
f 2438//2438 2424//2424 2437//2437
f 2436//2436 2424//2424 2438//2438
f 2439//2439 2438//2438 2437//2437
f 2429//2429 2428//2428 2440//2440
f 2429//2429 2440//2440 2441//2441
f 2229//2229 2440//2440 2226//2226
f 2226//2226 2440//2440 2428//2428
f 2442//2442 2231//2231 2232//2232
f 2228//2228 2430//2430 2232//2232
f 2430//2430 2442//2442 2232//2232
f 2430//2430 2443//2443 2442//2442
f 2444//2444 2430//2430 2431//2431
f 2443//2443 2430//2430 2444//2444
f 2445//2445 2431//2431 2432//2432
f 2444//2444 2431//2431 2445//2445
f 2446//2446 2432//2432 2433//2433
f 2445//2445 2432//2432 2446//2446
f 2447//2447 2433//2433 2434//2434
f 2446//2446 2433//2433 2447//2447
f 2448//2448 2434//2434 2435//2435
f 2447//2447 2434//2434 2448//2448
f 2449//2449 2435//2435 2436//2436
f 2448//2448 2435//2435 2449//2449
f 2450//2450 2436//2436 2438//2438
f 2449//2449 2436//2436 2450//2450
f 2438//2438 2439//2439 2451//2451
f 2452//2452 2438//2438 2451//2451
f 2450//2450 2438//2438 2452//2452
f 2454//2454 2453//2453 2452//2452
f 2454//2454 2452//2452 2451//2451
f 2455//2455 2453//2453 2454//2454
f 2456//2456 2441//2441 2440//2440
f 2458//2458 2456//2456 2457//2457
f 2457//2457 2456//2456 2233//2233
f 2456//2456 2440//2440 2233//2233
f 2440//2440 2229//2229 2233//2233
f 2235//2235 2457//2457 2233//2233
f 2459//2459 2237//2237 2442//2442
f 2442//2442 2237//2237 2231//2231
f 2460//2460 2442//2442 2443//2443
f 2459//2459 2442//2442 2460//2460
f 2461//2461 2443//2443 2444//2444
f 2460//2460 2443//2443 2461//2461
f 2462//2462 2444//2444 2445//2445
f 2461//2461 2444//2444 2462//2462
f 2463//2463 2445//2445 2446//2446
f 2462//2462 2445//2445 2463//2463
f 2464//2464 2446//2446 2447//2447
f 2463//2463 2446//2446 2464//2464
f 2465//2465 2447//2447 2448//2448
f 2464//2464 2447//2447 2465//2465
f 2466//2466 2448//2448 2449//2449
f 2465//2465 2448//2448 2466//2466
f 2240//2240 2466//2466 2239//2239
f 2466//2466 2450//2450 2239//2239
f 2466//2466 2449//2449 2450//2450
f 2239//2239 2450//2450 2242//2242
f 2242//2242 2450//2450 2452//2452
f 2242//2242 2452//2452 2244//2244
f 2244//2244 2452//2452 2453//2453
f 2468//2468 2467//2467 2245//2245
f 2468//2468 2245//2245 2244//2244
f 2455//2455 2468//2468 2244//2244
f 2453//2453 2455//2455 2244//2244
f 2469//2469 2467//2467 2468//2468
f 2472//2472 2471//2471 2470//2470
f 2470//2470 2471//2471 2458//2458
f 2470//2470 2458//2458 2457//2457
f 2247//2247 2470//2470 2457//2457
f 2248//2248 2247//2247 2457//2457
f 2248//2248 2457//2457 2235//2235
f 2473//2473 2250//2250 2459//2459
f 2459//2459 2250//2250 2237//2237
f 2474//2474 2459//2459 2460//2460
f 2473//2473 2459//2459 2474//2474
f 2475//2475 2460//2460 2461//2461
f 2474//2474 2460//2460 2475//2475
f 2476//2476 2461//2461 2462//2462
f 2475//2475 2461//2461 2476//2476
f 2477//2477 2462//2462 2463//2463
f 2476//2476 2462//2462 2477//2477
f 2478//2478 2463//2463 2464//2464
f 2477//2477 2463//2463 2478//2478
f 2479//2479 2464//2464 2465//2465
f 2478//2478 2464//2464 2479//2479
f 2480//2480 2465//2465 2466//2466
f 2479//2479 2465//2465 2480//2480
f 2252//2252 2480//2480 2240//2240
f 2240//2240 2480//2480 2466//2466
f 2467//2467 2255//2255 2245//2245
f 2482//2482 2481//2481 2257//2257
f 2482//2482 2257//2257 2255//2255
f 2469//2469 2482//2482 2255//2255
f 2467//2467 2469//2469 2255//2255
f 2484//2484 2483//2483 2481//2481
f 2484//2484 2481//2481 2482//2482
f 2483//2483 2484//2484 2472//2472
f 2483//2483 2472//2472 2470//2470
f 2259//2259 2483//2483 2470//2470
f 2260//2260 2259//2259 2470//2470
f 2260//2260 2470//2470 2247//2247
f 2485//2485 2262//2262 2473//2473
f 2473//2473 2262//2262 2250//2250
f 2486//2486 2473//2473 2474//2474
f 2485//2485 2473//2473 2486//2486
f 2487//2487 2474//2474 2475//2475
f 2486//2486 2474//2474 2487//2487
f 2488//2488 2475//2475 2476//2476
f 2487//2487 2475//2475 2488//2488
f 2489//2489 2476//2476 2477//2477
f 2488//2488 2476//2476 2489//2489
f 2490//2490 2477//2477 2478//2478
f 2489//2489 2477//2477 2490//2490
f 2491//2491 2478//2478 2479//2479
f 2490//2490 2478//2478 2491//2491
f 2492//2492 2479//2479 2480//2480
f 2491//2491 2479//2479 2492//2492
f 2264//2264 2492//2492 2252//2252
f 2252//2252 2492//2492 2480//2480
f 2481//2481 2266//2266 2257//2257
f 2266//2266 2481//2481 2267//2267
f 2267//2267 2481//2481 2483//2483
f 2267//2267 2483//2483 2259//2259
f 2493//2493 2269//2269 2485//2485
f 2485//2485 2269//2269 2262//2262
f 2494//2494 2485//2485 2486//2486
f 2493//2493 2485//2485 2494//2494
f 2495//2495 2486//2486 2487//2487
f 2494//2494 2486//2486 2495//2495
f 2496//2496 2487//2487 2488//2488
f 2495//2495 2487//2487 2496//2496
f 2497//2497 2488//2488 2489//2489
f 2496//2496 2488//2488 2497//2497
f 2498//2498 2489//2489 2490//2490
f 2497//2497 2489//2489 2498//2498
f 2499//2499 2490//2490 2491//2491
f 2498//2498 2490//2490 2499//2499
f 2272//2272 2499//2499 2271//2271
f 2499//2499 2492//2492 2271//2271
f 2499//2499 2491//2491 2492//2492
f 2271//2271 2492//2492 2264//2264
f 2500//2500 2276//2276 2493//2493
f 2493//2493 2276//2276 2269//2269
f 2279//2279 2500//2500 2278//2278
f 2500//2500 2494//2494 2278//2278
f 2500//2500 2493//2493 2494//2494
f 2278//2278 2494//2494 2281//2281
f 2281//2281 2494//2494 2495//2495
f 2281//2281 2495//2495 2283//2283
f 2283//2283 2495//2495 2496//2496
f 2283//2283 2496//2496 2285//2285
f 2285//2285 2496//2496 2497//2497
f 2285//2285 2497//2497 2286//2286
f 2497//2497 2501//2501 2286//2286
f 2497//2497 2498//2498 2501//2501
f 2502//2502 2498//2498 2499//2499
f 2501//2501 2498//2498 2502//2502
f 2288//2288 2502//2502 2272//2272
f 2272//2272 2502//2502 2499//2499
f 2500//2500 2290//2290 2276//2276
f 2290//2290 2500//2500 2279//2279
f 2501//2501 2292//2292 2286//2286
f 2292//2292 2501//2501 2294//2294
f 2294//2294 2501//2501 2502//2502
f 2294//2294 2502//2502 2288//2288
f 2503//2503 2301//2301 2302//2302
f 2303//2303 2504//2504 2302//2302
f 2302//2302 2504//2504 2503//2503
f 2304//2304 2505//2505 2303//2303
f 2303//2303 2505//2505 2504//2504
f 2305//2305 2506//2506 2304//2304
f 2304//2304 2506//2506 2505//2505
f 2306//2306 2507//2507 2305//2305
f 2305//2305 2507//2507 2506//2506
f 2308//2308 2507//2507 2306//2306
f 2508//2508 2310//2310 2311//2311
f 2509//2509 2508//2508 2311//2311
f 2509//2509 2311//2311 2301//2301
f 2510//2510 2509//2509 2301//2301
f 2503//2503 2510//2510 2301//2301
f 2510//2510 2503//2503 2504//2504
f 2510//2510 2504//2504 2511//2511
f 2511//2511 2504//2504 2505//2505
f 2511//2511 2505//2505 2512//2512
f 2512//2512 2505//2505 2506//2506
f 2512//2512 2506//2506 2513//2513
f 2513//2513 2506//2506 2507//2507
f 2513//2513 2507//2507 2514//2514
f 2516//2516 2514//2514 2515//2515
f 2515//2515 2514//2514 2312//2312
f 2514//2514 2507//2507 2312//2312
f 2507//2507 2308//2308 2312//2312
f 2314//2314 2515//2515 2312//2312
f 2517//2517 2316//2316 2317//2317
f 2518//2518 2517//2517 2317//2317
f 2518//2518 2317//2317 2310//2310
f 2519//2519 2518//2518 2310//2310
f 2508//2508 2519//2519 2310//2310
f 2519//2519 2508//2508 2509//2509
f 2522//2522 2521//2521 2520//2520
f 2520//2520 2521//2521 2516//2516
f 2520//2520 2516//2516 2515//2515
f 2320//2320 2520//2520 2515//2515
f 2319//2319 2320//2320 2515//2515
f 2319//2319 2515//2515 2314//2314
f 2523//2523 2323//2323 2324//2324
f 2524//2524 2523//2523 2324//2324
f 2524//2524 2324//2324 2316//2316
f 2525//2525 2524//2524 2316//2316
f 2517//2517 2525//2525 2316//2316
f 2525//2525 2517//2517 2518//2518
f 2522//2522 2520//2520 2526//2526
f 2522//2522 2526//2526 2527//2527
f 2326//2326 2526//2526 2320//2320
f 2320//2320 2526//2526 2520//2520
f 2528//2528 2329//2329 2523//2523
f 2523//2523 2329//2329 2323//2323
f 2523//2523 2524//2524 2529//2529
f 2523//2523 2529//2529 2528//2528
f 2527//2527 2526//2526 2530//2530
f 2527//2527 2530//2530 2531//2531
f 2331//2331 2530//2530 2326//2326
f 2326//2326 2530//2530 2526//2526
f 2532//2532 2336//2336 2528//2528
f 2528//2528 2336//2336 2329//2329
f 2528//2528 2529//2529 2533//2533
f 2528//2528 2533//2533 2532//2532
f 2536//2536 2535//2535 2534//2534
f 2538//2538 2537//2537 2534//2534
f 2538//2538 2534//2534 2535//2535
f 2540//2540 2539//2539 2537//2537
f 2540//2540 2537//2537 2538//2538
f 2541//2541 2539//2539 2540//2540
f 2531//2531 2530//2530 2542//2542
f 2531//2531 2542//2542 2543//2543
f 2338//2338 2542//2542 2331//2331
f 2331//2331 2542//2542 2530//2530
f 2544//2544 2343//2343 2532//2532
f 2532//2532 2343//2343 2336//2336
f 2532//2532 2533//2533 2545//2545
f 2532//2532 2545//2545 2544//2544
f 2536//2536 2534//2534 2546//2546
f 2536//2536 2546//2546 2547//2547
f 2548//2548 2534//2534 2537//2537
f 2546//2546 2534//2534 2548//2548
f 2549//2549 2537//2537 2539//2539
f 2548//2548 2537//2537 2549//2549
f 2539//2539 2541//2541 2550//2550
f 2551//2551 2539//2539 2550//2550
f 2549//2549 2539//2539 2551//2551
f 2551//2551 2550//2550 2543//2543
f 2542//2542 2551//2551 2543//2543
f 2552//2552 2551//2551 2542//2542
f 2345//2345 2552//2552 2338//2338
f 2338//2338 2552//2552 2542//2542
f 2553//2553 2353//2353 2354//2354
f 2554//2554 2553//2553 2354//2354
f 2554//2554 2354//2354 2343//2343
f 2555//2555 2554//2554 2343//2343
f 2544//2544 2555//2555 2343//2343
f 2555//2555 2544//2544 2545//2545
f 2558//2558 2557//2557 2556//2556
f 2556//2556 2557//2557 2547//2547
f 2556//2556 2547//2547 2546//2546
f 2357//2357 2556//2556 2546//2546
f 2356//2356 2357//2357 2546//2546
f 2356//2356 2546//2546 2359//2359
f 2359//2359 2546//2546 2548//2548
f 2359//2359 2548//2548 2361//2361
f 2361//2361 2548//2548 2549//2549
f 2361//2361 2549//2549 2362//2362
f 2549//2549 2559//2559 2362//2362
f 2549//2549 2551//2551 2559//2559
f 2560//2560 2551//2551 2552//2552
f 2559//2559 2551//2551 2560//2560
f 2364//2364 2560//2560 2345//2345
f 2345//2345 2560//2560 2552//2552
f 2561//2561 2370//2370 2371//2371
f 2373//2373 2561//2561 2371//2371
f 2553//2553 2375//2375 2353//2353
f 2563//2563 2562//2562 2376//2376
f 2563//2563 2376//2376 2375//2375
f 2554//2554 2563//2563 2375//2375
f 2553//2553 2554//2554 2375//2375
f 2565//2565 2564//2564 2562//2562
f 2565//2565 2562//2562 2563//2563
f 2564//2564 2565//2565 2558//2558
f 2564//2564 2558//2558 2556//2556
f 2379//2379 2564//2564 2556//2556
f 2378//2378 2379//2379 2556//2556
f 2378//2378 2556//2556 2357//2357
f 2566//2566 2383//2383 2559//2559
f 2559//2559 2383//2383 2362//2362
f 2386//2386 2566//2566 2385//2385
f 2566//2566 2560//2560 2385//2385
f 2566//2566 2559//2559 2560//2560
f 2385//2385 2560//2560 2364//2364
f 2567//2567 2393//2393 2561//2561
f 2561//2561 2393//2393 2370//2370
f 2394//2394 2568//2568 2373//2373
f 2568//2568 2561//2561 2373//2373
f 2568//2568 2567//2567 2561//2561
f 2396//2396 2568//2568 2394//2394
f 2562//2562 2399//2399 2376//2376
f 2399//2399 2562//2562 2401//2401
f 2401//2401 2562//2562 2564//2564
f 2401//2401 2564//2564 2379//2379
f 2566//2566 2403//2403 2383//2383
f 2403//2403 2566//2566 2386//2386
f 2569//2569 2407//2407 2408//2408
f 2409//2409 2570//2570 2408//2408
f 2408//2408 2570//2570 2569//2569
f 2410//2410 2571//2571 2409//2409
f 2409//2409 2571//2571 2570//2570
f 2411//2411 2572//2572 2410//2410
f 2410//2410 2572//2572 2571//2571
f 2573//2573 2572//2572 2411//2411
f 2573//2573 2411//2411 2393//2393
f 2574//2574 2573//2573 2393//2393
f 2567//2567 2574//2574 2393//2393
f 2576//2576 2575//2575 2574//2574
f 2567//2567 2576//2576 2574//2574
f 2568//2568 2576//2576 2567//2567
f 2412//2412 2577//2577 2396//2396
f 2577//2577 2568//2568 2396//2396
f 2577//2577 2576//2576 2568//2568
f 2413//2413 2578//2578 2412//2412
f 2412//2412 2578//2578 2577//2577
f 2415//2415 2578//2578 2413//2413
f 2569//2569 2420//2420 2407//2407
f 2420//2420 2569//2569 2423//2423
f 2423//2423 2569//2569 2570//2570
f 2423//2423 2570//2570 2425//2425
f 2425//2425 2570//2570 2571//2571
f 2425//2425 2571//2571 2426//2426
f 2571//2571 2579//2579 2426//2426
f 2571//2571 2572//2572 2579//2579
f 2572//2572 2573//2573 2580//2580
f 2572//2572 2580//2580 2579//2579
f 2581//2581 2575//2575 2576//2576
f 2581//2581 2576//2576 2577//2577
f 2581//2581 2577//2577 2582//2582
f 2582//2582 2577//2577 2578//2578
f 2582//2582 2578//2578 2583//2583
f 2585//2585 2583//2583 2584//2584
f 2584//2584 2583//2583 2427//2427
f 2583//2583 2578//2578 2427//2427
f 2578//2578 2415//2415 2427//2427
f 2429//2429 2584//2584 2427//2427
f 2579//2579 2437//2437 2426//2426
f 2587//2587 2586//2586 2439//2439
f 2587//2587 2439//2439 2437//2437
f 2580//2580 2587//2587 2437//2437
f 2579//2579 2580//2580 2437//2437
f 2589//2589 2588//2588 2586//2586
f 2589//2589 2586//2586 2587//2587
f 2591//2591 2590//2590 2588//2588
f 2591//2591 2588//2588 2589//2589
f 2592//2592 2590//2590 2591//2591
f 2585//2585 2584//2584 2593//2593
f 2585//2585 2593//2593 2594//2594
f 2441//2441 2593//2593 2429//2429
f 2429//2429 2593//2593 2584//2584
f 2586//2586 2451//2451 2439//2439
f 2451//2451 2586//2586 2454//2454
f 2454//2454 2586//2586 2588//2588
f 2454//2454 2588//2588 2455//2455
f 2588//2588 2595//2595 2455//2455
f 2588//2588 2590//2590 2595//2595
f 2590//2590 2592//2592 2596//2596
f 2590//2590 2596//2596 2595//2595
f 2597//2597 2594//2594 2593//2593
f 2599//2599 2597//2597 2598//2598
f 2598//2598 2597//2597 2456//2456
f 2597//2597 2593//2593 2456//2456
f 2593//2593 2441//2441 2456//2456
f 2458//2458 2598//2598 2456//2456
f 2595//2595 2468//2468 2455//2455
f 2601//2601 2600//2600 2469//2469
f 2601//2601 2469//2469 2468//2468
f 2596//2596 2601//2601 2468//2468
f 2595//2595 2596//2596 2468//2468
f 2603//2603 2602//2602 2600//2600
f 2603//2603 2600//2600 2601//2601
f 2602//2602 2603//2603 2599//2599
f 2602//2602 2599//2599 2598//2598
f 2472//2472 2602//2602 2598//2598
f 2471//2471 2472//2472 2598//2598
f 2471//2471 2598//2598 2458//2458
f 2600//2600 2482//2482 2469//2469
f 2482//2482 2600//2600 2484//2484
f 2484//2484 2600//2600 2602//2602
f 2484//2484 2602//2602 2472//2472
f 2604//2604 2509//2509 2510//2510
f 2511//2511 2605//2605 2510//2510
f 2510//2510 2605//2605 2604//2604
f 2512//2512 2606//2606 2511//2511
f 2511//2511 2606//2606 2605//2605
f 2513//2513 2607//2607 2512//2512
f 2512//2512 2607//2607 2606//2606
f 2514//2514 2608//2608 2513//2513
f 2513//2513 2608//2608 2607//2607
f 2516//2516 2608//2608 2514//2514
f 2609//2609 2518//2518 2519//2519
f 2509//2509 2604//2604 2519//2519
f 2604//2604 2609//2609 2519//2519
f 2604//2604 2610//2610 2609//2609
f 2611//2611 2604//2604 2605//2605
f 2610//2610 2604//2604 2611//2611
f 2612//2612 2605//2605 2606//2606
f 2611//2611 2605//2605 2612//2612
f 2613//2613 2606//2606 2607//2607
f 2612//2612 2606//2606 2613//2613
f 2522//2522 2613//2613 2521//2521
f 2613//2613 2608//2608 2521//2521
f 2613//2613 2607//2607 2608//2608
f 2521//2521 2608//2608 2516//2516
f 2614//2614 2524//2524 2525//2525
f 2518//2518 2609//2609 2525//2525
f 2609//2609 2614//2614 2525//2525
f 2609//2609 2615//2615 2614//2614
f 2616//2616 2609//2609 2610//2610
f 2615//2615 2609//2609 2616//2616
f 2617//2617 2610//2610 2611//2611
f 2616//2616 2610//2610 2617//2617
f 2618//2618 2611//2611 2612//2612
f 2617//2617 2611//2611 2618//2618
f 2619//2619 2612//2612 2613//2613
f 2618//2618 2612//2612 2619//2619
f 2527//2527 2619//2619 2522//2522
f 2522//2522 2619//2619 2613//2613
f 2620//2620 2529//2529 2614//2614
f 2614//2614 2529//2529 2524//2524
f 2621//2621 2614//2614 2615//2615
f 2620//2620 2614//2614 2621//2621
f 2622//2622 2615//2615 2616//2616
f 2621//2621 2615//2615 2622//2622
f 2623//2623 2616//2616 2617//2617
f 2622//2622 2616//2616 2623//2623
f 2624//2624 2617//2617 2618//2618
f 2623//2623 2617//2617 2624//2624
f 2625//2625 2618//2618 2619//2619
f 2624//2624 2618//2618 2625//2625
f 2531//2531 2625//2625 2527//2527
f 2527//2527 2625//2625 2619//2619
f 2626//2626 2533//2533 2620//2620
f 2620//2620 2533//2533 2529//2529
f 2627//2627 2620//2620 2621//2621
f 2626//2626 2620//2620 2627//2627
f 2536//2536 2627//2627 2535//2535
f 2627//2627 2622//2622 2535//2535
f 2627//2627 2621//2621 2622//2622
f 2535//2535 2622//2622 2538//2538
f 2538//2538 2622//2622 2623//2623
f 2538//2538 2623//2623 2540//2540
f 2540//2540 2623//2623 2624//2624
f 2540//2540 2624//2624 2541//2541
f 2624//2624 2628//2628 2541//2541
f 2624//2624 2625//2625 2628//2628
f 2543//2543 2628//2628 2531//2531
f 2531//2531 2628//2628 2625//2625
f 2629//2629 2545//2545 2626//2626
f 2626//2626 2545//2545 2533//2533
f 2630//2630 2626//2626 2627//2627
f 2629//2629 2626//2626 2630//2630
f 2547//2547 2630//2630 2536//2536
f 2536//2536 2630//2630 2627//2627
f 2628//2628 2550//2550 2541//2541
f 2550//2550 2628//2628 2543//2543
f 2631//2631 2554//2554 2555//2555
f 2545//2545 2629//2629 2555//2555
f 2629//2629 2631//2631 2555//2555
f 2629//2629 2632//2632 2631//2631
f 2558//2558 2632//2632 2557//2557
f 2632//2632 2630//2630 2557//2557
f 2632//2632 2629//2629 2630//2630
f 2557//2557 2630//2630 2547//2547
f 2631//2631 2563//2563 2554//2554
f 2563//2563 2631//2631 2565//2565
f 2565//2565 2631//2631 2632//2632
f 2565//2565 2632//2632 2558//2558
f 2633//2633 2573//2573 2574//2574
f 2575//2575 2633//2633 2574//2574
f 2634//2634 2580//2580 2633//2633
f 2633//2633 2580//2580 2573//2573
f 2581//2581 2635//2635 2575//2575
f 2635//2635 2633//2633 2575//2575
f 2635//2635 2634//2634 2633//2633
f 2582//2582 2636//2636 2581//2581
f 2581//2581 2636//2636 2635//2635
f 2583//2583 2637//2637 2582//2582
f 2582//2582 2637//2637 2636//2636
f 2585//2585 2637//2637 2583//2583
f 2634//2634 2587//2587 2580//2580
f 2587//2587 2634//2634 2589//2589
f 2589//2589 2634//2634 2635//2635
f 2589//2589 2635//2635 2591//2591
f 2591//2591 2635//2635 2636//2636
f 2591//2591 2636//2636 2592//2592
f 2636//2636 2638//2638 2592//2592
f 2636//2636 2637//2637 2638//2638
f 2594//2594 2638//2638 2585//2585
f 2585//2585 2638//2638 2637//2637
f 2639//2639 2596//2596 2638//2638
f 2638//2638 2596//2596 2592//2592
f 2597//2597 2640//2640 2594//2594
f 2640//2640 2638//2638 2594//2594
f 2640//2640 2639//2639 2638//2638
f 2599//2599 2640//2640 2597//2597
f 2639//2639 2601//2601 2596//2596
f 2601//2601 2639//2639 2603//2603
f 2603//2603 2639//2639 2640//2640
f 2603//2603 2640//2640 2599//2599
f 2643//2643 2642//2642 2641//2641
f 2645//2645 2644//2644 2641//2641
f 2641//2641 2644//2644 2643//2643
f 2645//2645 2646//2646 2644//2644
f 2642//2642 2647//2647 2641//2641
f 2649//2649 2648//2648 2647//2647
f 2648//2648 2641//2641 2647//2647
f 2648//2648 2645//2645 2641//2641
f 2646//2646 2645//2645 2650//2650
f 2650//2650 2645//2645 2648//2648
f 2649//2649 2651//2651 2648//2648
f 2648//2648 2651//2651 2650//2650
f 2654//2654 2653//2653 2652//2652
f 2656//2656 2655//2655 2652//2652
f 2652//2652 2655//2655 2654//2654
f 2656//2656 2657//2657 2655//2655
f 2653//2653 2658//2658 2652//2652
f 2652//2652 2658//2658 2656//2656
f 2656//2656 2658//2658 2659//2659
f 2656//2656 2659//2659 2657//2657
f 2662//2662 2661//2661 2660//2660
f 2664//2664 2663//2663 2660//2660
f 2660//2660 2663//2663 2662//2662
f 2666//2666 2665//2665 2664//2664
f 2664//2664 2665//2665 2663//2663
f 2668//2668 2667//2667 2666//2666
f 2666//2666 2667//2667 2665//2665
f 2668//2668 2669//2669 2667//2667
f 2660//2660 2661//2661 2670//2670
f 2670//2670 2661//2661 2671//2671
f 2670//2670 2642//2642 2643//2643
f 2664//2664 2670//2670 2643//2643
f 2660//2660 2670//2670 2664//2664
f 2664//2664 2643//2643 2644//2644
f 2664//2664 2644//2644 2666//2666
f 2666//2666 2644//2644 2646//2646
f 2672//2672 2666//2666 2646//2646
f 2668//2668 2666//2666 2672//2672
f 2669//2669 2668//2668 2673//2673
f 2673//2673 2668//2668 2672//2672
f 2676//2676 2675//2675 2674//2674
f 2674//2674 2677//2677 2676//2676
f 2671//2671 2678//2678 2670//2670
f 2678//2678 2680//2680 2679//2679
f 2678//2678 2679//2679 2647//2647
f 2670//2670 2678//2678 2647//2647
f 2642//2642 2670//2670 2647//2647
f 2679//2679 2649//2649 2647//2647
f 2650//2650 2681//2681 2672//2672
f 2650//2650 2672//2672 2646//2646
f 2673//2673 2672//2672 2682//2682
f 2672//2672 2683//2683 2682//2682
f 2672//2672 2681//2681 2683//2683
f 2685//2685 2684//2684 2683//2683
f 2683//2683 2684//2684 2682//2682
f 2687//2687 2686//2686 2685//2685
f 2685//2685 2686//2686 2684//2684
f 2689//2689 2688//2688 2687//2687
f 2687//2687 2688//2688 2686//2686
f 2688//2688 2689//2689 2675//2675
f 2689//2689 2674//2674 2675//2675
f 2689//2689 2690//2690 2674//2674
f 2677//2677 2674//2674 2691//2691
f 2674//2674 2692//2692 2691//2691
f 2674//2674 2690//2690 2692//2692
f 2694//2694 2693//2693 2692//2692
f 2692//2692 2693//2693 2691//2691
f 2696//2696 2695//2695 2694//2694
f 2694//2694 2695//2695 2693//2693
f 2696//2696 2697//2697 2695//2695
f 2679//2679 2680//2680 2698//2698
f 2698//2698 2680//2680 2699//2699
f 2700//2700 2651//2651 2649//2649
f 2679//2679 2700//2700 2649//2649
f 2698//2698 2700//2700 2679//2679
f 2681//2681 2650//2650 2651//2651
f 2700//2700 2681//2681 2651//2651
f 2701//2701 2681//2681 2700//2700
f 2681//2681 2702//2702 2683//2683
f 2681//2681 2701//2701 2702//2702
f 2683//2683 2703//2703 2685//2685
f 2683//2683 2702//2702 2703//2703
f 2685//2685 2704//2704 2687//2687
f 2685//2685 2703//2703 2704//2704
f 2687//2687 2705//2705 2689//2689
f 2687//2687 2704//2704 2705//2705
f 2689//2689 2706//2706 2690//2690
f 2689//2689 2705//2705 2706//2706
f 2690//2690 2707//2707 2692//2692
f 2690//2690 2706//2706 2707//2707
f 2692//2692 2708//2708 2694//2694
f 2692//2692 2707//2707 2708//2708
f 2694//2694 2709//2709 2696//2696
f 2694//2694 2708//2708 2709//2709
f 2697//2697 2696//2696 2710//2710
f 2696//2696 2711//2711 2710//2710
f 2696//2696 2709//2709 2711//2711
f 2713//2713 2712//2712 2711//2711
f 2711//2711 2712//2712 2710//2710
f 2713//2713 2714//2714 2712//2712
f 2698//2698 2699//2699 2715//2715
f 2715//2715 2699//2699 2716//2716
f 2698//2698 2717//2717 2700//2700
f 2698//2698 2715//2715 2717//2717
f 2700//2700 2718//2718 2701//2701
f 2700//2700 2717//2717 2718//2718
f 2718//2718 2653//2653 2654//2654
f 2702//2702 2718//2718 2654//2654
f 2701//2701 2718//2718 2702//2702
f 2702//2702 2654//2654 2655//2655
f 2702//2702 2655//2655 2703//2703
f 2703//2703 2655//2655 2657//2657
f 2719//2719 2703//2703 2657//2657
f 2704//2704 2703//2703 2719//2719
f 2704//2704 2720//2720 2705//2705
f 2704//2704 2719//2719 2720//2720
f 2705//2705 2721//2721 2706//2706
f 2705//2705 2720//2720 2721//2721
f 2706//2706 2722//2722 2707//2707
f 2706//2706 2721//2721 2722//2722
f 2707//2707 2723//2723 2708//2708
f 2707//2707 2722//2722 2723//2723
f 2708//2708 2724//2724 2709//2709
f 2708//2708 2723//2723 2724//2724
f 2709//2709 2725//2725 2711//2711
f 2709//2709 2724//2724 2725//2725
f 2711//2711 2726//2726 2713//2713
f 2711//2711 2725//2725 2726//2726
f 2714//2714 2713//2713 2727//2727
f 2713//2713 2728//2728 2727//2727
f 2713//2713 2726//2726 2728//2728
f 2730//2730 2729//2729 2728//2728
f 2728//2728 2729//2729 2727//2727
f 2730//2730 2731//2731 2729//2729
f 2715//2715 2716//2716 2732//2732
f 2732//2732 2716//2716 2733//2733
f 2715//2715 2734//2734 2717//2717
f 2715//2715 2732//2732 2734//2734
f 2717//2717 2735//2735 2718//2718
f 2717//2717 2734//2734 2735//2735
f 2736//2736 2658//2658 2653//2653
f 2718//2718 2736//2736 2653//2653
f 2735//2735 2736//2736 2718//2718
f 2737//2737 2659//2659 2658//2658
f 2737//2737 2658//2658 2736//2736
f 2719//2719 2657//2657 2659//2659
f 2737//2737 2719//2719 2659//2659
f 2738//2738 2719//2719 2737//2737
f 2719//2719 2739//2739 2720//2720
f 2719//2719 2738//2738 2739//2739
f 2720//2720 2740//2740 2721//2721
f 2720//2720 2739//2739 2740//2740
f 2742//2742 2722//2722 2741//2741
f 2722//2722 2740//2740 2741//2741
f 2722//2722 2721//2721 2740//2740
f 2722//2722 2742//2742 2723//2723
f 2723//2723 2742//2742 2743//2743
f 2723//2723 2743//2743 2724//2724
f 2724//2724 2743//2743 2744//2744
f 2724//2724 2744//2744 2725//2725
f 2725//2725 2744//2744 2745//2745
f 2747//2747 2746//2746 2745//2745
f 2746//2746 2725//2725 2745//2745
f 2746//2746 2726//2726 2725//2725
f 2749//2749 2728//2728 2748//2748
f 2728//2728 2746//2746 2748//2748
f 2728//2728 2726//2726 2746//2746
f 2728//2728 2749//2749 2730//2730
f 2730//2730 2749//2749 2750//2750
f 2730//2730 2750//2750 2731//2731
f 2732//2732 2733//2733 2751//2751
f 2751//2751 2733//2733 2752//2752
f 2732//2732 2753//2753 2734//2734
f 2732//2732 2751//2751 2753//2753
f 2734//2734 2754//2754 2735//2735
f 2734//2734 2753//2753 2754//2754
f 2735//2735 2755//2755 2736//2736
f 2735//2735 2754//2754 2755//2755
f 2736//2736 2756//2756 2737//2737
f 2736//2736 2755//2755 2756//2756
f 2737//2737 2757//2757 2738//2738
f 2737//2737 2756//2756 2757//2757
f 2738//2738 2758//2758 2739//2739
f 2738//2738 2757//2757 2758//2758
f 2739//2739 2759//2759 2740//2740
f 2739//2739 2758//2758 2759//2759
f 2741//2741 2740//2740 2760//2760
f 2760//2760 2740//2740 2759//2759
f 2747//2747 2761//2761 2746//2746
f 2746//2746 2761//2761 2748//2748
f 2751//2751 2752//2752 2762//2762
f 2762//2762 2752//2752 2763//2763
f 2751//2751 2764//2764 2753//2753
f 2751//2751 2762//2762 2764//2764
f 2753//2753 2765//2765 2754//2754
f 2753//2753 2764//2764 2765//2765
f 2754//2754 2766//2766 2755//2755
f 2754//2754 2765//2765 2766//2766
f 2755//2755 2767//2767 2756//2756
f 2755//2755 2766//2766 2767//2767
f 2756//2756 2768//2768 2757//2757
f 2756//2756 2767//2767 2768//2768
f 2757//2757 2769//2769 2758//2758
f 2757//2757 2768//2768 2769//2769
f 2758//2758 2770//2770 2759//2759
f 2758//2758 2769//2769 2770//2770
f 2760//2760 2759//2759 2771//2771
f 2771//2771 2759//2759 2770//2770
f 2762//2762 2763//2763 2772//2772
f 2772//2772 2763//2763 2773//2773
f 2762//2762 2774//2774 2764//2764
f 2762//2762 2772//2772 2774//2774
f 2764//2764 2775//2775 2765//2765
f 2764//2764 2774//2774 2775//2775
f 2765//2765 2776//2776 2766//2766
f 2765//2765 2775//2775 2776//2776
f 2766//2766 2777//2777 2767//2767
f 2766//2766 2776//2776 2777//2777
f 2767//2767 2778//2778 2768//2768
f 2767//2767 2777//2777 2778//2778
f 2780//2780 2769//2769 2779//2779
f 2769//2769 2778//2778 2779//2779
f 2769//2769 2768//2768 2778//2778
f 2769//2769 2780//2780 2770//2770
f 2770//2770 2780//2780 2781//2781
f 2770//2770 2781//2781 2771//2771
f 2772//2772 2773//2773 2782//2782
f 2782//2782 2773//2773 2783//2783
f 2772//2772 2784//2784 2774//2774
f 2772//2772 2782//2782 2784//2784
f 2774//2774 2785//2785 2775//2775
f 2774//2774 2784//2784 2785//2785
f 2775//2775 2786//2786 2776//2776
f 2775//2775 2785//2785 2786//2786
f 2776//2776 2787//2787 2777//2777
f 2776//2776 2786//2786 2787//2787
f 2777//2777 2788//2788 2778//2778
f 2777//2777 2787//2787 2788//2788
f 2779//2779 2778//2778 2789//2789
f 2789//2789 2778//2778 2788//2788
f 2782//2782 2783//2783 2790//2790
f 2790//2790 2783//2783 2791//2791
f 2782//2782 2792//2792 2784//2784
f 2782//2782 2790//2790 2792//2792
f 2794//2794 2785//2785 2793//2793
f 2785//2785 2792//2792 2793//2793
f 2785//2785 2784//2784 2792//2792
f 2785//2785 2794//2794 2786//2786
f 2786//2786 2794//2794 2795//2795
f 2786//2786 2795//2795 2787//2787
f 2787//2787 2795//2795 2796//2796
f 2787//2787 2796//2796 2788//2788
f 2788//2788 2796//2796 2797//2797
f 2788//2788 2797//2797 2789//2789
f 2791//2791 2798//2798 2790//2790
f 2790//2790 2798//2798 2792//2792
f 2792//2792 2798//2798 2799//2799
f 2792//2792 2799//2799 2793//2793
f 2802//2802 2801//2801 2800//2800
f 2804//2804 2803//2803 2800//2800
f 2800//2800 2803//2803 2802//2802
f 2806//2806 2805//2805 2804//2804
f 2804//2804 2805//2805 2803//2803
f 2808//2808 2807//2807 2806//2806
f 2806//2806 2807//2807 2805//2805
f 2808//2808 2809//2809 2807//2807
f 2812//2812 2811//2811 2810//2810
f 2812//2812 2810//2810 2801//2801
f 2801//2801 2810//2810 2800//2800
f 2810//2810 2661//2661 2800//2800
f 2661//2661 2662//2662 2800//2800
f 2800//2800 2662//2662 2663//2663
f 2800//2800 2663//2663 2804//2804
f 2804//2804 2663//2663 2665//2665
f 2804//2804 2665//2665 2806//2806
f 2806//2806 2665//2665 2667//2667
f 2806//2806 2667//2667 2808//2808
f 2814//2814 2813//2813 2669//2669
f 2669//2669 2813//2813 2667//2667
f 2813//2813 2809//2809 2667//2667
f 2809//2809 2808//2808 2667//2667
f 2814//2814 2815//2815 2813//2813
f 2818//2818 2817//2817 2816//2816
f 2816//2816 2819//2819 2818//2818
f 2810//2810 2811//2811 2820//2820
f 2820//2820 2811//2811 2821//2821
f 2820//2820 2671//2671 2661//2661
f 2820//2820 2661//2661 2810//2810
f 2673//2673 2822//2822 2814//2814
f 2673//2673 2814//2814 2669//2669
f 2815//2815 2814//2814 2823//2823
f 2814//2814 2824//2824 2823//2823
f 2814//2814 2822//2822 2824//2824
f 2826//2826 2825//2825 2824//2824
f 2824//2824 2825//2825 2823//2823
f 2828//2828 2827//2827 2826//2826
f 2826//2826 2827//2827 2825//2825
f 2827//2827 2828//2828 2817//2817
f 2817//2817 2828//2828 2816//2816
f 2828//2828 2675//2675 2816//2816
f 2675//2675 2676//2676 2816//2816
f 2830//2830 2829//2829 2677//2677
f 2677//2677 2829//2829 2676//2676
f 2829//2829 2819//2819 2676//2676
f 2819//2819 2816//2816 2676//2676
f 2832//2832 2831//2831 2830//2830
f 2830//2830 2831//2831 2829//2829
f 2834//2834 2833//2833 2832//2832
f 2832//2832 2833//2833 2831//2831
f 2834//2834 2835//2835 2833//2833
f 2821//2821 2836//2836 2820//2820
f 2836//2836 2838//2838 2837//2837
f 2836//2836 2837//2837 2678//2678
f 2820//2820 2836//2836 2678//2678
f 2671//2671 2820//2820 2678//2678
f 2837//2837 2680//2680 2678//2678
f 2682//2682 2822//2822 2673//2673
f 2822//2822 2682//2682 2684//2684
f 2822//2822 2684//2684 2824//2824
f 2824//2824 2684//2684 2686//2686
f 2824//2824 2686//2686 2826//2826
f 2826//2826 2686//2686 2688//2688
f 2826//2826 2688//2688 2828//2828
f 2828//2828 2688//2688 2675//2675
f 2691//2691 2830//2830 2677//2677
f 2830//2830 2691//2691 2693//2693
f 2830//2830 2693//2693 2832//2832
f 2832//2832 2693//2693 2695//2695
f 2832//2832 2695//2695 2834//2834
f 2840//2840 2839//2839 2697//2697
f 2697//2697 2839//2839 2695//2695
f 2839//2839 2835//2835 2695//2695
f 2835//2835 2834//2834 2695//2695
f 2842//2842 2841//2841 2840//2840
f 2840//2840 2841//2841 2839//2839
f 2842//2842 2843//2843 2841//2841
f 2837//2837 2838//2838 2844//2844
f 2844//2844 2838//2838 2845//2845
f 2844//2844 2699//2699 2680//2680
f 2844//2844 2680//2680 2837//2837
f 2710//2710 2840//2840 2697//2697
f 2840//2840 2710//2710 2712//2712
f 2840//2840 2712//2712 2842//2842
f 2847//2847 2846//2846 2714//2714
f 2714//2714 2846//2846 2712//2712
f 2846//2846 2843//2843 2712//2712
f 2843//2843 2842//2842 2712//2712
f 2849//2849 2848//2848 2847//2847
f 2847//2847 2848//2848 2846//2846
f 2849//2849 2850//2850 2848//2848
f 2844//2844 2845//2845 2851//2851
f 2851//2851 2845//2845 2852//2852
f 2851//2851 2716//2716 2699//2699
f 2851//2851 2699//2699 2844//2844
f 2727//2727 2847//2847 2714//2714
f 2847//2847 2727//2727 2729//2729
f 2847//2847 2729//2729 2849//2849
f 2854//2854 2853//2853 2731//2731
f 2731//2731 2853//2853 2729//2729
f 2853//2853 2850//2850 2729//2729
f 2850//2850 2849//2849 2729//2729
f 2854//2854 2855//2855 2853//2853
f 2858//2858 2857//2857 2856//2856
f 2860//2860 2859//2859 2856//2856
f 2856//2856 2859//2859 2858//2858
f 2860//2860 2861//2861 2859//2859
f 2851//2851 2852//2852 2862//2862
f 2862//2862 2852//2852 2863//2863
f 2862//2862 2733//2733 2716//2716
f 2862//2862 2716//2716 2851//2851
f 2741//2741 2864//2864 2742//2742
f 2865//2865 2743//2743 2742//2742
f 2865//2865 2742//2742 2864//2864
f 2866//2866 2744//2744 2743//2743
f 2866//2866 2743//2743 2865//2865
f 2867//2867 2745//2745 2744//2744
f 2867//2867 2744//2744 2866//2866
f 2867//2867 2747//2747 2745//2745
f 2748//2748 2868//2868 2749//2749
f 2869//2869 2750//2750 2749//2749
f 2869//2869 2749//2749 2868//2868
f 2869//2869 2870//2870 2750//2750
f 2750//2750 2870//2870 2731//2731
f 2870//2870 2871//2871 2731//2731
f 2871//2871 2854//2854 2731//2731
f 2854//2854 2871//2871 2855//2855
f 2856//2856 2857//2857 2872//2872
f 2872//2872 2857//2857 2873//2873
f 2856//2856 2874//2874 2860//2860
f 2856//2856 2872//2872 2874//2874
f 2861//2861 2860//2860 2875//2875
f 2860//2860 2876//2876 2875//2875
f 2860//2860 2874//2874 2876//2876
f 2878//2878 2877//2877 2876//2876
f 2876//2876 2877//2877 2875//2875
f 2880//2880 2879//2879 2878//2878
f 2878//2878 2879//2879 2877//2877
f 2879//2879 2880//2880 2863//2863
f 2880//2880 2862//2862 2863//2863
f 2880//2880 2881//2881 2862//2862
f 2881//2881 2752//2752 2733//2733
f 2881//2881 2733//2733 2862//2862
f 2760//2760 2882//2882 2864//2864
f 2760//2760 2864//2864 2741//2741
f 2884//2884 2865//2865 2883//2883
f 2865//2865 2882//2882 2883//2883
f 2865//2865 2864//2864 2882//2882
f 2865//2865 2884//2884 2866//2866
f 2866//2866 2884//2884 2885//2885
f 2866//2866 2885//2885 2867//2867
f 2867//2867 2885//2885 2886//2886
f 2886//2886 2888//2888 2887//2887
f 2886//2886 2887//2887 2761//2761
f 2867//2867 2886//2886 2761//2761
f 2747//2747 2867//2867 2761//2761
f 2887//2887 2889//2889 2761//2761
f 2761//2761 2889//2889 2748//2748
f 2889//2889 2890//2890 2748//2748
f 2890//2890 2868//2868 2748//2748
f 2868//2868 2890//2890 2869//2869
f 2869//2869 2890//2890 2891//2891
f 2869//2869 2891//2891 2870//2870
f 2872//2872 2873//2873 2892//2892
f 2892//2892 2873//2873 2893//2893
f 2872//2872 2894//2894 2874//2874
f 2872//2872 2892//2892 2894//2894
f 2874//2874 2895//2895 2876//2876
f 2874//2874 2894//2894 2895//2895
f 2876//2876 2896//2896 2878//2878
f 2876//2876 2895//2895 2896//2896
f 2878//2878 2897//2897 2880//2880
f 2878//2878 2896//2896 2897//2897
f 2880//2880 2898//2898 2881//2881
f 2880//2880 2897//2897 2898//2898
f 2898//2898 2763//2763 2752//2752
f 2898//2898 2752//2752 2881//2881
f 2771//2771 2899//2899 2882//2882
f 2771//2771 2882//2882 2760//2760
f 2883//2883 2882//2882 2900//2900
f 2900//2900 2882//2882 2899//2899
f 2888//2888 2901//2901 2887//2887
f 2887//2887 2901//2901 2889//2889
f 2893//2893 2902//2902 2892//2892
f 2904//2904 2903//2903 2902//2902
f 2903//2903 2892//2892 2902//2902
f 2903//2903 2894//2894 2892//2892
f 2894//2894 2905//2905 2895//2895
f 2894//2894 2903//2903 2905//2905
f 2895//2895 2906//2906 2896//2896
f 2895//2895 2905//2905 2906//2906
f 2896//2896 2907//2907 2897//2897
f 2896//2896 2906//2906 2907//2907
f 2897//2897 2908//2908 2898//2898
f 2897//2897 2907//2907 2908//2908
f 2908//2908 2773//2773 2763//2763
f 2908//2908 2763//2763 2898//2898
f 2779//2779 2909//2909 2780//2780
f 2910//2910 2781//2781 2780//2780
f 2910//2910 2780//2780 2909//2909
f 2910//2910 2911//2911 2781//2781
f 2781//2781 2911//2911 2771//2771
f 2911//2911 2912//2912 2771//2771
f 2912//2912 2899//2899 2771//2771
f 2899//2899 2912//2912 2900//2900
f 2904//2904 2913//2913 2903//2903
f 2903//2903 2913//2913 2905//2905
f 2905//2905 2913//2913 2914//2914
f 2916//2916 2915//2915 2914//2914
f 2915//2915 2905//2905 2914//2914
f 2915//2915 2906//2906 2905//2905
f 2906//2906 2917//2917 2907//2907
f 2906//2906 2915//2915 2917//2917
f 2907//2907 2918//2918 2908//2908
f 2907//2907 2917//2917 2918//2918
f 2918//2918 2783//2783 2773//2773
f 2918//2918 2773//2773 2908//2908
f 2789//2789 2919//2919 2909//2909
f 2789//2789 2909//2909 2779//2779
f 2921//2921 2910//2910 2920//2920
f 2910//2910 2919//2919 2920//2920
f 2910//2910 2909//2909 2919//2919
f 2910//2910 2921//2921 2911//2911
f 2915//2915 2916//2916 2922//2922
f 2922//2922 2916//2916 2923//2923
f 2915//2915 2924//2924 2917//2917
f 2915//2915 2922//2922 2924//2924
f 2917//2917 2925//2925 2918//2918
f 2917//2917 2924//2924 2925//2925
f 2925//2925 2791//2791 2783//2783
f 2925//2925 2783//2783 2918//2918
f 2793//2793 2926//2926 2794//2794
f 2927//2927 2795//2795 2794//2794
f 2927//2927 2794//2794 2926//2926
f 2928//2928 2796//2796 2795//2795
f 2928//2928 2795//2795 2927//2927
f 2929//2929 2797//2797 2796//2796
f 2929//2929 2796//2796 2928//2928
f 2929//2929 2930//2930 2797//2797
f 2797//2797 2930//2930 2789//2789
f 2930//2930 2931//2931 2789//2789
f 2931//2931 2919//2919 2789//2789
f 2919//2919 2931//2931 2920//2920
f 2922//2922 2923//2923 2932//2932
f 2932//2932 2923//2923 2933//2933
f 2922//2922 2934//2934 2924//2924
f 2922//2922 2932//2932 2934//2934
f 2924//2924 2935//2935 2925//2925
f 2924//2924 2934//2934 2935//2935
f 2936//2936 2798//2798 2791//2791
f 2925//2925 2936//2936 2791//2791
f 2935//2935 2936//2936 2925//2925
f 2937//2937 2799//2799 2798//2798
f 2937//2937 2798//2798 2936//2936
f 2926//2926 2793//2793 2799//2799
f 2937//2937 2926//2926 2799//2799
f 2938//2938 2926//2926 2937//2937
f 2940//2940 2927//2927 2939//2939
f 2927//2927 2938//2938 2939//2939
f 2927//2927 2926//2926 2938//2938
f 2927//2927 2940//2940 2928//2928
f 2928//2928 2940//2940 2941//2941
f 2928//2928 2941//2941 2929//2929
f 2929//2929 2941//2941 2942//2942
f 2929//2929 2942//2942 2930//2930
f 2945//2945 2944//2944 2943//2943
f 2945//2945 2943//2943 2933//2933
f 2943//2943 2932//2932 2933//2933
f 2943//2943 2946//2946 2932//2932
f 2932//2932 2947//2947 2934//2934
f 2932//2932 2946//2946 2947//2947
f 2934//2934 2948//2948 2935//2935
f 2934//2934 2947//2947 2948//2948
f 2935//2935 2949//2949 2936//2936
f 2935//2935 2948//2948 2949//2949
f 2951//2951 2937//2937 2950//2950
f 2937//2937 2949//2949 2950//2950
f 2937//2937 2936//2936 2949//2949
f 2937//2937 2951//2951 2938//2938
f 2938//2938 2951//2951 2952//2952
f 2938//2938 2952//2952 2939//2939
f 2955//2955 2954//2954 2953//2953
f 2957//2957 2956//2956 2953//2953
f 2953//2953 2956//2956 2955//2955
f 2959//2959 2958//2958 2957//2957
f 2957//2957 2958//2958 2956//2956
f 2958//2958 2959//2959 2944//2944
f 2959//2959 2943//2943 2944//2944
f 2959//2959 2960//2960 2943//2943
f 2962//2962 2946//2946 2961//2961
f 2946//2946 2960//2960 2961//2961
f 2946//2946 2943//2943 2960//2960
f 2946//2946 2962//2962 2947//2947
f 2947//2947 2962//2962 2963//2963
f 2947//2947 2963//2963 2948//2948
f 2948//2948 2963//2963 2964//2964
f 2948//2948 2964//2964 2949//2949
f 2949//2949 2964//2964 2965//2965
f 2949//2949 2965//2965 2950//2950
f 2954//2954 2966//2966 2953//2953
f 2953//2953 2966//2966 2957//2957
f 2957//2957 2966//2966 2967//2967
f 2957//2957 2967//2967 2959//2959
f 2959//2959 2967//2967 2968//2968
f 2959//2959 2968//2968 2960//2960
f 2960//2960 2968//2968 2969//2969
f 2960//2960 2969//2969 2961//2961
f 2972//2972 2971//2971 2970//2970
f 2974//2974 2973//2973 2970//2970
f 2970//2970 2973//2973 2972//2972
f 2976//2976 2975//2975 2974//2974
f 2974//2974 2975//2975 2973//2973
f 2978//2978 2977//2977 2976//2976
f 2976//2976 2977//2977 2975//2975
f 2978//2978 2979//2979 2977//2977
f 2982//2982 2981//2981 2980//2980
f 2982//2982 2980//2980 2971//2971
f 2971//2971 2980//2980 2970//2970
f 2980//2980 2801//2801 2970//2970
f 2801//2801 2802//2802 2970//2970
f 2970//2970 2802//2802 2803//2803
f 2970//2970 2803//2803 2974//2974
f 2974//2974 2803//2803 2805//2805
f 2974//2974 2805//2805 2976//2976
f 2976//2976 2805//2805 2807//2807
f 2976//2976 2807//2807 2978//2978
f 2984//2984 2983//2983 2809//2809
f 2809//2809 2983//2983 2807//2807
f 2983//2983 2979//2979 2807//2807
f 2979//2979 2978//2978 2807//2807
f 2984//2984 2985//2985 2983//2983
f 2988//2988 2987//2987 2986//2986
f 2986//2986 2989//2989 2988//2988
f 2992//2992 2991//2991 2990//2990
f 2992//2992 2990//2990 2981//2981
f 2981//2981 2990//2990 2980//2980
f 2990//2990 2811//2811 2980//2980
f 2811//2811 2812//2812 2980//2980
f 2980//2980 2812//2812 2801//2801
f 2813//2813 2984//2984 2809//2809
f 2994//2994 2993//2993 2815//2815
f 2815//2815 2993//2993 2813//2813
f 2993//2993 2985//2985 2813//2813
f 2985//2985 2984//2984 2813//2813
f 2996//2996 2995//2995 2994//2994
f 2994//2994 2995//2995 2993//2993
f 2998//2998 2997//2997 2996//2996
f 2996//2996 2997//2997 2995//2995
f 2997//2997 2998//2998 2987//2987
f 2987//2987 2998//2998 2986//2986
f 2998//2998 2817//2817 2986//2986
f 2817//2817 2818//2818 2986//2986
f 3000//3000 2999//2999 2819//2819
f 2819//2819 2999//2999 2818//2818
f 2999//2999 2989//2989 2818//2818
f 2989//2989 2986//2986 2818//2818
f 3002//3002 3001//3001 3000//3000
f 3000//3000 3001//3001 2999//2999
f 3004//3004 3003//3003 3002//3002
f 3002//3002 3003//3003 3001//3001
f 3004//3004 3005//3005 3003//3003
f 2990//2990 2991//2991 3006//3006
f 3006//3006 2991//2991 3007//3007
f 3006//3006 2821//2821 2811//2811
f 3006//3006 2811//2811 2990//2990
f 2823//2823 2994//2994 2815//2815
f 2994//2994 2823//2823 2825//2825
f 2994//2994 2825//2825 2996//2996
f 2996//2996 2825//2825 2827//2827
f 2996//2996 2827//2827 2998//2998
f 2998//2998 2827//2827 2817//2817
f 2829//2829 3000//3000 2819//2819
f 3000//3000 2829//2829 2831//2831
f 3000//3000 2831//2831 3002//3002
f 3002//3002 2831//2831 2833//2833
f 3002//3002 2833//2833 3004//3004
f 3009//3009 3008//3008 2835//2835
f 2835//2835 3008//3008 2833//2833
f 3008//3008 3005//3005 2833//2833
f 3005//3005 3004//3004 2833//2833
f 3011//3011 3010//3010 3009//3009
f 3009//3009 3010//3010 3008//3008
f 3011//3011 3012//3012 3010//3010
f 3006//3006 3007//3007 3013//3013
f 3013//3013 3007//3007 3014//3014
f 3015//3015 2836//2836 2821//2821
f 3006//3006 3015//3015 2821//2821
f 3013//3013 3015//3015 3006//3006
f 3015//3015 2838//2838 2836//2836
f 2839//2839 3009//3009 2835//2835
f 3009//3009 2839//2839 2841//2841
f 3009//3009 2841//2841 3011//3011
f 3017//3017 3016//3016 2843//2843
f 2843//2843 3016//3016 2841//2841
f 3016//3016 3012//3012 2841//2841
f 3012//3012 3011//3011 2841//2841
f 3019//3019 3018//3018 3017//3017
f 3017//3017 3018//3018 3016//3016
f 3019//3019 3020//3020 3018//3018
f 3013//3013 3014//3014 3021//3021
f 3021//3021 3014//3014 3022//3022
f 3013//3013 3023//3023 3015//3015
f 3013//3013 3021//3021 3023//3023
f 3023//3023 2845//2845 2838//2838
f 3023//3023 2838//2838 3015//3015
f 2846//2846 3017//3017 2843//2843
f 3017//3017 2846//2846 2848//2848
f 3017//3017 2848//2848 3019//3019
f 3025//3025 3024//3024 2850//2850
f 2850//2850 3024//3024 2848//2848
f 3024//3024 3020//3020 2848//2848
f 3020//3020 3019//3019 2848//2848
f 3025//3025 3026//3026 3024//3024
f 3029//3029 3028//3028 3027//3027
f 3031//3031 3030//3030 3027//3027
f 3027//3027 3030//3030 3029//3029
f 3033//3033 3032//3032 3031//3031
f 3031//3031 3032//3032 3030//3030
f 3032//3032 3033//3033 3022//3022
f 3033//3033 3021//3021 3022//3022
f 3033//3033 3034//3034 3021//3021
f 3021//3021 3035//3035 3023//3023
f 3021//3021 3034//3034 3035//3035
f 3035//3035 2852//2852 2845//2845
f 3035//3035 2845//2845 3023//3023
f 2853//2853 3025//3025 2850//2850
f 3037//3037 3036//3036 2855//2855
f 2855//2855 3036//3036 2853//2853
f 3036//3036 3026//3026 2853//2853
f 3026//3026 3025//3025 2853//2853
f 3037//3037 3038//3038 3036//3036
f 3041//3041 3040//3040 3039//3039
f 3041//3041 3039//3039 3028//3028
f 3028//3028 3039//3039 3027//3027
f 3039//3039 2857//2857 3027//3027
f 2857//2857 2858//2858 3027//3027
f 3027//3027 2858//2858 2859//2859
f 3027//3027 2859//2859 3031//3031
f 3031//3031 2859//2859 2861//2861
f 3042//3042 3031//3031 2861//2861
f 3033//3033 3031//3031 3042//3042
f 3033//3033 3043//3043 3034//3034
f 3033//3033 3042//3042 3043//3043
f 3034//3034 3044//3044 3035//3035
f 3034//3034 3043//3043 3044//3044
f 3044//3044 2863//2863 2852//2852
f 3044//3044 2852//2852 3035//3035
f 2870//2870 3045//3045 2871//2871
f 3045//3045 3046//3046 2871//2871
f 2871//2871 3046//3046 2855//2855
f 3046//3046 3047//3047 2855//2855
f 3047//3047 3037//3037 2855//2855
f 3037//3037 3047//3047 3038//3038
f 3039//3039 3040//3040 3048//3048
f 3048//3048 3040//3040 3049//3049
f 3048//3048 2873//2873 2857//2857
f 3048//3048 2857//2857 3039//3039
f 2875//2875 3042//3042 2861//2861
f 3042//3042 2875//2875 2877//2877
f 3042//3042 2877//2877 3043//3043
f 3043//3043 2877//2877 2879//2879
f 3043//3043 2879//2879 3044//3044
f 3044//3044 2879//2879 2863//2863
f 2883//2883 3050//3050 2884//2884
f 3051//3051 2885//2885 2884//2884
f 3051//3051 2884//2884 3050//3050
f 3052//3052 2886//2886 2885//2885
f 3052//3052 2885//2885 3051//3051
f 3052//3052 2888//2888 2886//2886
f 2889//2889 3053//3053 2890//2890
f 3054//3054 2891//2891 2890//2890
f 3054//3054 2890//2890 3053//3053
f 3054//3054 3055//3055 2891//2891
f 2891//2891 3055//3055 2870//2870
f 3055//3055 3056//3056 2870//2870
f 3056//3056 3045//3045 2870//2870
f 3045//3045 3056//3056 3046//3046
f 3048//3048 3049//3049 3057//3057
f 3057//3057 3049//3049 3058//3058
f 3057//3057 2893//2893 2873//2873
f 3057//3057 2873//2873 3048//3048
f 2900//2900 3059//3059 3050//3050
f 2900//2900 3050//3050 2883//2883
f 3050//3050 3060//3060 3051//3051
f 3050//3050 3059//3059 3060//3060
f 3051//3051 3061//3061 3052//3052
f 3051//3051 3060//3060 3061//3061
f 3062//3062 2901//2901 2888//2888
f 3052//3052 3062//3062 2888//2888
f 3061//3061 3062//3062 3052//3052
f 3062//3062 3063//3063 2901//2901
f 2901//2901 3063//3063 2889//2889
f 3063//3063 3064//3064 2889//2889
f 3064//3064 3053//3053 2889//2889
f 3053//3053 3064//3064 3054//3054
f 3054//3054 3064//3064 3065//3065
f 3054//3054 3065//3065 3055//3055
f 3058//3058 3066//3066 3057//3057
f 3066//3066 3068//3068 3067//3067
f 3066//3066 3067//3067 2902//2902
f 3057//3057 3066//3066 2902//2902
f 2893//2893 3057//3057 2902//2902
f 3067//3067 2904//2904 2902//2902
f 2911//2911 3069//3069 2912//2912
f 3069//3069 3070//3070 2912//2912
f 2912//2912 3070//3070 2900//2900
f 3070//3070 3071//3071 2900//2900
f 3071//3071 3059//3059 2900//2900
f 3059//3059 3071//3071 3060//3060
f 3060//3060 3071//3071 3072//3072
f 3060//3060 3072//3072 3061//3061
f 3061//3061 3072//3072 3073//3073
f 3061//3061 3073//3073 3062//3062
f 3062//3062 3073//3073 3074//3074
f 3062//3062 3074//3074 3063//3063
f 3068//3068 3075//3075 3067//3067
f 3075//3075 3077//3077 3076//3076
f 3075//3075 3076//3076 2913//2913
f 3067//3067 3075//3075 2913//2913
f 2904//2904 3067//3067 2913//2913
f 3078//3078 2914//2914 2913//2913
f 3078//3078 2913//2913 3076//3076
f 3078//3078 2916//2916 2914//2914
f 2920//2920 3079//3079 2921//2921
f 3079//3079 3080//3080 2921//2921
f 2921//2921 3080//3080 2911//2911
f 3080//3080 3081//3081 2911//2911
f 3081//3081 3069//3069 2911//2911
f 3069//3069 3081//3081 3070//3070
f 3076//3076 3077//3077 3082//3082
f 3082//3082 3077//3077 3083//3083
f 3076//3076 3084//3084 3078//3078
f 3076//3076 3082//3082 3084//3084
f 3084//3084 2923//2923 2916//2916
f 3084//3084 2916//2916 3078//3078
f 2930//2930 3085//3085 2931//2931
f 3085//3085 3086//3086 2931//2931
f 2931//2931 3086//3086 2920//2920
f 3086//3086 3087//3087 2920//2920
f 3087//3087 3079//3079 2920//2920
f 3079//3079 3087//3087 3080//3080
f 3082//3082 3083//3083 3088//3088
f 3088//3088 3083//3083 3089//3089
f 3082//3082 3090//3090 3084//3084
f 3082//3082 3088//3088 3090//3090
f 3090//3090 2933//2933 2923//2923
f 3090//3090 2923//2923 3084//3084
f 2939//2939 3091//3091 2940//2940
f 3092//3092 2941//2941 2940//2940
f 3092//3092 2940//2940 3091//3091
f 3093//3093 2942//2942 2941//2941
f 3093//3093 2941//2941 3092//3092
f 3093//3093 3094//3094 2942//2942
f 2942//2942 3094//3094 2930//2930
f 3094//3094 3095//3095 2930//2930
f 3095//3095 3085//3085 2930//2930
f 3085//3085 3095//3095 3086//3086
f 3098//3098 3097//3097 3096//3096
f 3100//3100 3099//3099 3096//3096
f 3096//3096 3099//3099 3098//3098
f 3099//3099 3100//3100 3089//3089
f 3100//3100 3088//3088 3089//3089
f 3100//3100 3101//3101 3088//3088
f 3101//3101 2944//2944 2945//2945
f 3090//3090 3101//3101 2945//2945
f 3088//3088 3101//3101 3090//3090
f 3090//3090 2945//2945 2933//2933
f 2950//2950 3102//3102 2951//2951
f 3103//3103 2952//2952 2951//2951
f 3103//3103 2951//2951 3102//3102
f 3103//3103 3104//3104 2952//2952
f 2952//2952 3104//3104 2939//2939
f 3104//3104 3105//3105 2939//2939
f 3105//3105 3091//3091 2939//2939
f 3091//3091 3105//3105 3092//3092
f 3092//3092 3105//3105 3106//3106
f 3092//3092 3106//3106 3093//3093
f 3093//3093 3106//3106 3107//3107
f 3093//3093 3107//3107 3094//3094
f 3110//3110 3109//3109 3108//3108
f 3110//3110 3108//3108 3097//3097
f 3097//3097 3108//3108 3096//3096
f 3108//3108 2954//2954 3096//3096
f 2954//2954 2955//2955 3096//3096
f 3096//3096 2955//2955 2956//2956
f 3096//3096 2956//2956 3100//3100
f 3100//3100 2956//2956 2958//2958
f 3100//3100 2958//2958 3101//3101
f 3101//3101 2958//2958 2944//2944
f 2961//2961 3111//3111 2962//2962
f 3112//3112 2963//2963 2962//2962
f 3112//3112 2962//2962 3111//3111
f 3113//3113 2964//2964 2963//2963
f 3113//3113 2963//2963 3112//3112
f 3114//3114 2965//2965 2964//2964
f 3114//3114 2964//2964 3113//3113
f 3114//3114 3115//3115 2965//2965
f 2965//2965 3115//3115 2950//2950
f 3115//3115 3116//3116 2950//2950
f 3116//3116 3102//3102 2950//2950
f 3102//3102 3116//3116 3103//3103
f 3103//3103 3116//3116 3117//3117
f 3103//3103 3117//3117 3104//3104
f 3109//3109 3118//3118 3108//3108
f 3118//3118 3120//3120 3119//3119
f 3118//3118 3119//3119 2966//2966
f 3108//3108 3118//3118 2966//2966
f 2954//2954 3108//3108 2966//2966
f 3121//3121 2967//2967 2966//2966
f 3121//3121 2966//2966 3119//3119
f 3122//3122 2968//2968 2967//2967
f 3122//3122 2967//2967 3121//3121
f 3123//3123 2969//2969 2968//2968
f 3123//3123 2968//2968 3122//3122
f 3123//3123 3124//3124 2969//2969
f 2969//2969 3124//3124 2961//2961
f 3124//3124 3125//3125 2961//2961
f 3125//3125 3111//3111 2961//2961
f 3111//3111 3125//3125 3112//3112
f 3112//3112 3125//3125 3126//3126
f 3112//3112 3126//3126 3113//3113
f 3113//3113 3126//3126 3127//3127
f 3113//3113 3127//3127 3114//3114
f 3114//3114 3127//3127 3128//3128
f 3114//3114 3128//3128 3115//3115
f 3120//3120 3129//3129 3119//3119
f 3119//3119 3129//3129 3121//3121
f 3121//3121 3129//3129 3130//3130
f 3121//3121 3130//3130 3122//3122
f 3122//3122 3130//3130 3131//3131
f 3122//3122 3131//3131 3123//3123
f 3123//3123 3131//3131 3132//3132
f 3123//3123 3132//3132 3124//3124
f 3133//3133 2971//2971 2972//2972
f 2973//2973 3134//3134 2972//2972
f 2972//2972 3134//3134 3133//3133
f 2975//2975 3135//3135 2973//2973
f 2973//2973 3135//3135 3134//3134
f 2977//2977 3136//3136 2975//2975
f 2975//2975 3136//3136 3135//3135
f 2979//2979 3136//3136 2977//2977
f 3137//3137 2981//2981 2982//2982
f 3138//3138 3137//3137 2982//2982
f 3138//3138 2982//2982 2971//2971
f 3139//3139 3138//3138 2971//2971
f 3133//3133 3139//3139 2971//2971
f 3139//3139 3133//3133 3134//3134
f 3139//3139 3134//3134 3140//3140
f 3140//3140 3134//3134 3135//3135
f 3140//3140 3135//3135 3141//3141
f 3141//3141 3135//3135 3136//3136
f 3141//3141 3136//3136 3142//3142
f 3144//3144 3142//3142 3143//3143
f 3143//3143 3142//3142 2983//2983
f 3142//3142 3136//3136 2983//2983
f 3136//3136 2979//2979 2983//2983
f 2985//2985 3143//3143 2983//2983
f 3145//3145 2987//2987 2988//2988
f 2989//2989 3145//3145 2988//2988
f 3146//3146 2991//2991 2992//2992
f 3147//3147 3146//3146 2992//2992
f 3147//3147 2992//2992 2981//2981
f 3148//3148 3147//3147 2981//2981
f 3137//3137 3148//3148 2981//2981
f 3148//3148 3137//3137 3138//3138
f 3149//3149 3144//3144 3143//3143
f 3151//3151 3149//3149 3150//3150
f 3150//3150 3149//3149 2993//2993
f 3149//3149 3143//3143 2993//2993
f 3143//3143 2985//2985 2993//2993
f 2995//2995 3152//3152 2993//2993
f 2993//2993 3152//3152 3150//3150
f 2997//2997 3153//3153 2995//2995
f 2995//2995 3153//3153 3152//3152
f 3154//3154 3153//3153 2997//2997
f 3154//3154 2997//2997 2987//2987
f 3155//3155 3154//3154 2987//2987
f 3145//3145 3155//3155 2987//2987
f 3157//3157 3155//3155 3156//3156
f 3156//3156 3155//3155 2999//2999
f 3155//3155 3145//3145 2999//2999
f 3145//3145 2989//2989 2999//2999
f 3001//3001 3158//3158 2999//2999
f 2999//2999 3158//3158 3156//3156
f 3003//3003 3159//3159 3001//3001
f 3001//3001 3159//3159 3158//3158
f 3005//3005 3159//3159 3003//3003
f 3160//3160 3007//3007 3146//3146
f 3146//3146 3007//3007 2991//2991
f 3146//3146 3147//3147 3161//3161
f 3146//3146 3161//3161 3160//3160
f 3162//3162 3151//3151 3150//3150
f 3162//3162 3150//3150 3152//3152
f 3162//3162 3152//3152 3163//3163
f 3163//3163 3152//3152 3153//3153
f 3163//3163 3153//3153 3164//3164
f 3164//3164 3153//3153 3154//3154
f 3165//3165 3157//3157 3156//3156
f 3165//3165 3156//3156 3158//3158
f 3165//3165 3158//3158 3166//3166
f 3166//3166 3158//3158 3159//3159
f 3166//3166 3159//3159 3167//3167
f 3169//3169 3167//3167 3168//3168
f 3168//3168 3167//3167 3008//3008
f 3167//3167 3159//3159 3008//3008
f 3159//3159 3005//3005 3008//3008
f 3010//3010 3170//3170 3008//3008
f 3008//3008 3170//3170 3168//3168
f 3012//3012 3170//3170 3010//3010
f 3171//3171 3014//3014 3160//3160
f 3160//3160 3014//3014 3007//3007
f 3160//3160 3161//3161 3172//3172
f 3160//3160 3172//3172 3171//3171
f 3173//3173 3169//3169 3168//3168
f 3173//3173 3168//3168 3170//3170
f 3173//3173 3170//3170 3174//3174
f 3176//3176 3174//3174 3175//3175
f 3175//3175 3174//3174 3016//3016
f 3174//3174 3170//3170 3016//3016
f 3170//3170 3012//3012 3016//3016
f 3018//3018 3177//3177 3016//3016
f 3016//3016 3177//3177 3175//3175
f 3020//3020 3177//3177 3018//3018
f 3180//3180 3179//3179 3178//3178
f 3182//3182 3181//3181 3178//3178
f 3178//3178 3181//3181 3180//3180
f 3184//3184 3183//3183 3182//3182
f 3182//3182 3183//3183 3181//3181
f 3185//3185 3183//3183 3171//3171
f 3183//3183 3022//3022 3171//3171
f 3022//3022 3014//3014 3171//3171
f 3183//3183 3184//3184 3022//3022
f 3185//3185 3171//3171 3172//3172
f 3186//3186 3176//3176 3175//3175
f 3186//3186 3175//3175 3177//3177
f 3186//3186 3177//3177 3187//3187
f 3189//3189 3187//3187 3188//3188
f 3188//3188 3187//3187 3024//3024
f 3187//3187 3177//3177 3024//3024
f 3177//3177 3020//3020 3024//3024
f 3026//3026 3188//3188 3024//3024
f 3192//3192 3191//3191 3190//3190
f 3192//3192 3190//3190 3179//3179
f 3179//3179 3190//3190 3178//3178
f 3190//3190 3028//3028 3178//3178
f 3028//3028 3029//3029 3178//3178
f 3178//3178 3029//3029 3030//3030
f 3178//3178 3030//3030 3182//3182
f 3182//3182 3030//3030 3032//3032
f 3182//3182 3032//3032 3184//3184
f 3184//3184 3032//3032 3022//3022
f 3193//3193 3189//3189 3188//3188
f 3195//3195 3193//3193 3194//3194
f 3194//3194 3193//3193 3036//3036
f 3193//3193 3188//3188 3036//3036
f 3188//3188 3026//3026 3036//3036
f 3038//3038 3194//3194 3036//3036
f 3198//3198 3197//3197 3196//3196
f 3198//3198 3196//3196 3191//3191
f 3191//3191 3196//3196 3190//3190
f 3196//3196 3040//3040 3190//3190
f 3040//3040 3041//3041 3190//3190
f 3190//3190 3041//3041 3028//3028
f 3201//3201 3200//3200 3199//3199
f 3199//3199 3200//3200 3195//3195
f 3199//3199 3195//3195 3194//3194
f 3046//3046 3199//3199 3194//3194
f 3047//3047 3046//3046 3194//3194
f 3047//3047 3194//3194 3038//3038
f 3196//3196 3197//3197 3202//3202
f 3202//3202 3197//3197 3203//3203
f 3202//3202 3049//3049 3040//3040
f 3202//3202 3040//3040 3196//3196
f 3206//3206 3205//3205 3204//3204
f 3208//3208 3207//3207 3204//3204
f 3208//3208 3204//3204 3205//3205
f 3207//3207 3208//3208 3201//3201
f 3207//3207 3201//3201 3199//3199
f 3055//3055 3207//3207 3199//3199
f 3056//3056 3055//3055 3199//3199
f 3056//3056 3199//3199 3046//3046
f 3202//3202 3203//3203 3209//3209
f 3209//3209 3203//3203 3210//3210
f 3209//3209 3058//3058 3049//3049
f 3209//3209 3049//3049 3202//3202
f 3213//3213 3212//3212 3211//3211
f 3215//3215 3214//3214 3211//3211
f 3215//3215 3211//3211 3212//3212
f 3217//3217 3216//3216 3214//3214
f 3217//3217 3214//3214 3215//3215
f 3219//3219 3218//3218 3216//3216
f 3219//3219 3216//3216 3217//3217
f 3218//3218 3219//3219 3206//3206
f 3218//3218 3206//3206 3204//3204
f 3063//3063 3218//3218 3204//3204
f 3064//3064 3063//3063 3204//3204
f 3064//3064 3204//3204 3065//3065
f 3065//3065 3204//3204 3207//3207
f 3065//3065 3207//3207 3055//3055
f 3210//3210 3220//3220 3209//3209
f 3220//3220 3222//3222 3221//3221
f 3220//3220 3221//3221 3066//3066
f 3209//3209 3220//3220 3066//3066
f 3058//3058 3209//3209 3066//3066
f 3221//3221 3068//3068 3066//3066
f 3213//3213 3211//3211 3071//3071
f 3070//3070 3213//3213 3071//3071
f 3223//3223 3213//3213 3070//3070
f 3071//3071 3211//3211 3072//3072
f 3072//3072 3211//3211 3214//3214
f 3072//3072 3214//3214 3073//3073
f 3073//3073 3214//3214 3216//3216
f 3073//3073 3216//3216 3074//3074
f 3074//3074 3216//3216 3218//3218
f 3074//3074 3218//3218 3063//3063
f 3221//3221 3222//3222 3224//3224
f 3224//3224 3222//3222 3225//3225
f 3226//3226 3075//3075 3068//3068
f 3221//3221 3226//3226 3068//3068
f 3224//3224 3226//3226 3221//3221
f 3226//3226 3077//3077 3075//3075
f 3228//3228 3227//3227 3081//3081
f 3228//3228 3081//3081 3080//3080
f 3070//3070 3081//3081 3223//3223
f 3223//3223 3081//3081 3227//3227
f 3224//3224 3225//3225 3229//3229
f 3229//3229 3225//3225 3230//3230
f 3224//3224 3231//3231 3226//3226
f 3224//3224 3229//3229 3231//3231
f 3231//3231 3083//3083 3077//3077
f 3231//3231 3077//3077 3226//3226
f 3233//3233 3232//3232 3087//3087
f 3233//3233 3087//3087 3086//3086
f 3080//3080 3087//3087 3228//3228
f 3228//3228 3087//3087 3232//3232
f 3229//3229 3230//3230 3234//3234
f 3234//3234 3230//3230 3235//3235
f 3229//3229 3236//3236 3231//3231
f 3229//3229 3234//3234 3236//3236
f 3236//3236 3089//3089 3083//3083
f 3236//3236 3083//3083 3231//3231
f 3239//3239 3238//3238 3237//3237
f 3095//3095 3094//3094 3237//3237
f 3238//3238 3095//3095 3237//3237
f 3240//3240 3095//3095 3238//3238
f 3086//3086 3095//3095 3233//3233
f 3233//3233 3095//3095 3240//3240
f 3243//3243 3242//3242 3241//3241
f 3243//3243 3241//3241 3235//3235
f 3235//3235 3241//3241 3234//3234
f 3241//3241 3097//3097 3234//3234
f 3097//3097 3098//3098 3234//3234
f 3234//3234 3098//3098 3099//3099
f 3234//3234 3099//3099 3236//3236
f 3236//3236 3099//3099 3089//3089
f 3104//3104 3244//3244 3105//3105
f 3105//3105 3244//3244 3245//3245
f 3246//3246 3105//3105 3245//3245
f 3106//3106 3105//3105 3246//3246
f 3237//3237 3107//3107 3239//3239
f 3107//3107 3246//3246 3239//3239
f 3107//3107 3106//3106 3246//3246
f 3107//3107 3237//3237 3094//3094
f 3249//3249 3248//3248 3247//3247
f 3249//3249 3247//3247 3242//3242
f 3242//3242 3247//3247 3241//3241
f 3247//3247 3109//3109 3241//3241
f 3109//3109 3110//3110 3241//3241
f 3241//3241 3110//3110 3097//3097
f 3115//3115 3250//3250 3116//3116
f 3251//3251 3117//3117 3116//3116
f 3251//3251 3116//3116 3250//3250
f 3251//3251 3252//3252 3117//3117
f 3117//3117 3252//3252 3104//3104
f 3252//3252 3253//3253 3104//3104
f 3253//3253 3244//3244 3104//3104
f 3244//3244 3253//3253 3245//3245
f 3248//3248 3254//3254 3247//3247
f 3254//3254 3256//3256 3255//3255
f 3254//3254 3255//3255 3118//3118
f 3247//3247 3254//3254 3118//3118
f 3109//3109 3247//3247 3118//3118
f 3255//3255 3120//3120 3118//3118
f 3124//3124 3257//3257 3125//3125
f 3258//3258 3126//3126 3125//3125
f 3258//3258 3125//3125 3257//3257
f 3259//3259 3127//3127 3126//3126
f 3259//3259 3126//3126 3258//3258
f 3260//3260 3128//3128 3127//3127
f 3260//3260 3127//3127 3259//3259
f 3260//3260 3261//3261 3128//3128
f 3128//3128 3261//3261 3115//3115
f 3261//3261 3262//3262 3115//3115
f 3262//3262 3250//3250 3115//3115
f 3250//3250 3262//3262 3251//3251
f 3251//3251 3262//3262 3263//3263
f 3251//3251 3263//3263 3252//3252
f 3256//3256 3264//3264 3255//3255
f 3264//3264 3266//3266 3265//3265
f 3264//3264 3265//3265 3129//3129
f 3255//3255 3264//3264 3129//3129
f 3120//3120 3255//3255 3129//3129
f 3267//3267 3130//3130 3129//3129
f 3267//3267 3129//3129 3265//3265
f 3268//3268 3131//3131 3130//3130
f 3268//3268 3130//3130 3267//3267
f 3269//3269 3132//3132 3131//3131
f 3269//3269 3131//3131 3268//3268
f 3269//3269 3270//3270 3132//3132
f 3132//3132 3270//3270 3124//3124
f 3270//3270 3271//3271 3124//3124
f 3271//3271 3257//3257 3124//3124
f 3257//3257 3271//3271 3258//3258
f 3258//3258 3271//3271 3272//3272
f 3258//3258 3272//3272 3259//3259
f 3259//3259 3272//3272 3273//3273
f 3259//3259 3273//3273 3260//3260
f 3260//3260 3273//3273 3274//3274
f 3260//3260 3274//3274 3261//3261
f 3266//3266 3275//3275 3265//3265
f 3265//3265 3275//3275 3267//3267
f 3267//3267 3275//3275 3276//3276
f 3267//3267 3276//3276 3268//3268
f 3268//3268 3276//3276 3277//3277
f 3268//3268 3277//3277 3269//3269
f 3269//3269 3277//3277 3278//3278
f 3269//3269 3278//3278 3270//3270
f 3279//3279 3138//3138 3139//3139
f 3140//3140 3280//3280 3139//3139
f 3139//3139 3280//3280 3279//3279
f 3141//3141 3281//3281 3140//3140
f 3140//3140 3281//3281 3280//3280
f 3142//3142 3282//3282 3141//3141
f 3141//3141 3282//3282 3281//3281
f 3144//3144 3282//3282 3142//3142
f 3283//3283 3147//3147 3148//3148
f 3284//3284 3283//3283 3148//3148
f 3284//3284 3148//3148 3138//3138
f 3285//3285 3284//3284 3138//3138
f 3279//3279 3285//3285 3138//3138
f 3285//3285 3279//3279 3280//3280
f 3285//3285 3280//3280 3286//3286
f 3286//3286 3280//3280 3281//3281
f 3286//3286 3281//3281 3287//3287
f 3287//3287 3281//3281 3282//3282
f 3287//3287 3282//3282 3288//3288
f 3290//3290 3288//3288 3289//3289
f 3289//3289 3288//3288 3149//3149
f 3288//3288 3282//3282 3149//3149
f 3282//3282 3144//3144 3149//3149
f 3151//3151 3289//3289 3149//3149
f 3291//3291 3154//3154 3155//3155
f 3157//3157 3291//3291 3155//3155
f 3292//3292 3161//3161 3283//3283
f 3283//3283 3161//3161 3147//3147
f 3283//3283 3284//3284 3293//3293
f 3283//3283 3293//3293 3292//3292
f 3290//3290 3289//3289 3294//3294
f 3290//3290 3294//3294 3295//3295
f 3162//3162 3296//3296 3151//3151
f 3296//3296 3289//3289 3151//3151
f 3296//3296 3294//3294 3289//3289
f 3163//3163 3297//3297 3162//3162
f 3162//3162 3297//3297 3296//3296
f 3164//3164 3298//3298 3163//3163
f 3163//3163 3298//3298 3297//3297
f 3299//3299 3298//3298 3164//3164
f 3299//3299 3164//3164 3154//3154
f 3300//3300 3299//3299 3154//3154
f 3291//3291 3300//3300 3154//3154
f 3302//3302 3300//3300 3301//3301
f 3301//3301 3300//3300 3165//3165
f 3300//3300 3291//3291 3165//3165
f 3291//3291 3157//3157 3165//3165
f 3166//3166 3303//3303 3165//3165
f 3165//3165 3303//3303 3301//3301
f 3167//3167 3304//3304 3166//3166
f 3166//3166 3304//3304 3303//3303
f 3169//3169 3304//3304 3167//3167
f 3305//3305 3172//3172 3292//3292
f 3292//3292 3172//3172 3161//3161
f 3292//3292 3293//3293 3306//3306
f 3307//3307 3292//3292 3306//3306
f 3305//3305 3292//3292 3307//3307
f 3309//3309 3308//3308 3307//3307
f 3309//3309 3307//3307 3306//3306
f 3310//3310 3308//3308 3309//3309
f 3311//3311 3295//3295 3294//3294
f 3311//3311 3294//3294 3296//3296
f 3311//3311 3296//3296 3312//3312
f 3312//3312 3296//3296 3297//3297
f 3312//3312 3297//3297 3313//3313
f 3313//3313 3297//3297 3298//3298
f 3313//3313 3298//3298 3314//3314
f 3314//3314 3298//3298 3299//3299
f 3315//3315 3302//3302 3301//3301
f 3315//3315 3301//3301 3303//3303
f 3315//3315 3303//3303 3316//3316
f 3316//3316 3303//3303 3304//3304
f 3316//3316 3304//3304 3317//3317
f 3319//3319 3317//3317 3318//3318
f 3318//3318 3317//3317 3173//3173
f 3317//3317 3304//3304 3173//3173
f 3304//3304 3169//3169 3173//3173
f 3174//3174 3320//3320 3173//3173
f 3173//3173 3320//3320 3318//3318
f 3176//3176 3320//3320 3174//3174
f 3322//3322 3321//3321 3180//3180
f 3180//3180 3321//3321 3179//3179
f 3324//3324 3322//3322 3323//3323
f 3322//3322 3181//3181 3323//3323
f 3322//3322 3180//3180 3181//3181
f 3183//3183 3325//3325 3181//3181
f 3181//3181 3325//3325 3323//3323
f 3185//3185 3326//3326 3183//3183
f 3183//3183 3326//3326 3325//3325
f 3172//3172 3305//3305 3185//3185
f 3305//3305 3326//3326 3185//3185
f 3305//3305 3327//3327 3326//3326
f 3328//3328 3305//3305 3307//3307
f 3327//3327 3305//3305 3328//3328
f 3329//3329 3307//3307 3308//3308
f 3328//3328 3307//3307 3329//3329
f 3308//3308 3310//3310 3330//3330
f 3308//3308 3330//3330 3329//3329
f 3331//3331 3319//3319 3318//3318
f 3331//3331 3318//3318 3320//3320
f 3331//3331 3320//3320 3332//3332
f 3334//3334 3332//3332 3333//3333
f 3333//3333 3332//3332 3186//3186
f 3332//3332 3320//3320 3186//3186
f 3320//3320 3176//3176 3186//3186
f 3187//3187 3335//3335 3186//3186
f 3186//3186 3335//3335 3333//3333
f 3189//3189 3335//3335 3187//3187
f 3337//3337 3336//3336 3192//3192
f 3192//3192 3336//3336 3191//3191
f 3192//3192 3179//3179 3321//3321
f 3192//3192 3321//3321 3337//3337
f 3338//3338 3324//3324 3323//3323
f 3340//3340 3339//3339 3338//3338
f 3323//3323 3340//3340 3338//3338
f 3325//3325 3340//3340 3323//3323
f 3341//3341 3325//3325 3326//3326
f 3340//3340 3325//3325 3341//3341
f 3342//3342 3326//3326 3327//3327
f 3341//3341 3326//3326 3342//3342
f 3343//3343 3327//3327 3328//3328
f 3342//3342 3327//3327 3343//3343
f 3344//3344 3328//3328 3329//3329
f 3343//3343 3328//3328 3344//3344
f 3329//3329 3330//3330 3345//3345
f 3329//3329 3345//3345 3344//3344
f 3346//3346 3334//3334 3333//3333
f 3346//3346 3333//3333 3335//3335
f 3346//3346 3335//3335 3347//3347
f 3349//3349 3347//3347 3348//3348
f 3348//3348 3347//3347 3193//3193
f 3347//3347 3335//3335 3193//3193
f 3335//3335 3189//3189 3193//3193
f 3195//3195 3348//3348 3193//3193
f 3351//3351 3350//3350 3198//3198
f 3198//3198 3350//3350 3197//3197
f 3198//3198 3191//3191 3336//3336
f 3198//3198 3336//3336 3351//3351
f 3352//3352 3339//3339 3340//3340
f 3354//3354 3353//3353 3352//3352
f 3340//3340 3354//3354 3352//3352
f 3341//3341 3354//3354 3340//3340
f 3355//3355 3341//3341 3342//3342
f 3354//3354 3341//3341 3355//3355
f 3356//3356 3342//3342 3343//3343
f 3355//3355 3342//3342 3356//3356
f 3344//3344 3358//3358 3357//3357
f 3356//3356 3344//3344 3357//3357
f 3343//3343 3344//3344 3356//3356
f 3358//3358 3344//3344 3345//3345
f 3361//3361 3360//3360 3359//3359
f 3363//3363 3362//3362 3359//3359
f 3363//3363 3359//3359 3360//3360
f 3362//3362 3363//3363 3349//3349
f 3362//3362 3349//3349 3348//3348
f 3201//3201 3362//3362 3348//3348
f 3200//3200 3201//3201 3348//3348
f 3200//3200 3348//3348 3195//3195
f 3365//3365 3203//3203 3364//3364
f 3203//3203 3350//3350 3364//3364
f 3203//3203 3197//3197 3350//3350
f 3366//3366 3365//3365 3364//3364
f 3367//3367 3353//3353 3354//3354
f 3367//3367 3354//3354 3355//3355
f 3367//3367 3355//3355 3368//3368
f 3368//3368 3355//3355 3356//3356
f 3368//3368 3356//3356 3369//3369
f 3369//3369 3356//3356 3357//3357
f 3372//3372 3371//3371 3370//3370
f 3374//3374 3373//3373 3370//3370
f 3374//3374 3370//3370 3371//3371
f 3376//3376 3375//3375 3373//3373
f 3376//3376 3373//3373 3374//3374
f 3378//3378 3377//3377 3375//3375
f 3378//3378 3375//3375 3376//3376
f 3380//3380 3379//3379 3377//3377
f 3380//3380 3377//3377 3378//3378
f 3379//3379 3380//3380 3361//3361
f 3379//3379 3361//3361 3359//3359
f 3206//3206 3379//3379 3359//3359
f 3205//3205 3206//3206 3359//3359
f 3205//3205 3359//3359 3208//3208
f 3208//3208 3359//3359 3362//3362
f 3208//3208 3362//3362 3201//3201
f 3381//3381 3210//3210 3365//3365
f 3365//3365 3210//3210 3203//3203
f 3365//3365 3366//3366 3382//3382
f 3365//3365 3382//3382 3381//3381
f 3372//3372 3370//3370 3383//3383
f 3372//3372 3383//3383 3384//3384
f 3213//3213 3383//3383 3212//3212
f 3383//3383 3373//3373 3212//3212
f 3383//3383 3370//3370 3373//3373
f 3212//3212 3373//3373 3215//3215
f 3215//3215 3373//3373 3375//3375
f 3215//3215 3375//3375 3217//3217
f 3217//3217 3375//3375 3377//3377
f 3217//3217 3377//3377 3219//3219
f 3219//3219 3377//3377 3379//3379
f 3219//3219 3379//3379 3206//3206
f 3381//3381 3220//3220 3210//3210
f 3386//3386 3385//3385 3222//3222
f 3386//3386 3222//3222 3220//3220
f 3382//3382 3386//3386 3220//3220
f 3381//3381 3382//3382 3220//3220
f 3387//3387 3385//3385 3386//3386
f 3384//3384 3383//3383 3388//3388
f 3384//3384 3388//3388 3389//3389
f 3223//3223 3388//3388 3213//3213
f 3213//3213 3388//3388 3383//3383
f 3390//3390 3225//3225 3385//3385
f 3385//3385 3225//3225 3222//3222
f 3385//3385 3387//3387 3391//3391
f 3392//3392 3385//3385 3391//3391
f 3390//3390 3385//3385 3392//3392
f 3393//3393 3392//3392 3391//3391
f 3396//3396 3395//3395 3394//3394
f 3394//3394 3395//3395 3389//3389
f 3394//3394 3389//3389 3388//3388
f 3228//3228 3394//3394 3388//3388
f 3227//3227 3228//3228 3388//3388
f 3227//3227 3388//3388 3223//3223
f 3397//3397 3230//3230 3390//3390
f 3390//3390 3230//3230 3225//3225
f 3398//3398 3390//3390 3392//3392
f 3397//3397 3390//3390 3398//3398
f 3392//3392 3393//3393 3399//3399
f 3392//3392 3399//3399 3398//3398
f 3402//3402 3401//3401 3400//3400
f 3404//3404 3403//3403 3400//3400
f 3404//3404 3400//3400 3401//3401
f 3406//3406 3405//3405 3403//3403
f 3406//3406 3403//3403 3404//3404
f 3405//3405 3406//3406 3396//3396
f 3405//3405 3396//3396 3394//3394
f 3233//3233 3405//3405 3394//3394
f 3232//3232 3233//3233 3394//3394
f 3232//3232 3394//3394 3228//3228
f 3407//3407 3235//3235 3397//3397
f 3397//3397 3235//3235 3230//3230
f 3408//3408 3397//3397 3398//3398
f 3407//3407 3397//3397 3408//3408
f 3398//3398 3399//3399 3409//3409
f 3398//3398 3409//3409 3408//3408
f 3402//3402 3400//3400 3410//3410
f 3402//3402 3410//3410 3411//3411
f 3239//3239 3410//3410 3238//3238
f 3410//3410 3403//3403 3238//3238
f 3410//3410 3400//3400 3403//3403
f 3238//3238 3403//3403 3240//3240
f 3240//3240 3403//3403 3405//3405
f 3240//3240 3405//3405 3233//3233
f 3412//3412 3242//3242 3243//3243
f 3413//3413 3412//3412 3243//3243
f 3413//3413 3243//3243 3235//3235
f 3414//3414 3413//3413 3235//3235
f 3407//3407 3414//3414 3235//3235
f 3414//3414 3407//3407 3408//3408
f 3414//3414 3408//3408 3415//3415
f 3415//3415 3408//3408 3409//3409
f 3418//3418 3417//3417 3416//3416
f 3416//3416 3417//3417 3411//3411
f 3416//3416 3411//3411 3410//3410
f 3245//3245 3416//3416 3410//3410
f 3246//3246 3245//3245 3410//3410
f 3246//3246 3410//3410 3239//3239
f 3419//3419 3248//3248 3249//3249
f 3420//3420 3419//3419 3249//3249
f 3420//3420 3249//3249 3242//3242
f 3421//3421 3420//3420 3242//3242
f 3412//3412 3421//3421 3242//3242
f 3421//3421 3412//3412 3413//3413
f 3424//3424 3423//3423 3422//3422
f 3426//3426 3425//3425 3422//3422
f 3426//3426 3422//3422 3423//3423
f 3425//3425 3426//3426 3418//3418
f 3425//3425 3418//3418 3416//3416
f 3252//3252 3425//3425 3416//3416
f 3253//3253 3252//3252 3416//3416
f 3253//3253 3416//3416 3245//3245
f 3419//3419 3254//3254 3248//3248
f 3428//3428 3427//3427 3256//3256
f 3428//3428 3256//3256 3254//3254
f 3420//3420 3428//3428 3254//3254
f 3419//3419 3420//3420 3254//3254
f 3429//3429 3427//3427 3428//3428
f 3432//3432 3431//3431 3430//3430
f 3434//3434 3433//3433 3430//3430
f 3434//3434 3430//3430 3431//3431
f 3436//3436 3435//3435 3433//3433
f 3436//3436 3433//3433 3434//3434
f 3435//3435 3436//3436 3424//3424
f 3435//3435 3424//3424 3422//3422
f 3261//3261 3435//3435 3422//3422
f 3262//3262 3261//3261 3422//3422
f 3262//3262 3422//3422 3263//3263
f 3263//3263 3422//3422 3425//3425
f 3263//3263 3425//3425 3252//3252
f 3427//3427 3264//3264 3256//3256
f 3438//3438 3437//3437 3266//3266
f 3438//3438 3266//3266 3264//3264
f 3429//3429 3438//3438 3264//3264
f 3427//3427 3429//3429 3264//3264
f 3440//3440 3439//3439 3437//3437
f 3440//3440 3437//3437 3438//3438
f 3442//3442 3441//3441 3439//3439
f 3442//3442 3439//3439 3440//3440
f 3444//3444 3443//3443 3441//3441
f 3444//3444 3441//3441 3442//3442
f 3271//3271 3270//3270 3443//3443
f 3444//3444 3271//3271 3443//3443
f 3445//3445 3271//3271 3444//3444
f 3430//3430 3272//3272 3432//3432
f 3272//3272 3445//3445 3432//3432
f 3272//3272 3271//3271 3445//3445
f 3272//3272 3430//3430 3273//3273
f 3273//3273 3430//3430 3433//3433
f 3273//3273 3433//3433 3274//3274
f 3274//3274 3433//3433 3435//3435
f 3274//3274 3435//3435 3261//3261
f 3437//3437 3275//3275 3266//3266
f 3275//3275 3437//3437 3276//3276
f 3276//3276 3437//3437 3439//3439
f 3276//3276 3439//3439 3277//3277
f 3277//3277 3439//3439 3441//3441
f 3277//3277 3441//3441 3278//3278
f 3278//3278 3441//3441 3443//3443
f 3278//3278 3443//3443 3270//3270
f 3446//3446 3284//3284 3285//3285
f 3286//3286 3447//3447 3285//3285
f 3285//3285 3447//3447 3446//3446
f 3287//3287 3448//3448 3286//3286
f 3286//3286 3448//3448 3447//3447
f 3288//3288 3449//3449 3287//3287
f 3287//3287 3449//3449 3448//3448
f 3290//3290 3449//3449 3288//3288
f 3450//3450 3293//3293 3446//3446
f 3446//3446 3293//3293 3284//3284
f 3451//3451 3446//3446 3447//3447
f 3450//3450 3446//3446 3451//3451
f 3452//3452 3447//3447 3448//3448
f 3451//3451 3447//3447 3452//3452
f 3453//3453 3448//3448 3449//3449
f 3452//3452 3448//3448 3453//3453
f 3295//3295 3453//3453 3290//3290
f 3290//3290 3453//3453 3449//3449
f 3454//3454 3299//3299 3300//3300
f 3302//3302 3454//3454 3300//3300
f 3450//3450 3306//3306 3293//3293
f 3306//3306 3450//3450 3309//3309
f 3309//3309 3450//3450 3451//3451
f 3309//3309 3451//3451 3310//3310
f 3451//3451 3455//3455 3310//3310
f 3451//3451 3452//3452 3455//3455
f 3456//3456 3452//3452 3453//3453
f 3455//3455 3452//3452 3456//3456
f 3311//3311 3457//3457 3295//3295
f 3457//3457 3453//3453 3295//3295
f 3457//3457 3456//3456 3453//3453
f 3312//3312 3458//3458 3311//3311
f 3311//3311 3458//3458 3457//3457
f 3313//3313 3459//3459 3312//3312
f 3312//3312 3459//3459 3458//3458
f 3314//3314 3460//3460 3313//3313
f 3313//3313 3460//3460 3459//3459
f 3299//3299 3454//3454 3314//3314
f 3454//3454 3460//3460 3314//3314
f 3454//3454 3461//3461 3460//3460
f 3315//3315 3462//3462 3302//3302
f 3462//3462 3454//3454 3302//3302
f 3462//3462 3461//3461 3454//3454
f 3316//3316 3463//3463 3315//3315
f 3315//3315 3463//3463 3462//3462
f 3317//3317 3464//3464 3316//3316
f 3316//3316 3464//3464 3463//3463
f 3319//3319 3464//3464 3317//3317
f 3465//3465 3321//3321 3322//3322
f 3324//3324 3465//3465 3322//3322
f 3466//3466 3330//3330 3455//3455
f 3455//3455 3330//3330 3310//3310
f 3467//3467 3455//3455 3456//3456
f 3466//3466 3455//3455 3467//3467
f 3468//3468 3456//3456 3457//3457
f 3467//3467 3456//3456 3468//3468
f 3469//3469 3457//3457 3458//3458
f 3468//3468 3457//3457 3469//3469
f 3470//3470 3458//3458 3459//3459
f 3469//3469 3458//3458 3470//3470
f 3471//3471 3459//3459 3460//3460
f 3470//3470 3459//3459 3471//3471
f 3472//3472 3460//3460 3461//3461
f 3471//3471 3460//3460 3472//3472
f 3473//3473 3461//3461 3462//3462
f 3472//3472 3461//3461 3473//3473
f 3474//3474 3462//3462 3463//3463
f 3473//3473 3462//3462 3474//3474
f 3475//3475 3463//3463 3464//3464
f 3474//3474 3463//3463 3475//3475
f 3331//3331 3476//3476 3319//3319
f 3476//3476 3464//3464 3319//3319
f 3476//3476 3475//3475 3464//3464
f 3332//3332 3477//3477 3331//3331
f 3331//3331 3477//3477 3476//3476
f 3334//3334 3477//3477 3332//3332
f 3478//3478 3336//3336 3337//3337
f 3479//3479 3478//3478 3337//3337
f 3479//3479 3337//3337 3321//3321
f 3480//3480 3479//3479 3321//3321
f 3465//3465 3480//3480 3321//3321
f 3482//3482 3480//3480 3481//3481
f 3481//3481 3480//3480 3338//3338
f 3480//3480 3465//3465 3338//3338
f 3465//3465 3324//3324 3338//3338
f 3339//3339 3481//3481 3338//3338
f 3483//3483 3345//3345 3466//3466
f 3466//3466 3345//3345 3330//3330
f 3484//3484 3466//3466 3467//3467
f 3483//3483 3466//3466 3484//3484
f 3485//3485 3467//3467 3468//3468
f 3484//3484 3467//3467 3485//3485
f 3486//3486 3468//3468 3469//3469
f 3485//3485 3468//3468 3486//3486
f 3487//3487 3469//3469 3470//3470
f 3486//3486 3469//3469 3487//3487
f 3488//3488 3470//3470 3471//3471
f 3487//3487 3470//3470 3488//3488
f 3489//3489 3471//3471 3472//3472
f 3488//3488 3471//3471 3489//3489
f 3473//3473 3491//3491 3490//3490
f 3489//3489 3473//3473 3490//3490
f 3472//3472 3473//3473 3489//3489
f 3491//3491 3473//3473 3474//3474
f 3491//3491 3474//3474 3492//3492
f 3494//3494 3493//3493 3492//3492
f 3474//3474 3494//3494 3492//3492
f 3475//3475 3494//3494 3474//3474
f 3495//3495 3475//3475 3476//3476
f 3494//3494 3475//3475 3495//3495
f 3496//3496 3476//3476 3477//3477
f 3495//3495 3476//3476 3496//3496
f 3346//3346 3497//3497 3334//3334
f 3497//3497 3477//3477 3334//3334
f 3497//3497 3496//3496 3477//3477
f 3347//3347 3498//3498 3346//3346
f 3346//3346 3498//3498 3497//3497
f 3349//3349 3498//3498 3347//3347
f 3499//3499 3350//3350 3351//3351
f 3500//3500 3499//3499 3351//3351
f 3500//3500 3351//3351 3336//3336
f 3501//3501 3500//3500 3336//3336
f 3478//3478 3501//3501 3336//3336
f 3501//3501 3478//3478 3479//3479
f 3502//3502 3482//3482 3481//3481
f 3504//3504 3502//3502 3503//3503
f 3503//3503 3502//3502 3352//3352
f 3502//3502 3481//3481 3352//3352
f 3481//3481 3339//3339 3352//3352
f 3353//3353 3503//3503 3352//3352
f 3505//3505 3357//3357 3358//3358
f 3345//3345 3483//3483 3358//3358
f 3483//3483 3505//3505 3358//3358
f 3483//3483 3506//3506 3505//3505
f 3507//3507 3483//3483 3484//3484
f 3506//3506 3483//3483 3507//3507
f 3508//3508 3484//3484 3485//3485
f 3507//3507 3484//3484 3508//3508
f 3509//3509 3485//3485 3486//3486
f 3508//3508 3485//3485 3509//3509
f 3510//3510 3486//3486 3487//3487
f 3509//3509 3486//3486 3510//3510
f 3488//3488 3512//3512 3511//3511
f 3510//3510 3488//3488 3511//3511
f 3487//3487 3488//3488 3510//3510
f 3512//3512 3488//3488 3489//3489
f 3512//3512 3489//3489 3513//3513
f 3516//3516 3515//3515 3514//3514
f 3490//3490 3513//3513 3489//3489
f 3518//3518 3517//3517 3515//3515
f 3518//3518 3515//3515 3516//3516
f 3517//3517 3518//3518 3493//3493
f 3494//3494 3517//3517 3493//3493
f 3519//3519 3517//3517 3494//3494
f 3520//3520 3494//3494 3495//3495
f 3519//3519 3494//3494 3520//3520
f 3521//3521 3495//3495 3496//3496
f 3520//3520 3495//3495 3521//3521
f 3361//3361 3521//3521 3360//3360
f 3521//3521 3497//3497 3360//3360
f 3521//3521 3496//3496 3497//3497
f 3360//3360 3497//3497 3363//3363
f 3363//3363 3497//3497 3498//3498
f 3363//3363 3498//3498 3349//3349
f 3499//3499 3364//3364 3350//3350
f 3523//3523 3522//3522 3366//3366
f 3523//3523 3366//3366 3364//3364
f 3500//3500 3523//3523 3364//3364
f 3499//3499 3500//3500 3364//3364
f 3524//3524 3522//3522 3523//3523
f 3525//3525 3504//3504 3503//3503
f 3527//3527 3525//3525 3526//3526
f 3526//3526 3525//3525 3367//3367
f 3525//3525 3503//3503 3367//3367
f 3503//3503 3353//3353 3367//3367
f 3368//3368 3528//3528 3367//3367
f 3367//3367 3528//3528 3526//3526
f 3369//3369 3529//3529 3368//3368
f 3368//3368 3529//3529 3528//3528
f 3357//3357 3505//3505 3369//3369
f 3505//3505 3529//3529 3369//3369
f 3505//3505 3530//3530 3529//3529
f 3531//3531 3505//3505 3506//3506
f 3530//3530 3505//3505 3531//3531
f 3532//3532 3506//3506 3507//3507
f 3531//3531 3506//3506 3532//3532
f 3533//3533 3507//3507 3508//3508
f 3532//3532 3507//3507 3533//3533
f 3534//3534 3508//3508 3509//3509
f 3533//3533 3508//3508 3534//3534
f 3535//3535 3509//3509 3510//3510
f 3534//3534 3509//3509 3535//3535
f 3510//3510 3511//3511 3536//3536
f 3510//3510 3536//3536 3535//3535
f 3539//3539 3538//3538 3537//3537
f 3537//3537 3538//3538 3514//3514
f 3537//3537 3514//3514 3515//3515
f 3372//3372 3537//3537 3515//3515
f 3371//3371 3372//3372 3515//3515
f 3371//3371 3515//3515 3374//3374
f 3374//3374 3515//3515 3517//3517
f 3374//3374 3517//3517 3376//3376
f 3376//3376 3517//3517 3519//3519
f 3376//3376 3519//3519 3378//3378
f 3378//3378 3519//3519 3520//3520
f 3378//3378 3520//3520 3380//3380
f 3380//3380 3520//3520 3521//3521
f 3380//3380 3521//3521 3361//3361
f 3540//3540 3382//3382 3522//3522
f 3522//3522 3382//3382 3366//3366
f 3522//3522 3524//3524 3541//3541
f 3522//3522 3541//3541 3540//3540
f 3527//3527 3526//3526 3542//3542
f 3527//3527 3542//3542 3543//3543
f 3544//3544 3526//3526 3528//3528
f 3542//3542 3526//3526 3544//3544
f 3545//3545 3528//3528 3529//3529
f 3544//3544 3528//3528 3545//3545
f 3546//3546 3529//3529 3530//3530
f 3545//3545 3529//3529 3546//3546
f 3547//3547 3530//3530 3531//3531
f 3546//3546 3530//3530 3547//3547
f 3532//3532 3549//3549 3548//3548
f 3547//3547 3532//3532 3548//3548
f 3531//3531 3532//3532 3547//3547
f 3549//3549 3532//3532 3533//3533
f 3549//3549 3533//3533 3550//3550
f 3550//3550 3533//3533 3534//3534
f 3550//3550 3534//3534 3551//3551
f 3551//3551 3534//3534 3535//3535
f 3551//3551 3535//3535 3552//3552
f 3552//3552 3535//3535 3536//3536
f 3539//3539 3537//3537 3553//3553
f 3539//3539 3553//3553 3554//3554
f 3384//3384 3553//3553 3372//3372
f 3372//3372 3553//3553 3537//3537
f 3540//3540 3386//3386 3382//3382
f 3556//3556 3555//3555 3387//3387
f 3556//3556 3387//3387 3386//3386
f 3541//3541 3556//3556 3386//3386
f 3540//3540 3541//3541 3386//3386
f 3557//3557 3555//3555 3556//3556
f 3558//3558 3543//3543 3542//3542
f 3558//3558 3542//3542 3544//3544
f 3558//3558 3544//3544 3559//3559
f 3559//3559 3544//3544 3545//3545
f 3559//3559 3545//3545 3560//3560
f 3560//3560 3545//3545 3546//3546
f 3560//3560 3546//3546 3561//3561
f 3561//3561 3546//3546 3547//3547
f 3561//3561 3547//3547 3562//3562
f 3562//3562 3547//3547 3548//3548
f 3554//3554 3553//3553 3563//3563
f 3554//3554 3563//3563 3564//3564
f 3389//3389 3563//3563 3384//3384
f 3384//3384 3563//3563 3553//3553
f 3555//3555 3391//3391 3387//3387
f 3566//3566 3565//3565 3393//3393
f 3566//3566 3393//3393 3391//3391
f 3557//3557 3566//3566 3391//3391
f 3555//3555 3557//3557 3391//3391
f 3568//3568 3567//3567 3565//3565
f 3568//3568 3565//3565 3566//3566
f 3569//3569 3567//3567 3568//3568
f 3572//3572 3571//3571 3570//3570
f 3574//3574 3573//3573 3570//3570
f 3574//3574 3570//3570 3571//3571
f 3576//3576 3575//3575 3573//3573
f 3576//3576 3573//3573 3574//3574
f 3578//3578 3577//3577 3575//3575
f 3578//3578 3575//3575 3576//3576
f 3577//3577 3578//3578 3564//3564
f 3577//3577 3564//3564 3563//3563
f 3396//3396 3577//3577 3563//3563
f 3395//3395 3396//3396 3563//3563
f 3395//3395 3563//3563 3389//3389
f 3579//3579 3399//3399 3565//3565
f 3565//3565 3399//3399 3393//3393
f 3580//3580 3565//3565 3567//3567
f 3579//3579 3565//3565 3580//3580
f 3567//3567 3569//3569 3581//3581
f 3567//3567 3581//3581 3580//3580
f 3572//3572 3570//3570 3582//3582
f 3572//3572 3582//3582 3583//3583
f 3402//3402 3582//3582 3401//3401
f 3582//3582 3573//3573 3401//3401
f 3582//3582 3570//3570 3573//3573
f 3401//3401 3573//3573 3404//3404
f 3404//3404 3573//3573 3575//3575
f 3404//3404 3575//3575 3406//3406
f 3406//3406 3575//3575 3577//3577
f 3406//3406 3577//3577 3396//3396
f 3584//3584 3409//3409 3579//3579
f 3579//3579 3409//3409 3399//3399
f 3585//3585 3579//3579 3580//3580
f 3584//3584 3579//3579 3585//3585
f 3580//3580 3581//3581 3586//3586
f 3580//3580 3586//3586 3585//3585
f 3583//3583 3582//3582 3587//3587
f 3583//3583 3587//3587 3588//3588
f 3411//3411 3587//3587 3402//3402
f 3402//3402 3587//3587 3582//3582
f 3589//3589 3413//3413 3414//3414
f 3415//3415 3590//3590 3414//3414
f 3414//3414 3590//3590 3589//3589
f 3409//3409 3584//3584 3415//3415
f 3584//3584 3590//3590 3415//3415
f 3584//3584 3591//3591 3590//3590
f 3585//3585 3593//3593 3592//3592
f 3591//3591 3585//3585 3592//3592
f 3584//3584 3585//3585 3591//3591
f 3593//3593 3585//3585 3586//3586
f 3596//3596 3595//3595 3594//3594
f 3598//3598 3597//3597 3594//3594
f 3598//3598 3594//3594 3595//3595
f 3597//3597 3598//3598 3588//3588
f 3597//3597 3588//3588 3587//3587
f 3418//3418 3597//3597 3587//3587
f 3417//3417 3418//3418 3587//3587
f 3417//3417 3587//3587 3411//3411
f 3599//3599 3420//3420 3421//3421
f 3600//3600 3599//3599 3421//3421
f 3600//3600 3421//3421 3413//3413
f 3601//3601 3600//3600 3413//3413
f 3589//3589 3601//3601 3413//3413
f 3601//3601 3589//3589 3590//3590
f 3601//3601 3590//3590 3602//3602
f 3602//3602 3590//3590 3591//3591
f 3602//3602 3591//3591 3603//3603
f 3603//3603 3591//3591 3592//3592
f 3606//3606 3605//3605 3604//3604
f 3608//3608 3607//3607 3604//3604
f 3608//3608 3604//3604 3605//3605
f 3610//3610 3609//3609 3607//3607
f 3610//3610 3607//3607 3608//3608
f 3609//3609 3610//3610 3596//3596
f 3609//3609 3596//3596 3594//3594
f 3424//3424 3609//3609 3594//3594
f 3423//3423 3424//3424 3594//3594
f 3423//3423 3594//3594 3426//3426
f 3426//3426 3594//3594 3597//3597
f 3426//3426 3597//3597 3418//3418
f 3599//3599 3428//3428 3420//3420
f 3612//3612 3611//3611 3429//3429
f 3612//3612 3429//3429 3428//3428
f 3600//3600 3612//3612 3428//3428
f 3599//3599 3600//3600 3428//3428
f 3614//3614 3613//3613 3611//3611
f 3614//3614 3611//3611 3612//3612
f 3616//3616 3615//3615 3613//3613
f 3616//3616 3613//3613 3614//3614
f 3618//3618 3617//3617 3615//3615
f 3618//3618 3615//3615 3616//3616
f 3620//3620 3619//3619 3617//3617
f 3620//3620 3617//3617 3618//3618
f 3619//3619 3620//3620 3606//3606
f 3619//3619 3606//3606 3604//3604
f 3432//3432 3619//3619 3604//3604
f 3431//3431 3432//3432 3604//3604
f 3431//3431 3604//3604 3434//3434
f 3434//3434 3604//3604 3607//3607
f 3434//3434 3607//3607 3436//3436
f 3436//3436 3607//3607 3609//3609
f 3436//3436 3609//3609 3424//3424
f 3611//3611 3438//3438 3429//3429
f 3438//3438 3611//3611 3440//3440
f 3440//3440 3611//3611 3613//3613
f 3440//3440 3613//3613 3442//3442
f 3442//3442 3613//3613 3615//3615
f 3442//3442 3615//3615 3444//3444
f 3444//3444 3615//3615 3617//3617
f 3444//3444 3617//3617 3445//3445
f 3445//3445 3617//3617 3619//3619
f 3445//3445 3619//3619 3432//3432
f 3621//3621 3479//3479 3480//3480
f 3482//3482 3621//3621 3480//3480
f 3622//3622 3490//3490 3491//3491
f 3492//3492 3623//3623 3491//3491
f 3491//3491 3623//3623 3622//3622
f 3493//3493 3623//3623 3492//3492
f 3624//3624 3500//3500 3501//3501
f 3625//3625 3624//3624 3501//3501
f 3625//3625 3501//3501 3479//3479
f 3626//3626 3625//3625 3479//3479
f 3621//3621 3626//3626 3479//3479
f 3628//3628 3626//3626 3627//3627
f 3627//3627 3626//3626 3502//3502
f 3626//3626 3621//3621 3502//3502
f 3621//3621 3482//3482 3502//3502
f 3504//3504 3627//3627 3502//3502
f 3629//3629 3511//3511 3512//3512
f 3513//3513 3630//3630 3512//3512
f 3512//3512 3630//3630 3629//3629
f 3513//3513 3490//3490 3630//3630
f 3490//3490 3622//3622 3630//3630
f 3516//3516 3514//3514 3630//3630
f 3516//3516 3630//3630 3622//3622
f 3516//3516 3622//3622 3518//3518
f 3518//3518 3622//3622 3623//3623
f 3518//3518 3623//3623 3493//3493
f 3624//3624 3523//3523 3500//3500
f 3632//3632 3631//3631 3524//3524
f 3632//3632 3524//3524 3523//3523
f 3625//3625 3632//3632 3523//3523
f 3624//3624 3625//3625 3523//3523
f 3631//3631 3632//3632 3628//3628
f 3627//3627 3631//3631 3628//3628
f 3633//3633 3631//3631 3627//3627
f 3525//3525 3634//3634 3504//3504
f 3634//3634 3627//3627 3504//3504
f 3634//3634 3633//3633 3627//3627
f 3527//3527 3634//3634 3525//3525
f 3635//3635 3536//3536 3629//3629
f 3629//3629 3536//3536 3511//3511
f 3539//3539 3635//3635 3538//3538
f 3635//3635 3630//3630 3538//3538
f 3635//3635 3629//3629 3630//3630
f 3538//3538 3630//3630 3514//3514
f 3636//3636 3541//3541 3631//3631
f 3631//3631 3541//3541 3524//3524
f 3637//3637 3631//3631 3633//3633
f 3636//3636 3631//3631 3637//3637
f 3638//3638 3633//3633 3634//3634
f 3637//3637 3633//3633 3638//3638
f 3543//3543 3638//3638 3527//3527
f 3527//3527 3638//3638 3634//3634
f 3639//3639 3548//3548 3549//3549
f 3550//3550 3640//3640 3549//3549
f 3549//3549 3640//3640 3639//3639
f 3551//3551 3641//3641 3550//3550
f 3550//3550 3641//3641 3640//3640
f 3552//3552 3642//3642 3551//3551
f 3551//3551 3642//3642 3641//3641
f 3536//3536 3635//3635 3552//3552
f 3635//3635 3642//3642 3552//3552
f 3635//3635 3643//3643 3642//3642
f 3554//3554 3643//3643 3539//3539
f 3539//3539 3643//3643 3635//3635
f 3636//3636 3556//3556 3541//3541
f 3556//3556 3636//3636 3557//3557
f 3636//3636 3644//3644 3557//3557
f 3636//3636 3637//3637 3644//3644
f 3645//3645 3637//3637 3638//3638
f 3644//3644 3637//3637 3645//3645
f 3558//3558 3646//3646 3543//3543
f 3646//3646 3638//3638 3543//3543
f 3646//3646 3645//3645 3638//3638
f 3559//3559 3647//3647 3558//3558
f 3558//3558 3647//3647 3646//3646
f 3560//3560 3648//3648 3559//3559
f 3559//3559 3648//3648 3647//3647
f 3561//3561 3649//3649 3560//3560
f 3560//3560 3649//3649 3648//3648
f 3562//3562 3650//3650 3561//3561
f 3561//3561 3650//3650 3649//3649
f 3548//3548 3639//3639 3562//3562
f 3639//3639 3650//3650 3562//3562
f 3639//3639 3651//3651 3650//3650
f 3652//3652 3639//3639 3640//3640
f 3651//3651 3639//3639 3652//3652
f 3653//3653 3640//3640 3641//3641
f 3652//3652 3640//3640 3653//3653
f 3654//3654 3641//3641 3642//3642
f 3653//3653 3641//3641 3654//3654
f 3655//3655 3642//3642 3643//3643
f 3654//3654 3642//3642 3655//3655
f 3564//3564 3655//3655 3554//3554
f 3554//3554 3655//3655 3643//3643
f 3644//3644 3566//3566 3557//3557
f 3566//3566 3644//3644 3568//3568
f 3568//3568 3644//3644 3645//3645
f 3568//3568 3645//3645 3569//3569
f 3645//3645 3656//3656 3569//3569
f 3645//3645 3646//3646 3656//3656
f 3657//3657 3646//3646 3647//3647
f 3656//3656 3646//3646 3657//3657
f 3658//3658 3647//3647 3648//3648
f 3657//3657 3647//3647 3658//3658
f 3659//3659 3648//3648 3649//3649
f 3658//3658 3648//3648 3659//3659
f 3660//3660 3649//3649 3650//3650
f 3659//3659 3649//3649 3660//3660
f 3661//3661 3650//3650 3651//3651
f 3660//3660 3650//3650 3661//3661
f 3572//3572 3661//3661 3571//3571
f 3661//3661 3652//3652 3571//3571
f 3661//3661 3651//3651 3652//3652
f 3571//3571 3652//3652 3574//3574
f 3574//3574 3652//3652 3653//3653
f 3574//3574 3653//3653 3576//3576
f 3576//3576 3653//3653 3654//3654
f 3576//3576 3654//3654 3578//3578
f 3578//3578 3654//3654 3655//3655
f 3578//3578 3655//3655 3564//3564
f 3662//3662 3581//3581 3656//3656
f 3656//3656 3581//3581 3569//3569
f 3663//3663 3656//3656 3657//3657
f 3662//3662 3656//3656 3663//3663
f 3664//3664 3657//3657 3658//3658
f 3663//3663 3657//3657 3664//3664
f 3665//3665 3658//3658 3659//3659
f 3664//3664 3658//3658 3665//3665
f 3666//3666 3659//3659 3660//3660
f 3665//3665 3659//3659 3666//3666
f 3667//3667 3660//3660 3661//3661
f 3666//3666 3660//3660 3667//3667
f 3583//3583 3667//3667 3572//3572
f 3572//3572 3667//3667 3661//3661
f 3668//3668 3586//3586 3662//3662
f 3662//3662 3586//3586 3581//3581
f 3669//3669 3662//3662 3663//3663
f 3668//3668 3662//3662 3669//3669
f 3670//3670 3663//3663 3664//3664
f 3669//3669 3663//3663 3670//3670
f 3671//3671 3664//3664 3665//3665
f 3670//3670 3664//3664 3671//3671
f 3672//3672 3665//3665 3666//3666
f 3671//3671 3665//3665 3672//3672
f 3673//3673 3666//3666 3667//3667
f 3672//3672 3666//3666 3673//3673
f 3588//3588 3673//3673 3583//3583
f 3583//3583 3673//3673 3667//3667
f 3674//3674 3592//3592 3593//3593
f 3675//3675 3674//3674 3593//3593
f 3675//3675 3593//3593 3586//3586
f 3676//3676 3675//3675 3586//3586
f 3668//3668 3676//3676 3586//3586
f 3678//3678 3677//3677 3676//3676
f 3668//3668 3678//3678 3676//3676
f 3669//3669 3678//3678 3668//3668
f 3679//3679 3669//3669 3670//3670
f 3678//3678 3669//3669 3679//3679
f 3680//3680 3670//3670 3671//3671
f 3679//3679 3670//3670 3680//3680
f 3596//3596 3680//3680 3595//3595
f 3680//3680 3672//3672 3595//3595
f 3680//3680 3671//3671 3672//3672
f 3595//3595 3672//3672 3598//3598
f 3598//3598 3672//3672 3673//3673
f 3598//3598 3673//3673 3588//3588
f 3681//3681 3600//3600 3601//3601
f 3602//3602 3682//3682 3601//3601
f 3601//3601 3682//3682 3681//3681
f 3603//3603 3683//3683 3602//3602
f 3602//3602 3683//3683 3682//3682
f 3592//3592 3674//3674 3603//3603
f 3674//3674 3683//3683 3603//3603
f 3674//3674 3684//3684 3683//3683
f 3674//3674 3675//3675 3685//3685
f 3686//3686 3674//3674 3685//3685
f 3684//3684 3674//3674 3686//3686
f 3686//3686 3685//3685 3677//3677
f 3686//3686 3677//3677 3678//3678
f 3606//3606 3686//3686 3678//3678
f 3605//3605 3606//3606 3678//3678
f 3605//3605 3678//3678 3608//3608
f 3608//3608 3678//3678 3679//3679
f 3608//3608 3679//3679 3610//3610
f 3610//3610 3679//3679 3680//3680
f 3610//3610 3680//3680 3596//3596
f 3681//3681 3612//3612 3600//3600
f 3612//3612 3681//3681 3614//3614
f 3614//3614 3681//3681 3682//3682
f 3614//3614 3682//3682 3616//3616
f 3616//3616 3682//3682 3683//3683
f 3616//3616 3683//3683 3618//3618
f 3618//3618 3683//3683 3684//3684
f 3618//3618 3684//3684 3620//3620
f 3620//3620 3684//3684 3686//3686
f 3620//3620 3686//3686 3606//3606
f 3687//3687 3625//3625 3626//3626
f 3628//3628 3687//3687 3626//3626
f 3687//3687 3632//3632 3625//3625
f 3632//3632 3687//3687 3628//3628
f 3688//3688 3675//3675 3676//3676
f 3677//3677 3688//3688 3676//3676
f 3688//3688 3685//3685 3675//3675
f 3685//3685 3688//3688 3677//3677

