# https://github.com/mikedh/trimesh
v 268.74613652 -218.13595237 319.05104434 0.00000000 0.94117647 1.00000000
v 268.30777128 -218.13102804 319.57800755 0.00000000 0.94117647 1.00000000
v 268.58852076 -217.81717375 319.63564638 0.00000000 0.94117647 1.00000000
v 268.84141441 -218.13538295 319.50752138 0.00000000 0.94117647 1.00000000
v 268.68700188 -218.72594687 318.96057587 0.00000000 0.94117647 1.00000000
v 268.29785494 -218.90132944 319.37154523 0.00000000 0.94117647 1.00000000
v 268.89168507 -218.72345917 319.35920606 0.00000000 0.94117647 1.00000000
v 268.62788700 -219.30250748 319.04129391 0.00000000 0.94117647 1.00000000
v 268.37663555 -219.39716211 319.36516988 0.00000000 0.94117647 1.00000000
v 268.88129024 -219.40348233 319.45490789 0.00000000 0.94117647 1.00000000
v 268.63175021 -219.71691128 319.63981317 0.00000000 0.94117647 1.00000000
v 267.92596119 -218.03703095 320.40243285 0.00000000 0.94117647 1.00000000
v 267.76876883 -218.13372687 320.96521308 0.00000000 0.94117647 1.00000000
v 268.12943187 -217.83964261 320.64577523 0.00000000 0.94117647 1.00000000
v 268.19437783 -218.13268653 321.18787630 0.00000000 0.94117647 1.00000000
v 268.55300958 -218.06403256 320.34488391 0.00000000 0.94117647 1.00000000
v 267.91146442 -218.53452004 320.24730978 0.00000000 0.94117647 1.00000000
v 267.72935284 -218.70297943 321.05355709 0.00000000 0.94117647 1.00000000
v 268.31559669 -218.70919076 321.04512087 0.00000000 0.94117647 1.00000000
v 268.69863741 -218.71833150 320.19334398 0.00000000 0.94117647 1.00000000
v 268.05936772 -219.40148132 320.10422821 0.00000000 0.94117647 1.00000000
v 267.71621346 -219.48932631 321.15825434 0.00000000 0.94117647 1.00000000
v 268.43944611 -219.29164648 320.89297684 0.00000000 0.94117647 1.00000000
v 268.78570377 -219.40796768 320.25761479 0.00000000 0.94117647 1.00000000
v 268.01741017 -220.06413224 320.44375584 0.00000000 0.94117647 1.00000000
v 267.70496234 -220.22641270 321.32417559 0.00000000 0.94117647 1.00000000
v 268.51815918 -219.75068363 321.25871900 0.00000000 0.94117647 1.00000000
v 268.58092072 -220.15891772 320.24763275 0.00000000 0.94117647 1.00000000
v 268.88021814 -220.11046291 320.87508851 0.00000000 0.94117647 1.00000000
v 268.03523003 -220.48590178 320.80678214 0.00000000 0.94117647 1.00000000
v 268.67443883 -220.77708856 320.41888030 0.00000000 0.94117647 1.00000000
v 268.25583307 -220.98656877 320.90302713 0.00000000 0.94117647 1.00000000
v 269.04893528 -220.82703991 321.16142283 0.00000000 0.94117647 1.00000000
v 268.74518059 -221.48104047 320.30025180 0.00000000 0.94117647 1.00000000
v 268.28609334 -221.65094481 320.90512105 0.00000000 0.94117647 1.00000000
v 269.30574100 -221.16394580 320.80910313 0.00000000 0.94117647 1.00000000
v 269.31331258 -221.51324829 320.39089391 0.00000000 0.94117647 1.00000000
v 269.55601998 -221.61226481 321.01817470 0.00000000 0.94117647 1.00000000
v 268.63860517 -222.03132975 320.43465223 0.00000000 0.94117647 1.00000000
v 268.38349600 -222.22879425 320.99980159 0.00000000 0.94117647 1.00000000
v 269.16406764 -222.08457134 320.37880187 0.00000000 0.94117647 1.00000000
v 269.57560368 -222.13013264 320.99814788 0.00000000 0.94117647 1.00000000
v 268.87691840 -222.40159884 321.11550945 0.00000000 0.94117647 1.00000000
v 269.34158304 -222.53165683 321.16486657 0.00000000 0.94117647 1.00000000
v 267.87816747 -218.14184716 321.41267820 0.00000000 0.94117647 1.00000000
v 267.92335003 -218.70917327 321.47352639 0.00000000 0.94117647 1.00000000
v 268.01886762 -219.42345606 321.61029818 0.00000000 0.94117647 1.00000000
v 267.59402714 -220.01099769 322.43661600 0.00000000 0.94117647 1.00000000
v 268.04753460 -219.86622937 322.43822252 0.00000000 0.94117647 1.00000000
v 268.60062021 -220.06715960 321.85729297 0.00000000 0.94117647 1.00000000
v 268.36200385 -220.10207464 322.52181929 0.00000000 0.94117647 1.00000000
v 267.89019029 -220.73349372 321.48181049 0.00000000 0.94117647 1.00000000
v 267.66007282 -220.74096790 322.59922100 0.00000000 0.94117647 1.00000000
v 268.60360288 -220.38080862 322.57220804 0.00000000 0.94117647 1.00000000
v 268.93671356 -220.84170328 322.30212637 0.00000000 0.94117647 1.00000000
v 267.94120180 -221.31462781 321.70654548 0.00000000 0.94117647 1.00000000
v 267.60223872 -221.65124477 322.46862050 0.00000000 0.94117647 1.00000000
v 269.35491926 -221.41206772 321.48884843 0.00000000 0.94117647 1.00000000
v 269.03922964 -221.58025766 322.56426438 0.00000000 0.94117647 1.00000000
v 268.00699768 -222.10932837 321.68762738 0.00000000 0.94117647 1.00000000
v 267.59982927 -222.33808376 322.46634059 0.00000000 0.94117647 1.00000000
v 269.32982317 -222.14144822 321.77064535 0.00000000 0.94117647 1.00000000
v 269.05103001 -222.37266550 322.56452697 0.00000000 0.94117647 1.00000000
v 268.03065791 -222.82414190 321.96136171 0.00000000 0.94117647 1.00000000
v 267.69909298 -222.91652822 322.56010242 0.00000000 0.94117647 1.00000000
v 268.72445793 -222.74778389 321.67336861 0.00000000 0.94117647 1.00000000
v 269.10549173 -222.56715209 321.58399737 0.00000000 0.94117647 1.00000000
v 269.23715409 -222.56507800 322.29568420 0.00000000 0.94117647 1.00000000
v 269.34222287 -222.96289330 321.75925349 0.00000000 0.94117647 1.00000000
v 269.57820515 -222.84116870 322.41409932 0.00000000 0.94117647 1.00000000
v 268.04967684 -223.27356392 322.32658477 0.00000000 0.94117647 1.00000000
v 268.53108665 -223.39536719 321.94110657 0.00000000 0.94117647 1.00000000
v 268.30555454 -223.56711971 322.42205373 0.00000000 0.94117647 1.00000000
v 269.17172188 -223.47513543 321.94633461 0.00000000 0.94117647 1.00000000
v 269.63783289 -223.52766665 322.63053788 0.00000000 0.94117647 1.00000000
v 268.71271401 -223.83740644 322.63979220 0.00000000 0.94117647 1.00000000
v 269.41704548 -223.90813621 322.65976672 0.00000000 0.94117647 1.00000000
v 267.29985031 -220.18450297 323.36670717 0.00000000 0.94117647 1.00000000
v 266.94383113 -220.18573735 324.16540635 0.00000000 0.94117647 1.00000000
v 267.35880493 -219.91827689 323.82871069 0.00000000 0.94117647 1.00000000
v 267.58571739 -220.20725894 323.85504172 0.00000000 0.94117647 1.00000000
v 267.92630517 -220.19155091 323.20813215 0.00000000 0.94117647 1.00000000
v 267.36956602 -220.60351450 323.45750965 0.00000000 0.94117647 1.00000000
v 266.98042587 -220.78597946 324.23538033 0.00000000 0.94117647 1.00000000
v 267.56719063 -220.35847232 323.16864857 0.00000000 0.94117647 1.00000000
v 267.91807800 -220.48927836 323.87116736 0.00000000 0.94117647 1.00000000
v 268.60849643 -220.80255125 323.25592103 0.00000000 0.94117647 1.00000000
v 268.30844712 -221.00771483 324.01114561 0.00000000 0.94117647 1.00000000
v 267.27426773 -221.33535832 323.22419586 0.00000000 0.94117647 1.00000000
v 266.92761003 -221.66534758 323.95632071 0.00000000 0.94117647 1.00000000
v 268.69741221 -221.29178258 323.33902563 0.00000000 0.94117647 1.00000000
v 268.40496841 -221.43248900 323.99918310 0.00000000 0.94117647 1.00000000
v 267.26404129 -222.02067001 323.20896990 0.00000000 0.94117647 1.00000000
v 266.92975320 -222.33397616 323.96902025 0.00000000 0.94117647 1.00000000
v 268.57043349 -221.76145656 324.07894893 0.00000000 0.94117647 1.00000000
v 268.89331228 -222.22993157 323.83592674 0.00000000 0.94117647 1.00000000
v 267.32272961 -222.78018813 323.22338323 0.00000000 0.94117647 1.00000000
v 266.91734621 -223.01466609 323.98121029 0.00000000 0.94117647 1.00000000
v 269.32633201 -222.77327253 323.17074734 0.00000000 0.94117647 1.00000000
v 269.07950937 -222.72089157 323.82161011 0.00000000 0.94117647 1.00000000
v 267.25116043 -223.39173319 323.57632760 0.00000000 0.94117647 1.00000000
v 267.01684727 -223.59196423 324.11281000 0.00000000 0.94117647 1.00000000
v 267.83358923 -223.48118498 323.08483245 0.00000000 0.94117647 1.00000000
v 269.28453940 -223.13949908 324.10943360 0.00000000 0.94117647 1.00000000
v 269.63605937 -223.59424532 323.83081446 0.00000000 0.94117647 1.00000000
v 267.46340896 -223.83577390 324.02229189 0.00000000 0.94117647 1.00000000
v 268.08985154 -223.96155697 323.72462908 0.00000000 0.94117647 1.00000000
v 268.71535480 -224.31430165 323.29516936 0.00000000 0.94117647 1.00000000
v 268.25815098 -224.41955175 323.98497492 0.00000000 0.94117647 1.00000000
v 269.32161836 -224.33917673 323.19293562 0.00000000 0.94117647 1.00000000
v 269.62642420 -224.21483296 323.74691147 0.00000000 0.94117647 1.00000000
v 268.65780032 -224.77175705 323.53464813 0.00000000 0.94117647 1.00000000
v 268.41767726 -224.96549546 324.07272303 0.00000000 0.94117647 1.00000000
v 269.17080579 -224.85888636 323.46600035 0.00000000 0.94117647 1.00000000
v 269.53846689 -224.81003711 323.85198731 0.00000000 0.94117647 1.00000000
v 268.89307949 -225.21372069 324.10576179 0.00000000 0.94117647 1.00000000
v 269.32663237 -225.12194943 323.97183406 0.00000000 0.94117647 1.00000000
v 266.60067189 -220.15377319 324.87438842 0.00000000 0.94117647 1.00000000
v 266.37607516 -220.26249667 325.61926710 0.00000000 0.94117647 1.00000000
v 266.73954812 -219.91708483 325.16758265 0.00000000 0.94117647 1.00000000
v 266.87666425 -220.16721590 325.36497840 0.00000000 0.94117647 1.00000000
v 267.21323908 -220.16227280 324.72026151 0.00000000 0.94117647 1.00000000
v 266.66185530 -220.57604512 324.95930177 0.00000000 0.94117647 1.00000000
v 266.31594611 -220.88035666 325.48081627 0.00000000 0.94117647 1.00000000
v 266.86336847 -220.33144799 324.68412034 0.00000000 0.94117647 1.00000000
v 267.20860006 -220.45942597 325.39143216 0.00000000 0.94117647 1.00000000
v 267.89037959 -220.79346296 324.77022569 0.00000000 0.94117647 1.00000000
v 267.59485025 -220.98320906 325.52284915 0.00000000 0.94117647 1.00000000
v 266.57988850 -221.32511721 324.71148545 0.00000000 0.94117647 1.00000000
v 266.22552706 -221.55809144 325.59764185 0.00000000 0.94117647 1.00000000
v 268.05889132 -221.35415881 324.75509348 0.00000000 0.94117647 1.00000000
v 267.70440687 -221.42179013 325.50162298 0.00000000 0.94117647 1.00000000
v 266.58731518 -222.01650550 324.71471435 0.00000000 0.94117647 1.00000000
v 266.24791991 -222.33540718 325.46009121 0.00000000 0.94117647 1.00000000
v 267.97947220 -221.83121102 325.50297733 0.00000000 0.94117647 1.00000000
v 268.56511961 -222.19301188 324.75952990 0.00000000 0.94117647 1.00000000
v 268.27871803 -222.38469835 325.50796148 0.00000000 0.94117647 1.00000000
v 266.58980656 -222.68461983 324.72662569 0.00000000 0.94117647 1.00000000
v 266.25080810 -223.01060911 325.48183157 0.00000000 0.94117647 1.00000000
v 268.74691993 -222.72804727 324.77247192 0.00000000 0.94117647 1.00000000
v 268.38782310 -222.79936588 325.50925060 0.00000000 0.94117647 1.00000000
v 266.65471660 -223.45803097 324.72938804 0.00000000 0.94117647 1.00000000
v 266.24310729 -223.69543312 325.47680867 0.00000000 0.94117647 1.00000000
v 268.67547527 -223.19903253 325.51754157 0.00000000 0.94117647 1.00000000
v 269.29299141 -223.55454556 324.78412280 0.00000000 0.94117647 1.00000000
v 268.99093157 -223.73530498 325.51585221 0.00000000 0.94117647 1.00000000
v 266.65699766 -224.21214956 324.90853280 0.00000000 0.94117647 1.00000000
v 266.22688286 -224.38306451 325.46845883 0.00000000 0.94117647 1.00000000
v 267.22832548 -224.17696056 324.59688350 0.00000000 0.94117647 1.00000000
v 267.80392032 -224.21341996 324.44663851 0.00000000 0.94117647 1.00000000
v 269.40150057 -224.07632491 324.76926829 0.00000000 0.94117647 1.00000000
v 269.02804769 -224.39249364 325.52707013 0.00000000 0.94117647 1.00000000
v 266.57955740 -224.75551512 325.06067958 0.00000000 0.94117647 1.00000000
v 266.33390387 -224.96007354 325.60162785 0.00000000 0.94117647 1.00000000
v 267.20250517 -224.89049485 324.89371112 0.00000000 0.94117647 1.00000000
v 267.94978685 -224.82907660 324.58532830 0.00000000 0.94117647 1.00000000
v 269.29650845 -224.88791802 324.67807121 0.00000000 0.94117647 1.00000000
v 268.96386500 -225.03434469 325.61543889 0.00000000 0.94117647 1.00000000
v 266.79736835 -225.20350797 325.51049832 0.00000000 0.94117647 1.00000000
v 267.33663920 -225.34057905 325.40424406 0.00000000 0.94117647 1.00000000
v 267.95035037 -225.54711425 324.86820099 0.00000000 0.94117647 1.00000000
v 267.59588557 -225.78426464 325.50991903 0.00000000 0.94117647 1.00000000
v 268.68969875 -225.60497047 324.69134932 0.00000000 0.94117647 1.00000000
v 268.98186826 -225.46082791 325.20585165 0.00000000 0.94117647 1.00000000
v 268.05707080 -226.27311226 324.86081984 0.00000000 0.94117647 1.00000000
v 267.63021157 -226.43474332 325.48555379 0.00000000 0.94117647 1.00000000
v 268.69049281 -226.29082283 324.65376292 0.00000000 0.94117647 1.00000000
v 269.18228249 -225.94176054 325.62160248 0.00000000 0.94117647 1.00000000
v 269.33405608 -226.34601837 324.94731761 0.00000000 0.94117647 1.00000000
v 269.57854051 -226.43061766 325.55985823 0.00000000 0.94117647 1.00000000
v 267.95587670 -226.81538665 325.00290770 0.00000000 0.94117647 1.00000000
v 267.72411237 -227.01587933 325.55676238 0.00000000 0.94117647 1.00000000
v 268.50439280 -226.89492890 324.82978081 0.00000000 0.94117647 1.00000000
v 269.19556637 -226.91395023 324.92766426 0.00000000 0.94117647 1.00000000
v 269.57635325 -226.83685174 325.31945967 0.00000000 0.94117647 1.00000000
v 268.18517501 -227.28360336 325.43463235 0.00000000 0.94117647 1.00000000
v 268.87844586 -227.30856868 325.60101059 0.00000000 0.94117647 1.00000000
v 269.35905565 -227.14489644 325.43279783 0.00000000 0.94117647 1.00000000
v 266.61347436 -220.16268869 326.13032047 0.00000000 0.94117647 1.00000000
v 266.20371877 -220.80638289 326.88963003 0.00000000 0.94117647 1.00000000
v 266.66218372 -220.49755134 326.99700236 0.00000000 0.94117647 1.00000000
v 267.19283027 -220.77055761 326.29872650 0.00000000 0.94117647 1.00000000
v 266.90495531 -220.97922381 327.05391960 0.00000000 0.94117647 1.00000000
v 265.91742872 -221.42630649 326.44261590 0.00000000 0.94117647 1.00000000
v 265.65536766 -221.50646354 327.18566322 0.00000000 0.94117647 1.00000000
v 265.94296711 -221.15167571 327.41459687 0.00000000 0.94117647 1.00000000
v 267.36613749 -221.34305959 326.27285503 0.00000000 0.94117647 1.00000000
v 267.01795501 -221.42466370 327.01891799 0.00000000 0.94117647 1.00000000
v 265.88990864 -222.01139705 326.19541023 0.00000000 0.94117647 1.00000000
v 265.63108027 -222.16385310 327.16374304 0.00000000 0.94117647 1.00000000
v 267.29369338 -221.82572325 327.01817727 0.00000000 0.94117647 1.00000000
v 267.87177373 -222.18449408 326.25144957 0.00000000 0.94117647 1.00000000
v 267.58542624 -222.37038284 327.00273838 0.00000000 0.94117647 1.00000000
v 265.90892603 -222.70147888 326.21179005 0.00000000 0.94117647 1.00000000
v 265.56416528 -222.93740649 327.10875700 0.00000000 0.94117647 1.00000000
v 268.04069781 -222.71761429 326.24859720 0.00000000 0.94117647 1.00000000
v 267.69325535 -222.78578213 326.99782284 0.00000000 0.94117647 1.00000000
v 265.83644450 -223.47279950 326.21966832 0.00000000 0.94117647 1.00000000
v 265.46231862 -223.60398905 326.84266461 0.00000000 0.94117647 1.00000000
v 267.97593498 -223.18362208 327.00173885 0.00000000 0.94117647 1.00000000
v 268.57229083 -223.52833692 326.24795846 0.00000000 0.94117647 1.00000000
v 268.28656883 -223.71881363 326.99814207 0.00000000 0.94117647 1.00000000
v 265.42387175 -224.18199063 326.44826232 0.00000000 0.94117647 1.00000000
v 264.99311821 -224.26741421 327.13494760 0.00000000 0.94117647 1.00000000
v 265.16932065 -223.83673181 327.17189759 0.00000000 0.94117647 1.00000000
v 265.89359943 -224.11311721 326.00312324 0.00000000 0.94117647 1.00000000
v 268.67361102 -224.04235579 326.24791028 0.00000000 0.94117647 1.00000000
v 268.31797793 -224.36800976 326.99671106 0.00000000 0.94117647 1.00000000
v 265.29020172 -224.89759773 326.38685732 0.00000000 0.94117647 1.00000000
v 264.85933561 -224.96684550 327.07145667 0.00000000 0.94117647 1.00000000
v 265.88690915 -224.83825545 326.07090382 0.00000000 0.94117647 1.00000000
v 268.66350830 -224.75019582 326.25916719 0.00000000 0.94117647 1.00000000
v 268.30230564 -225.08216292 326.99774268 0.00000000 0.94117647 1.00000000
v 265.28582149 -225.58927633 326.34885728 0.00000000 0.94117647 1.00000000
v 264.85854841 -225.73801953 326.92489707 0.00000000 0.94117647 1.00000000
v 265.89629658 -225.59911090 326.21309760 0.00000000 0.94117647 1.00000000
v 266.55761602 -225.55644288 326.12230879 0.00000000 0.94117647 1.00000000
v 267.14281376 -225.57739220 325.96281500 0.00000000 0.94117647 1.00000000
v 268.73409077 -225.46721806 326.24460524 0.00000000 0.94117647 1.00000000
v 268.37405614 -225.54995586 326.99568743 0.00000000 0.94117647 1.00000000
v 265.28815892 -226.22847078 326.44318368 0.00000000 0.94117647 1.00000000
v 264.96135136 -226.31562738 327.04725740 0.00000000 0.94117647 1.00000000
v 265.89955209 -226.27898263 326.19937595 0.00000000 0.94117647 1.00000000
v 266.60504032 -226.28440827 326.25533706 0.00000000 0.94117647 1.00000000
v 267.20751683 -226.10386983 326.10556100 0.00000000 0.94117647 1.00000000
v 268.68104221 -225.92856656 326.99115553 0.00000000 0.94117647 1.00000000
v 269.31078556 -226.27835746 326.22615393 0.00000000 0.94117647 1.00000000
v 269.00726237 -226.46783266 326.99257386 0.00000000 0.94117647 1.00000000
v 265.30176258 -226.66448140 326.85272293 0.00000000 0.94117647 1.00000000
v 265.77972859 -226.79661997 326.48335126 0.00000000 0.94117647 1.00000000
v 265.61306162 -227.06420111 327.10305623 0.00000000 0.94117647 1.00000000
v 266.53665823 -226.96015770 326.39379793 0.00000000 0.94117647 1.00000000
v 267.29375002 -226.88924988 326.09223692 0.00000000 0.94117647 1.00000000
v 269.32644655 -226.91865691 326.14644170 0.00000000 0.94117647 1.00000000
v 268.99209858 -227.05912168 327.11738884 0.00000000 0.94117647 1.00000000
v 266.12690437 -227.25882872 327.02364110 0.00000000 0.94117647 1.00000000
v 266.66682447 -227.39460152 326.91344296 0.00000000 0.94117647 1.00000000
v 267.27264219 -227.60612170 326.37506670 0.00000000 0.94117647 1.00000000
v 266.91655128 -227.84176684 327.01238115 0.00000000 0.94117647 1.00000000
v 267.95695275 -227.62899690 326.03814352 0.00000000 0.94117647 1.00000000
v 268.61488971 -227.77545621 326.20375646 0.00000000 0.94117647 1.00000000
v 268.94070142 -227.63699873 326.84092367 0.00000000 0.94117647 1.00000000
v 267.38209589 -228.33180599 326.36426977 0.00000000 0.94117647 1.00000000
v 266.94640396 -228.49209381 326.98173803 0.00000000 0.94117647 1.00000000
v 267.90142133 -228.24363777 326.15825825 0.00000000 0.94117647 1.00000000
v 268.48769223 -228.39869737 326.42071651 0.00000000 0.94117647 1.00000000
v 268.85039467 -228.21942105 326.87276038 0.00000000 0.94117647 1.00000000
v 267.28521769 -228.87217857 326.49163521 0.00000000 0.94117647 1.00000000
v 267.04250289 -229.06996390 327.04966497 0.00000000 0.94117647 1.00000000
v 267.89344101 -228.88655711 326.38503645 0.00000000 0.94117647 1.00000000
v 268.36276981 -228.97817625 327.26454088 0.00000000 0.94117647 1.00000000
v 268.67163172 -228.55654591 327.19091769 0.00000000 0.94117647 1.00000000
v 267.50835030 -229.33048375 326.92193444 0.00000000 0.94117647 1.00000000
v 268.01748231 -229.37924597 327.14605293 0.00000000 0.94117647 1.00000000
v 265.96884369 -220.88128844 327.90866328 0.00000000 0.94117647 1.00000000
v 265.69337901 -220.91394889 328.22405472 0.00000000 0.94117647 1.00000000
v 266.06481487 -220.60337113 328.21916415 0.00000000 0.94117647 1.00000000
v 266.15776294 -220.91165741 328.63451441 0.00000000 0.94117647 1.00000000
v 266.47712059 -220.80120822 327.85503099 0.00000000 0.94117647 1.00000000
v 265.61039737 -221.44099540 328.38345293 0.00000000 0.94117647 1.00000000
v 266.21026335 -221.27981180 328.27923818 0.00000000 0.94117647 1.00000000
v 266.28074254 -221.02124707 327.91854790 0.00000000 0.94117647 1.00000000
v 266.56607345 -221.30245913 327.60845362 0.00000000 0.94117647 1.00000000
v 265.45312913 -222.14440581 328.46559708 0.00000000 0.94117647 1.00000000
v 266.60172006 -221.80674140 328.55467891 0.00000000 0.94117647 1.00000000
v 267.18902173 -222.17993336 327.77547803 0.00000000 0.94117647 1.00000000
v 266.89480938 -222.36116192 328.53206012 0.00000000 0.94117647 1.00000000
v 265.26986790 -222.79536578 327.94023747 0.00000000 0.94117647 1.00000000
v 264.99719036 -222.87220673 328.65013171 0.00000000 0.94117647 1.00000000
v 265.14965861 -222.42573037 328.72271951 0.00000000 0.94117647 1.00000000
v 267.35202143 -222.71440878 327.75421039 0.00000000 0.94117647 1.00000000
v 266.99879368 -222.77985968 328.51368737 0.00000000 0.94117647 1.00000000
v 265.22502986 -223.34219112 327.60898659 0.00000000 0.94117647 1.00000000
v 264.86964163 -223.61346635 328.38726827 0.00000000 0.94117647 1.00000000
v 267.28689472 -223.17834652 328.51555250 0.00000000 0.94117647 1.00000000
v 267.88217206 -223.52516697 327.75599645 0.00000000 0.94117647 1.00000000
v 267.59605311 -223.71690424 328.51493286 0.00000000 0.94117647 1.00000000
v 264.74583336 -224.33939731 328.08930808 0.00000000 0.94117647 1.00000000
v 267.98418616 -224.04123402 327.74974218 0.00000000 0.94117647 1.00000000
v 267.63289517 -224.36676642 328.50056154 0.00000000 0.94117647 1.00000000
v 264.58236982 -224.84849637 327.91547491 0.00000000 0.94117647 1.00000000
v 264.32306889 -224.94638362 328.65050663 0.00000000 0.94117647 1.00000000
v 264.48988715 -224.50500058 328.70300844 0.00000000 0.94117647 1.00000000
v 267.96053121 -224.74753075 327.74887621 0.00000000 0.94117647 1.00000000
v 267.60905031 -225.07761919 328.49904354 0.00000000 0.94117647 1.00000000
v 264.52925073 -225.41151484 327.68305108 0.00000000 0.94117647 1.00000000
v 264.19399450 -225.65503582 328.58539205 0.00000000 0.94117647 1.00000000
v 268.02546782 -225.46491832 327.74740820 0.00000000 0.94117647 1.00000000
v 267.67109292 -225.54549988 328.49997504 0.00000000 0.94117647 1.00000000
v 264.59195206 -226.18630319 327.70054543 0.00000000 0.94117647 1.00000000
v 264.19186095 -226.42334726 328.46124091 0.00000000 0.94117647 1.00000000
v 267.96959503 -225.92671819 328.50092205 0.00000000 0.94117647 1.00000000
v 268.58137760 -226.26196675 327.74222983 0.00000000 0.94117647 1.00000000
v 268.28828867 -226.45573328 328.49713491 0.00000000 0.94117647 1.00000000
v 264.61491159 -226.93294844 327.91265374 0.00000000 0.94117647 1.00000000
v 264.19292474 -227.10340343 328.47852686 0.00000000 0.94117647 1.00000000
v 265.14191267 -226.91597958 327.50657678 0.00000000 0.94117647 1.00000000
v 268.68567419 -226.78347484 327.75951379 0.00000000 0.94117647 1.00000000
v 268.33110200 -227.10720046 328.51110673 0.00000000 0.94117647 1.00000000
v 264.62948034 -227.62208871 327.89597807 0.00000000 0.94117647 1.00000000
v 264.19064653 -227.79272329 328.45795064 0.00000000 0.94117647 1.00000000
v 265.22770832 -227.63310240 327.74563809 0.00000000 0.94117647 1.00000000
v 265.88425621 -227.60498021 327.63523124 0.00000000 0.94117647 1.00000000
v 266.46832021 -227.62526364 327.46822855 0.00000000 0.94117647 1.00000000
v 268.68479967 -227.48686698 327.77304663 0.00000000 0.94117647 1.00000000
v 268.32880686 -227.81993164 328.51297007 0.00000000 0.94117647 1.00000000
v 264.61390240 -228.31770925 327.86104551 0.00000000 0.94117647 1.00000000
v 264.18186411 -228.48981708 328.45531061 0.00000000 0.94117647 1.00000000
v 265.22698699 -228.32510292 327.70271734 0.00000000 0.94117647 1.00000000
v 265.92892807 -228.32661051 327.76629471 0.00000000 0.94117647 1.00000000
v 266.52643231 -228.15271482 327.60731075 0.00000000 0.94117647 1.00000000
v 268.69940856 -228.15129953 327.65403663 0.00000000 0.94117647 1.00000000
v 268.35058581 -228.52505439 328.26530628 0.00000000 0.94117647 1.00000000
v 264.52477115 -228.86364883 328.02122951 0.00000000 0.94117647 1.00000000
v 264.28237011 -229.06547531 328.58063065 0.00000000 0.94117647 1.00000000
v 265.05263882 -228.92188281 327.87685413 0.00000000 0.94117647 1.00000000
v 265.85227253 -229.00890882 327.89611137 0.00000000 0.94117647 1.00000000
v 266.61135349 -228.93770946 327.59381438 0.00000000 0.94117647 1.00000000
v 268.25646830 -229.11965908 328.49257930 0.00000000 0.94117647 1.00000000
v 264.73817810 -229.31558357 328.49315305 0.00000000 0.94117647 1.00000000
v 265.39650990 -229.34773832 328.51347750 0.00000000 0.94117647 1.00000000
v 265.98098361 -229.43378399 328.42225801 0.00000000 0.94117647 1.00000000
v 266.59162056 -229.65295709 327.87871997 0.00000000 0.94117647 1.00000000
v 266.23275697 -229.88212396 328.51427722 0.00000000 0.94117647 1.00000000
v 267.27966557 -229.68041134 327.54700798 0.00000000 0.94117647 1.00000000
v 267.93830852 -229.81400569 327.71076522 0.00000000 0.94117647 1.00000000
v 268.22709759 -229.67847939 328.25758509 0.00000000 0.94117647 1.00000000
v 266.70003442 -230.39075285 327.86731462 0.00000000 0.94117647 1.00000000
v 266.26369883 -230.54088748 328.47204165 0.00000000 0.94117647 1.00000000
v 267.21880652 -230.30610142 327.68262429 0.00000000 0.94117647 1.00000000
v 267.81644490 -230.46573379 327.94850733 0.00000000 0.94117647 1.00000000
v 268.18854445 -230.27302977 328.39340819 0.00000000 0.94117647 1.00000000
v 266.60780713 -230.94228451 327.99342470 0.00000000 0.94117647 1.00000000
v 266.36064624 -231.13217006 328.55437999 0.00000000 0.94117647 1.00000000
v 267.20401303 -230.96921405 327.89405508 0.00000000 0.94117647 1.00000000
v 267.67769890 -230.96337477 328.46444250 0.00000000 0.94117647 1.00000000
v 268.05646391 -230.64939058 328.50454949 0.00000000 0.94117647 1.00000000
v 266.81970687 -231.37886624 328.58319192 0.00000000 0.94117647 1.00000000
v 267.25094237 -231.28329319 328.42267381 0.00000000 0.94117647 1.00000000
v 265.83018033 -220.87967420 328.94826038 0.00000000 0.94117647 1.00000000
v 265.89800033 -221.46719593 329.15924823 0.00000000 0.94117647 1.00000000
v 265.19273003 -222.11591916 329.28318712 0.00000000 0.94117647 1.00000000
v 265.00083128 -222.32577661 329.88497957 0.00000000 0.94117647 1.00000000
v 265.41921335 -221.90835072 329.93022771 0.00000000 0.94117647 1.00000000
v 266.03190570 -221.86354724 329.83170856 0.00000000 0.94117647 1.00000000
v 266.49715936 -222.15087542 329.32132199 0.00000000 0.94117647 1.00000000
v 266.20114143 -222.33218156 330.07860629 0.00000000 0.94117647 1.00000000
v 264.77771375 -222.93526180 329.73874556 0.00000000 0.94117647 1.00000000
v 266.66820460 -222.70342230 329.29376419 0.00000000 0.94117647 1.00000000
v 266.35785245 -222.88293240 330.15556203 0.00000000 0.94117647 1.00000000
v 264.57251734 -223.45416989 329.47351091 0.00000000 0.94117647 1.00000000
v 264.34331574 -223.65030064 330.02341351 0.00000000 0.94117647 1.00000000
v 264.51515088 -223.18096578 330.51166468 0.00000000 0.94117647 1.00000000
v 266.77105325 -223.23036831 329.76199609 0.00000000 0.94117647 1.00000000
v 267.19921678 -223.52674222 329.28286872 0.00000000 0.94117647 1.00000000
v 266.91139108 -223.73406837 330.02204843 0.00000000 0.94117647 1.00000000
v 264.53138228 -223.99894353 329.14529347 0.00000000 0.94117647 1.00000000
v 264.26579497 -224.24644499 329.91718101 0.00000000 0.94117647 1.00000000
v 267.29917970 -224.04380228 329.27264262 0.00000000 0.94117647 1.00000000
v 266.95179133 -224.37796353 330.01619641 0.00000000 0.94117647 1.00000000
v 264.08949718 -224.94474437 329.81190278 0.00000000 0.94117647 1.00000000
v 267.28023147 -224.74778623 329.25048756 0.00000000 0.94117647 1.00000000
v 266.92775067 -225.07390089 330.00421149 0.00000000 0.94117647 1.00000000
v 263.90305557 -225.53807606 329.40091712 0.00000000 0.94117647 1.00000000
v 263.64695035 -225.62477429 330.12615497 0.00000000 0.94117647 1.00000000
v 263.81450915 -225.19234252 330.17133616 0.00000000 0.94117647 1.00000000
v 267.33457111 -225.46340362 329.25380442 0.00000000 0.94117647 1.00000000
v 266.97742557 -225.53807093 330.01292220 0.00000000 0.94117647 1.00000000
v 263.86284231 -226.10424567 329.19754714 0.00000000 0.94117647 1.00000000
v 263.51961325 -226.33795314 330.09976477 0.00000000 0.94117647 1.00000000
v 267.27798260 -225.92200807 330.01737301 0.00000000 0.94117647 1.00000000
v 267.88125870 -226.26018402 329.25529673 0.00000000 0.94117647 1.00000000
v 267.59595623 -226.45147174 330.01506881 0.00000000 0.94117647 1.00000000
v 263.78749373 -226.87633664 329.22019805 0.00000000 0.94117647 1.00000000
v 263.41685051 -227.00725821 329.86103639 0.00000000 0.94117647 1.00000000
v 267.98636551 -226.77532698 329.24999569 0.00000000 0.94117647 1.00000000
v 267.64224333 -227.09580199 330.00164080 0.00000000 0.94117647 1.00000000
v 263.38171348 -227.59489405 329.47299904 0.00000000 0.94117647 1.00000000
v 262.89226362 -227.74836530 330.03562612 0.00000000 0.94117647 1.00000000
v 263.16950546 -227.30469221 329.95681696 0.00000000 0.94117647 1.00000000
v 263.85052574 -227.52077683 329.02019398 0.00000000 0.94117647 1.00000000
v 267.97549358 -227.46668704 329.26336674 0.00000000 0.94117647 1.00000000
v 267.62753920 -227.79565122 330.00544800 0.00000000 0.94117647 1.00000000
v 263.24132478 -228.31285118 329.41917099 0.00000000 0.94117647 1.00000000
v 262.80797662 -228.48374429 329.96501097 0.00000000 0.94117647 1.00000000
v 263.75992880 -228.14799926 329.04946410 0.00000000 0.94117647 1.00000000
v 267.97364358 -228.16415883 329.25953862 0.00000000 0.94117647 1.00000000
v 267.62802619 -228.48260304 330.01242710 0.00000000 0.94117647 1.00000000
v 263.24203696 -228.98868068 329.41453671 0.00000000 0.94117647 1.00000000
v 262.82018799 -229.15591820 329.97671280 0.00000000 0.94117647 1.00000000
v 263.83276770 -228.92996804 329.07277386 0.00000000 0.94117647 1.00000000
v 267.98749881 -228.84788862 329.26589570 0.00000000 0.94117647 1.00000000
v 267.64734104 -229.16290311 330.03115322 0.00000000 0.94117647 1.00000000
v 263.26104029 -229.67572377 329.39070905 0.00000000 0.94117647 1.00000000
v 262.82939550 -229.84693479 329.96380450 0.00000000 0.94117647 1.00000000
v 263.85070031 -229.67721088 329.21794676 0.00000000 0.94117647 1.00000000
v 264.50015007 -229.66848501 329.10989197 0.00000000 0.94117647 1.00000000
v 265.23224743 -229.76736425 329.12773960 0.00000000 0.94117647 1.00000000
v 265.77596592 -229.66846661 328.98007541 0.00000000 0.94117647 1.00000000
v 268.00918419 -229.53702812 329.27850654 0.00000000 0.94117647 1.00000000
v 267.65922604 -229.85761280 330.03271594 0.00000000 0.94117647 1.00000000
v 263.24970740 -230.36987993 329.36079866 0.00000000 0.94117647 1.00000000
v 262.82585024 -230.53772198 329.96119992 0.00000000 0.94117647 1.00000000
v 263.85504337 -230.36919538 329.18608146 0.00000000 0.94117647 1.00000000
v 264.54866182 -230.38356722 329.24426900 0.00000000 0.94117647 1.00000000
v 265.23837467 -230.37358724 329.30102219 0.00000000 0.94117647 1.00000000
v 265.83559869 -230.19543728 329.12349312 0.00000000 0.94117647 1.00000000
v 267.94039520 -230.37380030 329.12506003 0.00000000 0.94117647 1.00000000
v 267.55766753 -230.44223895 329.90959050 0.00000000 0.94117647 1.00000000
v 263.15838686 -230.91411430 329.52179031 0.00000000 0.94117647 1.00000000
v 262.91819030 -231.11146271 330.08752465 0.00000000 0.94117647 1.00000000
v 263.68505632 -230.97063926 329.37223608 0.00000000 0.94117647 1.00000000
v 264.48047917 -231.05241699 329.37813431 0.00000000 0.94117647 1.00000000
v 265.25023276 -231.05835600 329.25210038 0.00000000 0.94117647 1.00000000
v 265.93015226 -230.99051345 329.09388864 0.00000000 0.94117647 1.00000000
v 267.31437620 -231.07699642 329.29399783 0.00000000 0.94117647 1.00000000
v 267.30430683 -230.73171372 330.00963682 0.00000000 0.94117647 1.00000000
v 266.99626785 -231.11746135 330.17388171 0.00000000 0.94117647 1.00000000
v 263.37083798 -231.36575836 329.99363448 0.00000000 0.94117647 1.00000000
v 264.02892918 -231.39660629 330.00874230 0.00000000 0.94117647 1.00000000
v 264.61010737 -231.47707150 329.90883667 0.00000000 0.94117647 1.00000000
v 265.22511943 -231.69802200 329.36737759 0.00000000 0.94117647 1.00000000
v 264.86129298 -231.92463159 330.00929493 0.00000000 0.94117647 1.00000000
v 265.95735484 -231.75232264 329.20625982 0.00000000 0.94117647 1.00000000
v 266.52889238 -231.74482787 329.21506355 0.00000000 0.94117647 1.00000000
v 266.85982139 -231.74543188 329.82050633 0.00000000 0.94117647 1.00000000
v 265.32378616 -232.42468003 329.35873894 0.00000000 0.94117647 1.00000000
v 264.89744224 -232.58697707 329.99342847 0.00000000 0.94117647 1.00000000
v 265.95743815 -232.44629755 329.16456899 0.00000000 0.94117647 1.00000000
v 266.58672829 -232.47303595 329.38279821 0.00000000 0.94117647 1.00000000
v 266.83672347 -232.46831729 329.98101096 0.00000000 0.94117647 1.00000000
v 265.23155118 -232.97292027 329.50199300 0.00000000 0.94117647 1.00000000
v 264.99560167 -233.17232876 330.06643553 0.00000000 0.94117647 1.00000000
v 265.77912518 -233.05374587 329.33265121 0.00000000 0.94117647 1.00000000
v 266.46049757 -233.08219078 329.44613986 0.00000000 0.94117647 1.00000000
v 266.82565659 -233.01952583 329.85560372 0.00000000 0.94117647 1.00000000
v 265.45434924 -233.44776523 329.93871317 0.00000000 0.94117647 1.00000000
v 266.14633235 -233.47361915 330.10615986 0.00000000 0.94117647 1.00000000
v 266.62346829 -233.32580178 329.95552290 0.00000000 0.94117647 1.00000000
v 265.28906143 -222.25993767 330.84480790 0.00000000 0.94117647 1.00000000
v 265.74486880 -222.10690561 330.52170078 0.00000000 0.94117647 1.00000000
v 264.89150848 -222.77956714 331.40396217 0.00000000 0.94117647 1.00000000
v 265.30923398 -222.59923807 331.47521480 0.00000000 0.94117647 1.00000000
v 265.52657119 -223.02684812 331.57140041 0.00000000 0.94117647 1.00000000
v 265.86528734 -222.72215758 330.82812875 0.00000000 0.94117647 1.00000000
v 264.26936499 -223.58372014 331.19619325 0.00000000 0.94117647 1.00000000
v 264.48112905 -223.17031653 331.82533349 0.00000000 0.94117647 1.00000000
v 266.00432831 -223.47926577 331.05627784 0.00000000 0.94117647 1.00000000
v 265.67813735 -223.58077341 331.64239786 0.00000000 0.94117647 1.00000000
v 266.44045650 -223.39908803 330.51462215 0.00000000 0.94117647 1.00000000
v 264.08286330 -224.22381936 331.37362772 0.00000000 0.94117647 1.00000000
v 266.03626289 -223.93884668 331.40485951 0.00000000 0.94117647 1.00000000
v 266.22331964 -224.42988459 331.49905736 0.00000000 0.94117647 1.00000000
v 266.51006934 -224.04728253 330.77041212 0.00000000 0.94117647 1.00000000
v 263.89801329 -224.78881553 330.85341094 0.00000000 0.94117647 1.00000000
v 263.61580827 -224.96401568 331.40736014 0.00000000 0.94117647 1.00000000
v 263.80017215 -224.48265450 331.77027053 0.00000000 0.94117647 1.00000000
v 266.60023786 -224.75136879 330.76324418 0.00000000 0.94117647 1.00000000
v 266.25816857 -225.06830245 331.53049933 0.00000000 0.94117647 1.00000000
v 263.40881979 -225.60680469 331.31459972 0.00000000 0.94117647 1.00000000
v 266.65803335 -225.45335051 330.77376953 0.00000000 0.94117647 1.00000000
v 266.34847007 -225.63509921 331.63909665 0.00000000 0.94117647 1.00000000
v 263.22938458 -226.21298998 330.93015593 0.00000000 0.94117647 1.00000000
v 262.95302006 -226.30817546 331.63824384 0.00000000 0.94117647 1.00000000
v 263.12838477 -225.85552412 331.68995146 0.00000000 0.94117647 1.00000000
v 266.75792785 -225.96829160 331.27372221 0.00000000 0.94117647 1.00000000
v 267.19764416 -226.26093652 330.79092853 0.00000000 0.94117647 1.00000000
v 266.91049727 -226.47207642 331.53087252 0.00000000 0.94117647 1.00000000
v 263.08344346 -226.92796783 330.55547400 0.00000000 0.94117647 1.00000000
v 262.73993580 -226.90802964 331.53648965 0.00000000 0.94117647 1.00000000
v 267.30368337 -226.77834029 330.78175945 0.00000000 0.94117647 1.00000000
v 266.96160487 -227.11722366 331.51813552 0.00000000 0.94117647 1.00000000
v 262.60267084 -227.51872701 330.86894357 0.00000000 0.94117647 1.00000000
v 262.26145688 -227.68805271 331.62808993 0.00000000 0.94117647 1.00000000
v 262.44359880 -227.24825297 331.66396270 0.00000000 0.94117647 1.00000000
v 267.30028559 -227.46693596 330.75499690 0.00000000 0.94117647 1.00000000
v 266.95474502 -227.80122613 331.50510436 0.00000000 0.94117647 1.00000000
v 262.40878852 -228.25916073 330.69528981 0.00000000 0.94117647 1.00000000
v 262.04935009 -228.29337028 331.53830842 0.00000000 0.94117647 1.00000000
v 267.28687189 -228.15872159 330.74874066 0.00000000 0.94117647 1.00000000
v 266.94990061 -228.48121641 331.50034225 0.00000000 0.94117647 1.00000000
v 262.00361705 -228.97772888 330.92987765 0.00000000 0.94117647 1.00000000
v 261.57791584 -229.05735605 331.62712575 0.00000000 0.94117647 1.00000000
v 261.74778966 -228.62548324 331.66215795 0.00000000 0.94117647 1.00000000
v 262.47319983 -228.90244077 330.49001354 0.00000000 0.94117647 1.00000000
v 267.28767748 -228.83774201 330.75497809 0.00000000 0.94117647 1.00000000
v 266.95553265 -229.15433058 331.51597267 0.00000000 0.94117647 1.00000000
v 261.88607521 -229.69028166 330.90098285 0.00000000 0.94117647 1.00000000
v 261.45422746 -229.75857257 331.59358148 0.00000000 0.94117647 1.00000000
v 262.40200847 -229.51786222 330.54140483 0.00000000 0.94117647 1.00000000
v 267.30228140 -229.51906296 330.77101544 0.00000000 0.94117647 1.00000000
v 266.95571204 -229.84001151 331.51316131 0.00000000 0.94117647 1.00000000
v 261.79565985 -230.43303901 330.87558002 0.00000000 0.94117647 1.00000000
v 261.35012381 -230.40692038 331.33224185 0.00000000 0.94117647 1.00000000
v 262.39480436 -230.20036696 330.54162151 0.00000000 0.94117647 1.00000000
v 267.21314235 -230.33965176 330.63152530 0.00000000 0.94117647 1.00000000
v 266.85231257 -230.41847457 331.39413595 0.00000000 0.94117647 1.00000000
v 261.31535838 -231.00612575 330.93783621 0.00000000 0.94117647 1.00000000
v 260.83531028 -231.15186723 331.50682910 0.00000000 0.94117647 1.00000000
v 261.10329095 -230.70066079 331.42730520 0.00000000 0.94117647 1.00000000
v 261.88986701 -231.14442552 330.73293157 0.00000000 0.94117647 1.00000000
v 262.47422056 -230.98324144 330.58353011 0.00000000 0.94117647 1.00000000
v 266.73006637 -230.94145264 330.92794846 0.00000000 0.94117647 1.00000000
v 266.60198920 -230.72125012 331.49451510 0.00000000 0.94117647 1.00000000
v 266.32418514 -231.17036861 331.56335132 0.00000000 0.94117647 1.00000000
v 261.19435944 -231.73091771 330.85162647 0.00000000 0.94117647 1.00000000
v 260.75892489 -231.89692761 331.41984354 0.00000000 0.94117647 1.00000000
v 261.79908203 -231.73158195 330.69531379 0.00000000 0.94117647 1.00000000
v 262.48207984 -231.73747635 330.73513255 0.00000000 0.94117647 1.00000000
v 263.13566066 -231.71432441 330.62299775 0.00000000 0.94117647 1.00000000
v 263.86507584 -231.81831160 330.62809736 0.00000000 0.94117647 1.00000000
v 264.40834040 -231.71883315 330.47878651 0.00000000 0.94117647 1.00000000
v 266.60730415 -231.60265046 330.73518164 0.00000000 0.94117647 1.00000000
v 266.25782608 -231.91908384 331.48281112 0.00000000 0.94117647 1.00000000
v 261.19006617 -232.42222661 330.83816357 0.00000000 0.94117647 1.00000000
v 260.75984728 -232.58387430 331.43939030 0.00000000 0.94117647 1.00000000
v 261.79721043 -232.42530971 330.65813515 0.00000000 0.94117647 1.00000000
v 262.49494400 -232.42900390 330.70683954 0.00000000 0.94117647 1.00000000
v 263.18832111 -232.43261683 330.76531422 0.00000000 0.94117647 1.00000000
v 263.87260918 -232.42629287 330.80664212 0.00000000 0.94117647 1.00000000
v 264.46916984 -232.24849962 330.62889496 0.00000000 0.94117647 1.00000000
v 266.63076359 -232.29586650 330.73994966 0.00000000 0.94117647 1.00000000
v 266.29141010 -232.60629103 331.52134418 0.00000000 0.94117647 1.00000000
v 261.10368326 -232.95954390 331.01603901 0.00000000 0.94117647 1.00000000
v 260.85544572 -233.15471343 331.57491517 0.00000000 0.94117647 1.00000000
v 261.63143503 -233.02897703 330.85982562 0.00000000 0.94117647 1.00000000
v 262.33071256 -233.03227249 330.88923734 0.00000000 0.94117647 1.00000000
v 263.12722785 -233.10276042 330.89634903 0.00000000 0.94117647 1.00000000
v 263.89046367 -233.11881530 330.76176816 0.00000000 0.94117647 1.00000000
v 264.56713705 -233.04674053 330.60637760 0.00000000 0.94117647 1.00000000
v 266.57877395 -233.09344089 330.67582554 0.00000000 0.94117647 1.00000000
v 266.24923910 -233.23421848 331.63071737 0.00000000 0.94117647 1.00000000
v 261.30737418 -233.41196643 331.47770244 0.00000000 0.94117647 1.00000000
v 261.97056822 -233.45983895 331.50136197 0.00000000 0.94117647 1.00000000
v 262.67139508 -233.43829475 331.52607769 0.00000000 0.94117647 1.00000000
v 263.24772961 -233.52826491 331.41107147 0.00000000 0.94117647 1.00000000
v 263.86013209 -233.76087558 330.86983991 0.00000000 0.94117647 1.00000000
v 263.49688350 -233.98134601 331.50524458 0.00000000 0.94117647 1.00000000
v 264.58206591 -233.81746848 330.70279666 0.00000000 0.94117647 1.00000000
v 265.13164337 -233.71367370 330.53154257 0.00000000 0.94117647 1.00000000
v 265.74998082 -233.95882355 330.79669529 0.00000000 0.94117647 1.00000000
v 266.18806116 -233.68025576 331.24114214 0.00000000 0.94117647 1.00000000
v 263.95921418 -234.49005637 330.83935217 0.00000000 0.94117647 1.00000000
v 263.53695858 -234.64030054 331.45975878 0.00000000 0.94117647 1.00000000
v 264.48405497 -234.41377801 330.64942107 0.00000000 0.94117647 1.00000000
v 265.13821727 -234.50429334 330.88630960 0.00000000 0.94117647 1.00000000
v 265.62110978 -234.36577017 331.49613339 0.00000000 0.94117647 1.00000000
v 265.95980836 -234.06208167 331.49531315 0.00000000 0.94117647 1.00000000
v 263.88211484 -235.03755057 330.96843026 0.00000000 0.94117647 1.00000000
v 263.64581713 -235.23470554 331.54356654 0.00000000 0.94117647 1.00000000
v 264.47612266 -235.05949732 330.87971328 0.00000000 0.94117647 1.00000000
v 264.92789420 -235.05892998 331.63526730 0.00000000 0.94117647 1.00000000
v 265.23326390 -234.72413119 331.69396295 0.00000000 0.94117647 1.00000000
v 264.11095429 -235.51016356 331.67678830 0.00000000 0.94117647 1.00000000
v 264.59532178 -235.40755634 331.78682636 0.00000000 0.94117647 1.00000000
v 265.21010379 -222.85531592 331.91158942 0.00000000 0.94117647 1.00000000
v 264.21801545 -223.57670626 332.63836523 0.00000000 0.94117647 1.00000000
v 264.64979909 -223.24969256 332.75085050 0.00000000 0.94117647 1.00000000
v 265.22104269 -223.40061708 332.24986403 0.00000000 0.94117647 1.00000000
v 264.84161483 -223.70246811 333.10150777 0.00000000 0.94117647 1.00000000
v 263.88745510 -224.07081041 332.46419351 0.00000000 0.94117647 1.00000000
v 263.63959398 -224.38427369 332.91984663 0.00000000 0.94117647 1.00000000
v 263.93359926 -223.86321142 333.23875810 0.00000000 0.94117647 1.00000000
v 265.31584820 -224.15432493 332.57784428 0.00000000 0.94117647 1.00000000
v 264.99813006 -224.25422477 333.16648126 0.00000000 0.94117647 1.00000000
v 265.75639680 -224.08765661 331.99975865 0.00000000 0.94117647 1.00000000
v 263.41107297 -224.98957400 332.76028549 0.00000000 0.94117647 1.00000000
v 265.34592521 -224.61059208 332.92990655 0.00000000 0.94117647 1.00000000
v 265.54823001 -225.11238498 333.00752153 0.00000000 0.94117647 1.00000000
v 265.82008351 -224.73301851 332.27075256 0.00000000 0.94117647 1.00000000
v 263.20054642 -225.45660517 332.38463780 0.00000000 0.94117647 1.00000000
v 262.94380653 -225.73054350 332.75049606 0.00000000 0.94117647 1.00000000
v 263.15122464 -225.23548129 333.54881801 0.00000000 0.94117647 1.00000000
v 265.99019516 -225.51976144 332.28201879 0.00000000 0.94117647 1.00000000
v 265.58478233 -225.75917037 332.99881987 0.00000000 0.94117647 1.00000000
v 262.74320852 -226.28541284 332.92569702 0.00000000 0.94117647 1.00000000
v 265.99889985 -226.26777323 332.43022142 0.00000000 0.94117647 1.00000000
v 265.57298723 -226.43649376 332.99671188 0.00000000 0.94117647 1.00000000
v 266.43522352 -226.14354015 332.00740562 0.00000000 0.94117647 1.00000000
v 262.52153666 -226.84619135 332.34660381 0.00000000 0.94117647 1.00000000
v 262.26305570 -227.11386783 332.70875237 0.00000000 0.94117647 1.00000000
v 262.47271613 -226.61301609 333.49846136 0.00000000 0.94117647 1.00000000
v 266.00297050 -226.91296719 332.52189134 0.00000000 0.94117647 1.00000000
v 265.67009857 -227.00404026 333.09567850 0.00000000 0.94117647 1.00000000
v 266.51979953 -226.78966768 332.08867931 0.00000000 0.94117647 1.00000000
v 262.02595276 -227.66301093 332.83526953 0.00000000 0.94117647 1.00000000
v 266.01864486 -227.35643633 332.90237135 0.00000000 0.94117647 1.00000000
v 266.23048681 -227.85491975 333.00577021 0.00000000 0.94117647 1.00000000
v 266.51039969 -227.46784640 332.26151388 0.00000000 0.94117647 1.00000000
v 261.83165279 -228.22071440 332.33286921 0.00000000 0.94117647 1.00000000
v 261.54479622 -228.37975913 332.90220773 0.00000000 0.94117647 1.00000000
v 261.73689886 -227.90755314 333.25458977 0.00000000 0.94117647 1.00000000
v 266.61837575 -228.16506867 332.26773261 0.00000000 0.94117647 1.00000000
v 266.27881009 -228.49429023 333.01269712 0.00000000 0.94117647 1.00000000
v 261.33566429 -229.01573123 332.82804332 0.00000000 0.94117647 1.00000000
v 266.61815999 -228.83750293 332.26051826 0.00000000 0.94117647 1.00000000
v 266.28355799 -229.15755827 333.02269946 0.00000000 0.94117647 1.00000000
v 261.16592589 -229.62654388 332.43328237 0.00000000 0.94117647 1.00000000
v 260.88965557 -229.71885874 333.16396860 0.00000000 0.94117647 1.00000000
v 261.05697760 -229.27456703 333.22236219 0.00000000 0.94117647 1.00000000
v 266.62092578 -229.51784374 332.27109058 0.00000000 0.94117647 1.00000000
v 266.27876047 -229.83891815 333.01599817 0.00000000 0.94117647 1.00000000
v 261.02200382 -230.33973029 332.05199601 0.00000000 0.94117647 1.00000000
v 260.67155380 -230.32231212 333.07257568 0.00000000 0.94117647 1.00000000
v 266.51708617 -230.34004212 332.12432760 0.00000000 0.94117647 1.00000000
v 266.16729607 -230.41492254 332.89794524 0.00000000 0.94117647 1.00000000
v 260.54115245 -230.93541211 332.37747633 0.00000000 0.94117647 1.00000000
v 260.19612712 -231.08949710 333.15799800 0.00000000 0.94117647 1.00000000
v 260.36061068 -230.66617278 333.20406505 0.00000000 0.94117647 1.00000000
v 266.03739180 -230.93052288 332.42385639 0.00000000 0.94117647 1.00000000
v 265.91987818 -230.71329535 332.99760961 0.00000000 0.94117647 1.00000000
v 265.64299788 -231.15315390 333.07233341 0.00000000 0.94117647 1.00000000
v 260.42463839 -231.56926759 332.20435822 0.00000000 0.94117647 1.00000000
v 260.06994954 -231.78900236 333.14334350 0.00000000 0.94117647 1.00000000
v 265.90567098 -231.58266625 332.23640415 0.00000000 0.94117647 1.00000000
v 265.55906822 -231.90561292 332.99230954 0.00000000 0.94117647 1.00000000
v 260.35245061 -232.34153899 332.20616124 0.00000000 0.94117647 1.00000000
v 259.98432929 -232.46340214 332.86595988 0.00000000 0.94117647 1.00000000
v 265.91817315 -232.25813850 332.25504885 0.00000000 0.94117647 1.00000000
v 265.58474709 -232.58857923 333.02602118 0.00000000 0.94117647 1.00000000
v 259.95412711 -233.05943017 332.45360818 0.00000000 0.94117647 1.00000000
v 259.44802490 -233.19906293 333.03915174 0.00000000 0.94117647 1.00000000
v 259.73964426 -232.76084704 332.95928056 0.00000000 0.94117647 1.00000000
v 260.49636756 -233.09831130 332.04590619 0.00000000 0.94117647 1.00000000
v 265.94990893 -232.95507687 332.29638469 0.00000000 0.94117647 1.00000000
v 265.59832965 -233.28810820 333.03469333 0.00000000 0.94117647 1.00000000
v 259.81038288 -233.78393257 332.37765001 0.00000000 0.94117647 1.00000000
v 259.36897504 -233.94321558 332.95324040 0.00000000 0.94117647 1.00000000
v 260.41553382 -233.78281673 332.22014420 0.00000000 0.94117647 1.00000000
v 261.06255200 -233.75529984 332.09741363 0.00000000 0.94117647 1.00000000
v 261.79920163 -233.88096351 332.11306376 0.00000000 0.94117647 1.00000000
v 262.49749071 -233.85983381 332.14057859 0.00000000 0.94117647 1.00000000
v 263.04272522 -233.76220623 331.98070985 0.00000000 0.94117647 1.00000000
v 265.87533610 -233.78640380 332.14238197 0.00000000 0.94117647 1.00000000
v 265.50458539 -233.86819443 332.94383787 0.00000000 0.94117647 1.00000000
v 259.80938802 -234.41645163 332.46849624 0.00000000 0.94117647 1.00000000
v 259.48911376 -234.51075803 333.07874613 0.00000000 0.94117647 1.00000000
v 260.41701608 -234.46606327 332.19661328 0.00000000 0.94117647 1.00000000
v 261.11249853 -234.47685179 332.23724810 0.00000000 0.94117647 1.00000000
v 261.80563078 -234.47805732 332.29894761 0.00000000 0.94117647 1.00000000
v 262.50436883 -234.46887532 332.32261196 0.00000000 0.94117647 1.00000000
v 263.10478730 -234.29072976 332.12347965 0.00000000 0.94117647 1.00000000
v 265.39369604 -234.35193216 332.36431395 0.00000000 0.94117647 1.00000000
v 265.16185831 -234.20836890 333.14953777 0.00000000 0.94117647 1.00000000
v 264.95893263 -234.73033582 332.78379861 0.00000000 0.94117647 1.00000000
v 259.84311777 -234.85429986 332.88974693 0.00000000 0.94117647 1.00000000
v 260.40286391 -235.07744283 332.44709537 0.00000000 0.94117647 1.00000000
v 260.15400871 -235.24928056 333.11547106 0.00000000 0.94117647 1.00000000
v 261.12608485 -235.15799209 332.20990784 0.00000000 0.94117647 1.00000000
v 261.83437041 -235.17237050 332.24774608 0.00000000 0.94117647 1.00000000
v 262.53092857 -235.16918325 332.27443608 0.00000000 0.94117647 1.00000000
v 263.20797594 -235.09315561 332.09730490 0.00000000 0.94117647 1.00000000
v 264.77373078 -235.21439995 332.67715285 0.00000000 0.94117647 1.00000000
v 260.55580975 -235.54252809 332.90275975 0.00000000 0.94117647 1.00000000
v 261.11443701 -235.80908253 332.35456649 0.00000000 0.94117647 1.00000000
v 260.77701336 -236.04350582 332.97803411 0.00000000 0.94117647 1.00000000
v 261.84436725 -235.86148111 332.18909379 0.00000000 0.94117647 1.00000000
v 262.54672194 -235.87269174 332.22506835 0.00000000 0.94117647 1.00000000
v 263.13169288 -235.77399431 332.23875558 0.00000000 0.94117647 1.00000000
v 263.70086968 -235.88321932 332.30369859 0.00000000 0.94117647 1.00000000
v 264.10983808 -235.84410351 332.79927559 0.00000000 0.94117647 1.00000000
v 264.42609399 -235.54556713 332.82621402 0.00000000 0.94117647 1.00000000
v 261.24035187 -236.54875738 332.33602562 0.00000000 0.94117647 1.00000000
v 260.82016765 -236.70416630 332.95019797 0.00000000 0.94117647 1.00000000
v 261.85266954 -236.56204582 332.14709791 0.00000000 0.94117647 1.00000000
v 262.46008050 -236.47823912 332.18143010 0.00000000 0.94117647 1.00000000
v 263.12234629 -236.56084290 332.42695805 0.00000000 0.94117647 1.00000000
v 263.52579930 -236.49519219 332.91417728 0.00000000 0.94117647 1.00000000
v 263.81699444 -236.18466974 333.12665777 0.00000000 0.94117647 1.00000000
v 261.15599177 -237.09489818 332.47333054 0.00000000 0.94117647 1.00000000
v 260.81739033 -237.24647121 333.16307124 0.00000000 0.94117647 1.00000000
v 261.68527556 -237.18402471 332.32284037 0.00000000 0.94117647 1.00000000
v 262.44401015 -237.15368820 332.40540710 0.00000000 0.94117647 1.00000000
v 262.83718217 -237.20814336 332.85562790 0.00000000 0.94117647 1.00000000
v 263.13190528 -236.90248002 333.08523886 0.00000000 0.94117647 1.00000000
v 261.19794576 -237.48746081 333.12733625 0.00000000 0.94117647 1.00000000
v 261.80266899 -237.49417040 333.19695684 0.00000000 0.94117647 1.00000000
v 262.38021041 -237.44224033 333.05614495 0.00000000 0.94117647 1.00000000
v 264.35987308 -223.63939743 333.50462688 0.00000000 0.94117647 1.00000000
v 263.98805663 -224.22746785 333.86187660 0.00000000 0.94117647 1.00000000
v 264.61178624 -224.17630125 333.65418487 0.00000000 0.94117647 1.00000000
v 263.52359551 -224.73695643 334.15198668 0.00000000 0.94117647 1.00000000
v 263.93802694 -224.65476601 334.48983588 0.00000000 0.94117647 1.00000000
v 264.15525415 -225.08033542 334.58992665 0.00000000 0.94117647 1.00000000
v 264.51191203 -224.83141772 333.97124428 0.00000000 0.94117647 1.00000000
v 265.07490226 -224.76771404 333.50455759 0.00000000 0.94117647 1.00000000
v 262.93219312 -225.63015007 334.13582151 0.00000000 0.94117647 1.00000000
v 263.24246876 -225.18212224 334.65368771 0.00000000 0.94117647 1.00000000
v 264.63856719 -225.52718723 334.05275605 0.00000000 0.94117647 1.00000000
v 264.31339886 -225.61687191 334.65936901 0.00000000 0.94117647 1.00000000
v 265.15323077 -225.41164819 333.58443709 0.00000000 0.94117647 1.00000000
v 262.80461651 -226.13787073 334.41301597 0.00000000 0.94117647 1.00000000
v 264.65687954 -225.97650003 334.42204171 0.00000000 0.94117647 1.00000000
v 264.86138104 -226.47660712 334.53087900 0.00000000 0.94117647 1.00000000
v 265.13489455 -226.08919418 333.74440523 0.00000000 0.94117647 1.00000000
v 262.15379121 -227.01395111 334.10026637 0.00000000 0.94117647 1.00000000
v 262.55636385 -226.55387877 334.59114406 0.00000000 0.94117647 1.00000000
v 265.30349830 -226.88005433 333.75795481 0.00000000 0.94117647 1.00000000
v 264.90747611 -227.12817507 334.53616649 0.00000000 0.94117647 1.00000000
v 261.81520499 -227.49446555 333.94090944 0.00000000 0.94117647 1.00000000
v 261.59444383 -227.75465863 334.22801253 0.00000000 0.94117647 1.00000000
v 261.86406254 -227.28106415 334.70890385 0.00000000 0.94117647 1.00000000
v 265.31808975 -227.63428116 333.93857080 0.00000000 0.94117647 1.00000000
v 264.89697620 -227.81562088 334.52945927 0.00000000 0.94117647 1.00000000
v 265.75644790 -227.51449983 333.47694767 0.00000000 0.94117647 1.00000000
v 261.42321156 -228.30704025 334.32372070 0.00000000 0.94117647 1.00000000
v 265.32276035 -228.28043671 334.03550985 0.00000000 0.94117647 1.00000000
v 264.99447472 -228.38179041 334.62934279 0.00000000 0.94117647 1.00000000
v 265.83921733 -228.16123190 333.57872289 0.00000000 0.94117647 1.00000000
v 261.12993398 -228.85869314 333.90818064 0.00000000 0.94117647 1.00000000
v 260.91887898 -229.12765004 334.18907039 0.00000000 0.94117647 1.00000000
v 261.18094484 -228.65023368 334.70151109 0.00000000 0.94117647 1.00000000
v 265.34236758 -228.72299376 334.42180692 0.00000000 0.94117647 1.00000000
v 265.56614329 -229.21427880 334.55043423 0.00000000 0.94117647 1.00000000
v 265.82970561 -228.83081830 333.76602552 0.00000000 0.94117647 1.00000000
v 260.74494126 -229.68495457 334.30984831 0.00000000 0.94117647 1.00000000
v 265.95075818 -229.52478487 333.79291560 0.00000000 0.94117647 1.00000000
v 265.62080191 -229.85984168 334.55336878 0.00000000 0.94117647 1.00000000
v 260.44292305 -230.24524568 333.88685941 0.00000000 0.94117647 1.00000000
v 260.22314249 -230.50192731 334.16618172 0.00000000 0.94117647 1.00000000
v 260.49513655 -230.02369861 334.67815198 0.00000000 0.94117647 1.00000000
v 265.84938941 -230.33484283 333.63161588 0.00000000 0.94117647 1.00000000
v 265.51137997 -230.42555285 334.43139310 0.00000000 0.94117647 1.00000000
v 260.05704901 -231.04650342 334.30289731 0.00000000 0.94117647 1.00000000
v 265.37495799 -230.93232872 333.94999118 0.00000000 0.94117647 1.00000000
v 265.17617921 -230.77806239 334.65129542 0.00000000 0.94117647 1.00000000
v 264.95634581 -231.27291218 334.52338151 0.00000000 0.94117647 1.00000000
v 259.76879872 -231.64885550 333.99906791 0.00000000 0.94117647 1.00000000
v 259.57256031 -231.83625305 334.42540245 0.00000000 0.94117647 1.00000000
v 259.80830342 -231.38533414 334.66290686 0.00000000 0.94117647 1.00000000
v 265.16707010 -231.67049566 333.75180024 0.00000000 0.94117647 1.00000000
v 264.79772770 -231.80089298 334.40921344 0.00000000 0.94117647 1.00000000
v 259.63161583 -232.37307858 333.60260599 0.00000000 0.94117647 1.00000000
v 259.40336148 -232.33487376 334.52693439 0.00000000 0.94117647 1.00000000
v 264.76416337 -232.38030205 333.99495775 0.00000000 0.94117647 1.00000000
v 264.46417894 -232.14460639 334.63288481 0.00000000 0.94117647 1.00000000
v 264.27183314 -232.64275923 334.53092420 0.00000000 0.94117647 1.00000000
v 265.22764691 -232.32129610 333.53879101 0.00000000 0.94117647 1.00000000
v 259.14077288 -232.95202657 333.93453178 0.00000000 0.94117647 1.00000000
v 258.86802997 -233.21360677 334.40733158 0.00000000 0.94117647 1.00000000
v 259.11708857 -232.77149427 334.64884222 0.00000000 0.94117647 1.00000000
v 264.64237563 -233.10763061 333.94882786 0.00000000 0.94117647 1.00000000
v 264.22054394 -233.28252964 334.50964598 0.00000000 0.94117647 1.00000000
v 265.16428156 -232.94004227 333.59082622 0.00000000 0.94117647 1.00000000
v 258.94328532 -233.69769751 333.72913498 0.00000000 0.94117647 1.00000000
v 258.69855199 -233.70210419 334.51956318 0.00000000 0.94117647 1.00000000
v 264.48807607 -233.78424448 333.94530472 0.00000000 0.94117647 1.00000000
v 264.12733203 -233.84556633 334.40904717 0.00000000 0.94117647 1.00000000
v 265.10108717 -233.68688011 333.55119010 0.00000000 0.94117647 1.00000000
v 258.52724954 -234.40578415 333.98436961 0.00000000 0.94117647 1.00000000
v 258.15405595 -234.57541005 334.39542295 0.00000000 0.94117647 1.00000000
v 258.40297400 -234.12916395 334.63307915 0.00000000 0.94117647 1.00000000
v 259.11176788 -234.46027531 333.55527830 0.00000000 0.94117647 1.00000000
v 264.10030923 -234.43913701 334.01759596 0.00000000 0.94117647 1.00000000
v 263.80169649 -234.19213463 334.62895646 0.00000000 0.94117647 1.00000000
v 263.59609855 -234.69422415 334.52229642 0.00000000 0.94117647 1.00000000
v 264.69377059 -234.36030731 333.60747510 0.00000000 0.94117647 1.00000000
v 258.39641797 -235.13860147 333.91301623 0.00000000 0.94117647 1.00000000
v 258.11753145 -235.11027263 334.49306752 0.00000000 0.94117647 1.00000000
v 259.04437008 -235.15734777 333.75733928 0.00000000 0.94117647 1.00000000
v 259.68051513 -235.12086072 333.53942550 0.00000000 0.94117647 1.00000000
v 263.81124621 -235.16613275 333.96569647 0.00000000 0.94117647 1.00000000
v 263.44518306 -235.22748228 334.41682893 0.00000000 0.94117647 1.00000000
v 264.43591712 -235.07630058 333.54738530 0.00000000 0.94117647 1.00000000
v 258.40805437 -235.82562354 333.88726068 0.00000000 0.94117647 1.00000000
v 258.13037999 -235.80903898 334.48931667 0.00000000 0.94117647 1.00000000
v 259.05906215 -235.85726546 333.73506272 0.00000000 0.94117647 1.00000000
v 259.77564546 -235.84402832 333.78383839 0.00000000 0.94117647 1.00000000
v 260.30301600 -235.71254930 333.51939459 0.00000000 0.94117647 1.00000000
v 263.27756212 -235.83729044 334.00622584 0.00000000 0.94117647 1.00000000
v 263.11931906 -235.57376121 334.62797038 0.00000000 0.94117647 1.00000000
v 262.81044808 -235.97036597 334.41194566 0.00000000 0.94117647 1.00000000
v 263.93279989 -235.80481219 333.55920447 0.00000000 0.94117647 1.00000000
v 258.41386921 -236.54273351 333.87186030 0.00000000 0.94117647 1.00000000
v 258.12871106 -236.52557961 334.50083453 0.00000000 0.94117647 1.00000000
v 259.07188923 -236.55456447 333.67885338 0.00000000 0.94117647 1.00000000
v 259.79818403 -236.54203497 333.73819151 0.00000000 0.94117647 1.00000000
v 260.40046527 -236.36701578 333.58776264 0.00000000 0.94117647 1.00000000
v 262.01331063 -236.64516174 334.03056945 0.00000000 0.94117647 1.00000000
v 261.76540105 -236.31073032 334.63722909 0.00000000 0.94117647 1.00000000
v 261.51774668 -236.76904948 334.53494513 0.00000000 0.94117647 1.00000000
v 262.62537633 -236.44092645 333.92709181 0.00000000 0.94117647 1.00000000
v 262.29883498 -236.16912226 334.50802670 0.00000000 0.94117647 1.00000000
v 263.25531033 -236.50776832 333.53521642 0.00000000 0.94117647 1.00000000
v 258.32442848 -237.09677279 334.03942578 0.00000000 0.94117647 1.00000000
v 258.16836088 -237.08583215 334.61973374 0.00000000 0.94117647 1.00000000
v 258.98810503 -237.25026121 333.84231718 0.00000000 0.94117647 1.00000000
v 259.69489248 -237.14054386 333.69693227 0.00000000 0.94117647 1.00000000
v 260.33233401 -237.20021496 333.73961062 0.00000000 0.94117647 1.00000000
v 261.90295820 -237.19849208 333.74139679 0.00000000 0.94117647 1.00000000
v 261.47884635 -237.27286205 334.30852019 0.00000000 0.94117647 1.00000000
v 262.54913217 -237.06792366 333.49298397 0.00000000 0.94117647 1.00000000
v 258.48239858 -237.39728974 334.37623164 0.00000000 0.94117647 1.00000000
v 259.01415544 -237.54596652 334.49151504 0.00000000 0.94117647 1.00000000
v 259.75374873 -237.83689199 334.01005540 0.00000000 0.94117647 1.00000000
v 259.46263497 -237.96463640 334.50465917 0.00000000 0.94117647 1.00000000
v 260.08643605 -237.97062647 334.54370786 0.00000000 0.94117647 1.00000000
v 260.54382088 -237.56417593 334.29483622 0.00000000 0.94117647 1.00000000
v 261.11189222 -237.49271670 334.34866580 0.00000000 0.94117647 1.00000000
v 259.77563306 -238.64074052 334.08552404 0.00000000 0.94117647 1.00000000
v 259.57914066 -238.63936498 334.51020631 0.00000000 0.94117647 1.00000000
v 259.96402463 -238.64236851 334.50898194 0.00000000 0.94117647 1.00000000
v 259.71099429 -239.20520287 334.17344154 0.00000000 0.94117647 1.00000000
v 259.61495577 -239.20519808 334.63049090 0.00000000 0.94117647 1.00000000
v 259.91627731 -239.20537154 334.36832963 0.00000000 0.94117647 1.00000000
v 259.76471636 -239.45885748 334.49845179 0.00000000 0.94117647 1.00000000
v 263.67392897 -225.00843454 335.00837338 0.00000000 0.94117647 1.00000000
v 263.30122720 -225.64528796 335.14810238 0.00000000 0.94117647 1.00000000
v 263.93528891 -225.54898732 335.17763069 0.00000000 0.94117647 1.00000000
v 263.12664354 -226.40661014 335.20780770 0.00000000 0.94117647 1.00000000
v 263.86706774 -226.24072268 335.36844257 0.00000000 0.94117647 1.00000000
v 264.39465601 -226.13273048 335.05032779 0.00000000 0.94117647 1.00000000
v 262.48836463 -227.01735405 335.13472221 0.00000000 0.94117647 1.00000000
v 263.26136658 -227.02506716 335.32824058 0.00000000 0.94117647 1.00000000
v 263.87120802 -226.93701807 335.34179132 0.00000000 0.94117647 1.00000000
v 264.47818887 -226.78293595 335.14533978 0.00000000 0.94117647 1.00000000
v 261.90444729 -227.68027375 335.11264923 0.00000000 0.94117647 1.00000000
v 262.55982718 -227.67676847 335.31822300 0.00000000 0.94117647 1.00000000
v 263.16046478 -227.60424989 335.30674288 0.00000000 0.94117647 1.00000000
v 263.86838113 -227.62372581 335.30574250 0.00000000 0.94117647 1.00000000
v 264.47597824 -227.47017890 335.10888313 0.00000000 0.94117647 1.00000000
v 261.73306704 -228.43116422 335.18874931 0.00000000 0.94117647 1.00000000
v 262.46599784 -228.27063529 335.30769017 0.00000000 0.94117647 1.00000000
v 263.16517118 -228.29457252 335.28359392 0.00000000 0.94117647 1.00000000
v 263.86828917 -228.32452680 335.29048391 0.00000000 0.94117647 1.00000000
v 264.55416688 -228.25837690 335.13219912 0.00000000 0.94117647 1.00000000
v 261.22559105 -229.05211654 335.08866289 0.00000000 0.94117647 1.00000000
v 261.88434572 -229.04701539 335.31372378 0.00000000 0.94117647 1.00000000
v 262.47603962 -228.96636196 335.28895041 0.00000000 0.94117647 1.00000000
v 263.17609649 -228.98811407 335.26354858 0.00000000 0.94117647 1.00000000
v 263.88251404 -229.02507020 335.28115834 0.00000000 0.94117647 1.00000000
v 264.57454634 -229.01989850 335.30483658 0.00000000 0.94117647 1.00000000
v 265.08898841 -228.89512616 335.02668531 0.00000000 0.94117647 1.00000000
v 261.05040884 -229.79936612 335.17765354 0.00000000 0.94117647 1.00000000
v 261.78694672 -229.63574190 335.30445372 0.00000000 0.94117647 1.00000000
v 262.48775170 -229.65885126 335.27567315 0.00000000 0.94117647 1.00000000
v 263.18381913 -229.68846969 335.25737506 0.00000000 0.94117647 1.00000000
v 263.88397566 -229.71599842 335.27651221 0.00000000 0.94117647 1.00000000
v 264.58659134 -229.71668222 335.30709511 0.00000000 0.94117647 1.00000000
v 265.19368356 -229.54871184 335.14338762 0.00000000 0.94117647 1.00000000
v 260.53968848 -230.41621071 335.08291417 0.00000000 0.94117647 1.00000000
v 261.20094270 -230.41395513 335.31457532 0.00000000 0.94117647 1.00000000
v 261.79282114 -230.33343773 335.28966827 0.00000000 0.94117647 1.00000000
v 262.49278900 -230.35462332 335.26422245 0.00000000 0.94117647 1.00000000
v 263.19163173 -230.38888081 335.26396306 0.00000000 0.94117647 1.00000000
v 263.89058896 -230.40063653 335.28199443 0.00000000 0.94117647 1.00000000
v 264.48658190 -230.30387972 335.29559449 0.00000000 0.94117647 1.00000000
v 265.13586739 -230.28706766 335.07568371 0.00000000 0.94117647 1.00000000
v 260.36302672 -231.16473570 335.15620350 0.00000000 0.94117647 1.00000000
v 261.10329852 -231.00265346 335.30439015 0.00000000 0.94117647 1.00000000
v 261.80389339 -231.02607086 335.27655367 0.00000000 0.94117647 1.00000000
v 262.50000485 -231.05597077 335.25827940 0.00000000 0.94117647 1.00000000
v 263.19674713 -231.08353755 335.27575681 0.00000000 0.94117647 1.00000000
v 263.89320407 -231.08667894 335.28770410 0.00000000 0.94117647 1.00000000
v 264.62141794 -230.91082516 335.14036095 0.00000000 0.94117647 1.00000000
v 259.85528387 -231.78892963 335.07101353 0.00000000 0.94117647 1.00000000
v 260.51554960 -231.78440947 335.30047406 0.00000000 0.94117647 1.00000000
v 261.10889577 -231.70030677 335.28860915 0.00000000 0.94117647 1.00000000
v 261.80672639 -231.71879107 335.26433093 0.00000000 0.94117647 1.00000000
v 262.50205023 -231.75244129 335.26258449 0.00000000 0.94117647 1.00000000
v 263.20054639 -231.76696596 335.28031674 0.00000000 0.94117647 1.00000000
v 263.79207935 -231.67154974 335.29135900 0.00000000 0.94117647 1.00000000
v 264.43292887 -231.65796783 335.05042174 0.00000000 0.94117647 1.00000000
v 259.67534696 -232.54300279 335.14364768 0.00000000 0.94117647 1.00000000
v 260.41750256 -232.37470478 335.28904749 0.00000000 0.94117647 1.00000000
v 261.12030125 -232.39269023 335.27537118 0.00000000 0.94117647 1.00000000
v 261.81488453 -232.41582418 335.25428974 0.00000000 0.94117647 1.00000000
v 262.51256912 -232.44428743 335.26979434 0.00000000 0.94117647 1.00000000
v 263.20517673 -232.44630333 335.28708036 0.00000000 0.94117647 1.00000000
v 263.91766239 -232.26653632 335.13117065 0.00000000 0.94117647 1.00000000
v 259.16276018 -233.16450475 335.05495176 0.00000000 0.94117647 1.00000000
v 259.83072213 -233.15409200 335.29342357 0.00000000 0.94117647 1.00000000
v 260.42425496 -233.06944460 335.28275915 0.00000000 0.94117647 1.00000000
v 261.12289241 -233.08537873 335.26290197 0.00000000 0.94117647 1.00000000
v 261.81899686 -233.11345107 335.25410245 0.00000000 0.94117647 1.00000000
v 262.51639807 -233.13453410 335.27741105 0.00000000 0.94117647 1.00000000
v 263.20690471 -233.13408047 335.29530111 0.00000000 0.94117647 1.00000000
v 263.81068301 -232.96101969 335.09970613 0.00000000 0.94117647 1.00000000
v 258.98070144 -233.90549497 335.13763115 0.00000000 0.94117647 1.00000000
v 259.73442368 -233.74176091 335.28780017 0.00000000 0.94117647 1.00000000
v 260.43748967 -233.75973889 335.27582584 0.00000000 0.94117647 1.00000000
v 261.13092457 -233.78276438 335.25513556 0.00000000 0.94117647 1.00000000
v 261.82621595 -233.80983612 335.26410824 0.00000000 0.94117647 1.00000000
v 262.52326607 -233.81846704 335.28340027 0.00000000 0.94117647 1.00000000
v 263.11773343 -233.72040882 335.29547595 0.00000000 0.94117647 1.00000000
v 263.75110108 -233.69636543 335.04717323 0.00000000 0.94117647 1.00000000
v 258.45270507 -234.52191801 335.04908874 0.00000000 0.94117647 1.00000000
v 259.13676723 -234.52001117 335.29447300 0.00000000 0.94117647 1.00000000
v 259.74387891 -234.44009932 335.28355308 0.00000000 0.94117647 1.00000000
v 260.44702625 -234.45854894 335.26914548 0.00000000 0.94117647 1.00000000
v 261.14233816 -234.48462595 335.26532343 0.00000000 0.94117647 1.00000000
v 261.83227296 -234.50391026 335.28554229 0.00000000 0.94117647 1.00000000
v 262.52625473 -234.50525303 335.29311269 0.00000000 0.94117647 1.00000000
v 263.25038718 -234.32316211 335.13391701 0.00000000 0.94117647 1.00000000
v 258.39734490 -235.26196013 335.10567956 0.00000000 0.94117647 1.00000000
v 259.03759263 -235.10696919 335.29697791 0.00000000 0.94117647 1.00000000
v 259.75545685 -235.13831245 335.28246192 0.00000000 0.94117647 1.00000000
v 260.45519373 -235.16415825 335.27226925 0.00000000 0.94117647 1.00000000
v 261.15106535 -235.18383827 335.27753103 0.00000000 0.94117647 1.00000000
v 261.85063948 -235.18978713 335.29032445 0.00000000 0.94117647 1.00000000
v 262.43632615 -235.09176998 335.30435079 0.00000000 0.94117647 1.00000000
v 263.08046327 -235.07565119 335.04983832 0.00000000 0.94117647 1.00000000
v 258.40372100 -235.97252317 335.10903110 0.00000000 0.94117647 1.00000000
v 259.04419369 -235.80306537 335.30808890 0.00000000 0.94117647 1.00000000
v 259.76132711 -235.83808069 335.29699014 0.00000000 0.94117647 1.00000000
v 260.46229365 -235.86006028 335.28536332 0.00000000 0.94117647 1.00000000
v 261.05531707 -235.76622445 335.28134997 0.00000000 0.94117647 1.00000000
v 261.76698377 -235.86233990 335.12452277 0.00000000 0.94117647 1.00000000
v 262.56497509 -235.66101248 335.04701793 0.00000000 0.94117647 1.00000000
v 258.40680554 -236.69135208 335.12351056 0.00000000 0.94117647 1.00000000
v 259.04587250 -236.50497889 335.33644358 0.00000000 0.94117647 1.00000000
v 259.76769651 -236.53222236 335.33681941 0.00000000 0.94117647 1.00000000
v 260.46718395 -236.55485512 335.31768876 0.00000000 0.94117647 1.00000000
v 261.18097286 -236.37304563 335.14513455 0.00000000 0.94117647 1.00000000
v 258.48205349 -237.23693876 334.95734444 0.00000000 0.94117647 1.00000000
v 259.07804653 -237.25313590 335.16150897 0.00000000 0.94117647 1.00000000
v 259.65919877 -237.11431063 335.35576961 0.00000000 0.94117647 1.00000000
v 260.38982994 -237.24745291 335.18076774 0.00000000 0.94117647 1.00000000
v 261.05751729 -237.04709043 335.04636029 0.00000000 0.94117647 1.00000000
v 259.79363224 -237.83254922 335.03891067 0.00000000 0.94117647 1.00000000
v 259.76753223 -238.64099296 334.93366421 0.00000000 0.94117647 1.00000000
v 259.82023880 -239.20536674 334.82537900 0.00000000 0.94117647 1.00000000
vn -0.22403660 -0.51494818 0.82742732
vn 0.77103681 -0.41694661 0.48130839
vn -0.12473616 -0.97541412 0.18168156
vn -0.93365775 -0.35661155 -0.03333764
vn -0.10892648 -0.03169903 0.99354426
vn 0.84023830 -0.00671276 0.54217574
vn -0.98918557 -0.01316993 0.14607692
vn -0.02984564 0.42664932 0.90392455
vn 0.71544445 0.48349117 0.50435654
vn -0.88834176 0.35454577 0.29179824
vn -0.02000484 0.86659688 0.49860772
vn 0.79439144 -0.53179568 0.29348866
vn 0.89171244 -0.45153826 -0.03101811
vn 0.04023977 -0.99121326 -0.12600410
vn -0.66148712 -0.47343705 -0.58162887
vn -0.82285330 -0.45067779 -0.34612422
vn 0.94287312 -0.02324743 0.33233993
vn 0.99772893 -0.01081583 -0.06648310
vn -0.85156874 -0.08423479 -0.51743134
vn -0.93670547 -0.11774201 -0.32972668
vn 0.86418882 0.27282539 0.42278126
vn 0.99602215 -0.08644582 0.02161008
vn -0.85399839 -0.26337310 -0.44868849
vn -0.94099834 -0.22001487 -0.25712949
vn 0.72415451 0.31888050 0.61148628
vn 0.94871282 0.20797550 0.23809699
vn -0.75195877 -0.56161256 -0.34518016
vn -0.26233034 0.52127045 0.81207137
vn -0.97373018 -0.22658301 0.02257616
vn 0.76478120 0.43688580 0.47354040
vn -0.10891690 -0.04647761 0.99296372
vn 0.81564932 0.21285622 0.53796692
vn -0.90947877 -0.41451877 0.03197738
vn 0.33480717 -0.02325103 0.94199976
vn 0.86858670 0.09727988 0.48589481
vn -0.79589756 -0.57201970 0.19834450
vn -0.64619104 -0.18141296 0.74130053
vn -0.97310627 -0.23034907 0.00186913
vn 0.48655569 0.48297939 0.72800719
vn 0.63731191 0.62040989 0.45708326
vn -0.29566940 0.52601106 0.79742835
vn -0.94994906 0.23044257 0.21093363
vn 0.12031871 0.92286103 0.36585642
vn -0.29681289 0.85230749 0.43066699
vn 0.31015619 -0.51277213 -0.80054224
vn 0.17960377 -0.12419582 -0.97586776
vn -0.07259120 -0.73939237 -0.66935002
vn 0.88510138 -0.46524797 0.01182663
vn -0.23403413 -0.91492506 -0.32884671
vn -0.73098264 -0.63280326 -0.25539071
vn -0.59371843 -0.72174615 -0.35578212
vn 0.89858668 0.32429072 0.29559687
vn 0.97998382 -0.04014362 0.19498769
vn -0.75245067 -0.57686597 -0.31787363
vn -0.92585949 -0.31855519 -0.20324073
vn 0.92966292 0.08431257 0.35863385
vn 0.90761807 -0.03944272 0.41793984
vn -0.88501344 -0.37161980 -0.28044596
vn -0.94887771 -0.17717664 -0.26122696
vn 0.82766190 0.26261364 0.49599381
vn 0.88404900 0.11164647 0.45386389
vn -0.88028755 -0.11707425 -0.45976891
vn -0.95447849 -0.29003138 -0.06966062
vn 0.62949999 0.34758312 0.69492139
vn 0.82037538 0.37381226 0.43272234
vn -0.00399296 0.45593618 0.89000351
vn 0.96482431 0.07191671 0.25286764
vn -0.29857022 -0.94391869 -0.14097278
vn -0.53825854 0.46338875 0.70395214
vn -0.93302285 -0.35922060 -0.02071030
vn 0.67914925 0.56295990 0.47099093
vn 0.30063016 0.60507321 0.73722989
vn 0.48891149 0.78330036 0.38393502
vn -0.27487823 0.62738520 0.72858066
vn -0.93675846 0.21871675 0.27321524
vn 0.28470917 0.83090245 0.47806047
vn -0.46249573 0.71464318 0.52476931
vn 0.91178612 -0.07759902 0.40326723
vn 0.89325088 -0.26241818 0.36501995
vn -0.01945820 -0.99883836 -0.04408292
vn -0.83577021 -0.53896873 -0.10488501
vn -0.50402996 -0.56514160 -0.65312233
vn 0.69905262 -0.30008007 0.64905884
vn 0.92821487 -0.16132718 0.33524720
vn 0.23565666 0.97136140 0.03038031
vn -0.53586196 -0.83398343 -0.13161911
vn -0.81394333 -0.44088593 -0.37830656
vn -0.83211961 -0.39405737 -0.39025087
vn 0.90971974 -0.12562425 0.39576324
vn 0.90826591 -0.06695115 0.41300192
vn -0.90130191 -0.25013791 -0.35367485
vn -0.84380814 -0.35626392 -0.40132760
vn 0.91188928 0.02233558 0.40982808
vn 0.90608380 0.01287754 0.42290225
vn -0.82805825 -0.44864292 -0.33621283
vn -0.90533643 -0.34914819 -0.24178809
vn 0.85336574 0.20824114 0.47791478
vn 0.88609627 0.11605112 0.44873771
vn -0.75172576 -0.62780513 -0.20191361
vn -0.84171266 -0.48736625 -0.23236596
vn 0.69358820 0.46374412 0.55125021
vn 0.72635041 0.49636046 0.47543810
vn 0.60865765 0.66434402 0.43380052
vn -0.80570232 -0.52153969 -0.28078484
vn -0.95958297 -0.21627004 -0.18007719
vn 0.41199983 0.75827662 0.50524520
vn 0.54440612 0.70007464 0.46207951
vn 0.47085040 0.57924504 0.66541347
vn 0.74612292 0.39748207 0.53414285
vn -0.42232750 0.64017721 0.64172629
vn -0.98399373 0.17364987 0.04002576
vn 0.51278883 0.53168519 0.67406118
vn 0.62050025 0.58565220 0.52152750
vn -0.18929324 0.66811576 0.71957584
vn -0.90606706 0.39492033 0.15192241
vn -0.05933732 0.92639795 0.37184125
vn -0.51257628 0.85000529 0.12147661
vn 0.86860680 -0.24874503 0.42854188
vn 0.87907628 -0.46977911 0.08082377
vn 0.07163203 -0.99259053 -0.09814731
vn -0.83612058 -0.54292081 -0.07835417
vn -0.57954116 -0.56611998 -0.58620833
vn 0.64382600 -0.32896721 0.69084634
vn 0.95060587 -0.14171167 0.27616352
vn 0.27307528 0.96185265 -0.01641234
vn -0.56243780 -0.82174148 -0.09167694
vn -0.77507501 -0.52247857 -0.35535176
vn -0.83595749 -0.39745044 -0.37842863
vn 0.89887798 -0.11293614 0.42339556
vn 0.93326422 -0.11997929 0.33855998
vn -0.85370131 -0.34224259 -0.39250999
vn -0.84493259 -0.37697480 -0.37944553
vn 0.91407183 0.00396939 0.40553289
vn 0.90712805 -0.00646831 0.42080502
vn -0.79831587 -0.48066427 -0.36284105
vn -0.83917504 -0.41234872 -0.35461779
vn -0.85269712 -0.33467108 -0.40112703
vn 0.91113860 0.03455286 0.41064893
vn 0.89466700 0.00160917 0.44673076
vn -0.84146645 -0.39951797 -0.36375762
vn -0.82701103 -0.40676181 -0.38806905
vn 0.84709825 0.18714476 0.49739460
vn 0.85629965 -0.00806167 0.51641642
vn -0.77816084 -0.50967932 -0.36700504
vn -0.85137473 -0.37568589 -0.36608904
vn -0.86719538 -0.25850013 -0.42561704
vn 0.62815181 0.16483238 0.76043119
vn 0.81819753 0.08972924 0.56789213
vn 0.43972447 0.47667136 0.76120090
vn 0.45916009 0.54902936 0.69838297
vn -0.93943470 -0.00248865 -0.34271891
vn -0.91156413 0.01568942 -0.41085847
vn 0.56601028 0.41374927 0.71305253
vn 0.65471487 0.52872450 0.54018409
vn 0.39506920 0.51006094 0.76404068
vn 0.49775992 0.39991158 0.76961405
vn -0.90329923 0.38386729 -0.19156305
vn -0.93968374 0.09141580 -0.32960221
vn 0.35674999 0.75962998 0.54377544
vn 0.52458553 0.68082965 0.51115654
vn 0.50661157 0.30720586 0.80558629
vn 0.78414735 0.26818339 0.55963435
vn -0.30427586 0.38355728 0.87195184
vn -0.98334937 0.16489057 0.07638796
vn 0.57299658 0.08566176 0.81506869
vn 0.83528342 0.08417452 0.54333807
vn -0.05432188 0.08172496 0.99517343
vn -0.82860158 -0.55869589 -0.03575362
vn -0.74201733 -0.24532893 0.62387820
vn -0.95966756 -0.27842498 -0.03895760
vn 0.60359708 0.37766278 0.70216906
vn 0.71455919 0.47571927 0.51292918
vn 0.10521380 0.56175473 0.82058618
vn -0.39287693 0.53199417 0.75008661
vn -0.92752307 0.28849178 0.23764141
vn 0.22336546 0.79467748 0.56444271
vn -0.33048448 0.88126262 0.33787010
vn -0.55659129 0.82220096 0.11912901
vn 0.03769517 -0.95534127 -0.29309065
vn 0.81433765 -0.58038047 -0.00356341
vn -0.25537953 -0.91059248 -0.32496558
vn -0.80827491 -0.48387198 -0.33549900
vn -0.84714532 -0.27715478 -0.45335420
vn 0.85844310 -0.40900454 0.30950078
vn 0.91973822 -0.34177779 0.19305325
vn 0.34619036 -0.93521831 0.07428958
vn -0.85366913 -0.34988108 -0.38578783
vn -0.80273450 -0.36533951 -0.47132193
vn 0.93378952 -0.06155229 0.35248893
vn 0.97841319 -0.07218250 0.19364223
vn -0.78610647 -0.49153360 -0.37474169
vn -0.83571622 -0.39625488 -0.38021108
vn -0.86195200 -0.32235456 -0.39131355
vn 0.92687652 -0.03130876 0.37405838
vn 0.91804205 -0.21409272 0.33371110
vn -0.83903890 -0.38076799 -0.38862508
vn -0.83531549 -0.39969689 -0.37747905
vn 0.86421228 -0.15388818 0.47901521
vn 0.83513003 -0.34607304 0.42754097
vn -0.78437064 -0.50661315 -0.35791872
vn -0.83917353 -0.37790488 -0.39112106
vn -0.87862524 -0.25256869 -0.40524900
vn 0.76170996 -0.21376543 0.61163901
vn 0.88695333 -0.27846041 0.36847469
vn 0.83873720 -0.39172836 0.37824437
vn 0.79056307 -0.04065357 0.61102972
vn -0.89916208 -0.07737110 -0.43072179
vn -0.90662258 -0.00464060 -0.42191700
vn 0.66637359 -0.08393804 0.74087829
vn 0.88567339 -0.16827723 0.43274176
vn 0.60287565 0.18691528 0.77563111
vn -0.90094929 -0.02170787 -0.43338106
vn -0.90305104 -0.06271979 -0.42492947
vn 0.56123028 -0.00060452 0.82765948
vn 0.86451338 0.06289065 0.49865959
vn 0.17586782 0.07599405 0.98147614
vn 0.26938816 0.43354043 0.85992599
vn 0.45871947 0.54799951 0.69948052
vn -0.89621502 -0.25658639 -0.36188682
vn -0.83651842 -0.38824874 -0.38665209
vn 0.62275863 0.30433087 0.72080122
vn 0.81378783 0.38966020 0.43117780
vn 0.15622323 0.19148861 0.96898215
vn 0.12127267 0.13616574 0.98323539
vn 0.54091854 0.14008385 0.82932723
vn -0.77023656 -0.53394033 -0.34877408
vn -0.86970999 -0.36869808 -0.32812538
vn -0.88764820 -0.24510002 -0.38988030
vn 0.65655663 0.59208093 0.46730456
vn 0.37970741 0.62280553 0.68405815
vn 0.49531717 0.73820379 0.45794766
vn 0.31668767 0.51089181 0.79918613
vn 0.55921748 0.27121454 0.78340187
vn -0.91457737 0.34016780 -0.21871011
vn -0.93462079 0.07334830 -0.34800002
vn 0.30307567 0.79753539 0.52161523
vn 0.53181666 0.67989398 0.50489129
vn 0.57078582 0.30942104 0.76056701
vn 0.78784050 0.25369020 0.56120284
vn 0.27562124 0.52197556 0.80720162
vn -0.50867370 0.61631779 0.60116841
vn -0.96008682 0.27811312 -0.02977226
vn 0.56341128 0.11559826 0.81804937
vn 0.83347201 0.07995256 0.54674675
vn 0.02258705 0.23214991 0.97241773
vn -0.58599553 0.48370691 0.65010527
vn -0.91820262 0.36271558 0.15918965
vn 0.53421102 0.39204374 0.74894612
vn 0.71342449 0.48067434 0.50988006
vn -0.19798514 0.58607506 0.78569581
vn -0.83161562 0.52924354 0.16827578
vn -0.85675871 0.51547763 -0.01572662
vn 0.17695589 0.79018463 0.58676645
vn -0.52125212 0.69984593 0.48837680
vn 0.62880372 -0.47953029 0.61209197
vn 0.84276807 -0.53065355 0.09027064
vn 0.06860002 -0.98810660 -0.13762047
vn -0.82996208 -0.33206167 -0.44821646
vn -0.83126541 -0.21747373 -0.51156916
vn 0.97855214 -0.16795537 -0.11927575
vn -0.89474840 -0.39767949 -0.20316577
vn -0.20928369 0.97500349 -0.07462265
vn -0.65306906 -0.50186625 -0.56712526
vn 0.88428162 -0.43991934 0.15657905
vn -0.74153748 -0.57322845 -0.34861342
vn -0.84287722 -0.38493770 -0.37600658
vn -0.86922453 -0.30956084 -0.38551368
vn 0.85201156 -0.39212855 0.34685949
vn 0.92482859 -0.29884857 0.23533298
vn 0.85509800 -0.45314064 0.25193445
vn -0.84597589 -0.37064778 -0.38333408
vn -0.84221587 -0.39460465 -0.36736848
vn 0.88607422 -0.31971318 0.33564260
vn 0.91845758 -0.28634967 0.27283612
vn -0.78708130 -0.50769229 -0.35035920
vn -0.84392484 -0.37733608 -0.38132446
vn -0.88196144 -0.25135675 -0.39870265
vn 0.91505549 -0.30500917 0.26389935
vn -0.90806275 -0.06429628 -0.41386959
vn -0.91132730 0.00386123 -0.41166447
vn 0.89966792 -0.30737179 0.31003260
vn 0.93038494 -0.27144311 0.24637878
vn 0.90050178 -0.34626488 0.26305355
vn -0.90876545 -0.01289707 -0.41710794
vn -0.90909345 -0.05133106 -0.41341773
vn 0.93156067 -0.07524315 0.35571504
vn 0.92525637 -0.14579571 0.35020602
vn -0.86190692 -0.30962791 -0.40155576
vn -0.84499058 -0.37582413 -0.38045649
vn 0.86582989 0.18143888 0.46628161
vn 0.87649153 -0.01022098 0.48130877
vn -0.77088688 -0.52879738 -0.35511512
vn -0.83093355 -0.39548369 -0.39133372
vn -0.87170585 -0.26976143 -0.40909374
vn 0.69325511 0.13355992 0.70820838
vn 0.83476250 -0.00865885 0.55054209
vn 0.61302427 0.48736451 0.62183364
vn -0.89917593 -0.09153311 -0.42790692
vn -0.90391907 -0.02548975 -0.42694331
vn 0.54903211 -0.03365019 0.83512359
vn 0.81552449 -0.03134682 0.57787298
vn 0.21180557 0.12326065 0.96950772
vn 0.26478958 0.46757514 0.84336230
vn 0.46742960 0.54321183 0.69744568
vn -0.92378040 0.03984048 -0.38084447
vn -0.90681366 0.05122437 -0.41840776
vn 0.53694890 0.04984053 0.84214120
vn 0.81827493 0.09768534 0.56646598
vn 0.07971492 0.08427360 0.99324896
vn 0.12777509 0.12491237 0.98390570
vn 0.54987583 0.13464130 0.82432293
vn -0.93220860 0.19021446 -0.30790516
vn -0.94267023 0.15129998 -0.29745783
vn 0.56232441 0.42330385 0.71035562
vn 0.67207819 0.52026583 0.52691021
vn 0.14784118 0.55155945 0.82092945
vn 0.25558151 0.50950474 0.82163435
vn 0.56349072 0.27235093 0.77993793
vn -0.97476836 0.07548600 -0.21006788
vn 0.24833363 0.79026914 0.56018309
vn 0.08638875 0.83661943 0.54092967
vn 0.49507073 0.70124685 0.51298911
vn 0.56649226 0.31209605 0.76268118
vn 0.78818727 0.25003214 0.56235643
vn 0.26905539 0.53443242 0.80124353
vn -0.56232933 0.55177302 0.61589956
vn -0.98119832 0.18968528 0.03562797
vn 0.55104711 0.10757481 0.82751118
vn 0.83253142 0.07921780 0.54828458
vn 0.01211010 0.22761992 0.97367475
vn -0.56982361 0.44640580 0.68994414
vn -0.97049749 0.22164356 0.09491449
vn 0.51242247 0.44456047 0.73470347
vn 0.66555720 0.53768380 0.51761931
vn -0.16092149 0.60618314 0.77887500
vn -0.65627826 0.74569084 0.11508268
vn -0.80471070 0.59360533 0.00856770
vn -0.02908634 0.92468049 0.37963136
vn -0.35695279 0.90938937 0.21353145
vn 0.28608626 -0.61332750 -0.73619565
vn 0.10878131 -0.85225389 -0.51169321
vn 0.69672052 -0.70212740 0.14696133
vn 0.84504316 -0.53451461 -0.01400664
vn 0.43106595 -0.87903348 -0.20367201
vn -0.45943162 -0.76334794 -0.45411728
vn -0.82738275 -0.41497823 -0.37845851
vn -0.79501565 -0.39424265 -0.46100200
vn 0.89999909 -0.41580606 0.13079360
vn -0.85267170 -0.36689181 -0.37194270
vn -0.80842953 -0.38899902 -0.44172554
vn 0.88672508 -0.37851090 0.26542069
vn 0.93751257 -0.30525637 0.16699921
vn 0.82176545 -0.56590615 0.06672162
vn -0.78578083 -0.46875480 -0.40350642
vn -0.84537058 -0.37227665 -0.38309095
vn -0.84867995 -0.24757093 -0.46738740
vn 0.92794466 -0.25850405 0.26850393
vn 0.95707854 -0.23111599 0.17488875
vn -0.90928540 -0.06063046 -0.41173294
vn -0.89857662 -0.01417361 -0.43858771
vn 0.89635600 -0.37857890 0.23070314
vn -0.91156348 -0.00436891 -0.41113615
vn -0.91230753 -0.04274940 -0.40726830
vn 0.87898581 -0.34127525 0.33303926
vn 0.93093479 -0.26844747 0.24758106
vn 0.85368401 -0.45861051 0.24677925
vn -0.86774904 -0.30225930 -0.39452619
vn -0.85215142 -0.37071312 -0.36933688
vn 0.92116444 -0.12492302 0.36857877
vn 0.90508756 -0.24915966 0.34458085
vn -0.77475872 -0.53010785 -0.34457886
vn -0.83869235 -0.39076194 -0.37934187
vn -0.87929517 -0.26581444 -0.39519955
vn 0.87087469 -0.13690163 0.47205425
vn 0.81639414 -0.35641211 0.45439081
vn -0.90573199 -0.08092428 -0.41605388
vn -0.91199104 -0.01244283 -0.41002137
vn 0.74126177 -0.23449838 0.62892090
vn 0.81557099 -0.29128034 0.49999973
vn 0.76451998 -0.43125145 0.47909434
vn 0.79047218 -0.08461807 0.60662469
vn -0.90636659 0.00643758 -0.42244308
vn -0.90957118 0.00792647 -0.41547256
vn 0.68804578 -0.07637143 0.72163731
vn 0.82423087 -0.06427232 0.56259448
vn 0.72808770 -0.02304529 0.68509650
vn -0.91429097 0.00487476 -0.40502871
vn -0.90648980 -0.01904039 -0.42179819
vn 0.63980056 0.02601758 0.76810047
vn 0.80875953 0.00360123 0.58812843
vn 0.60542320 0.21887883 0.76521553
vn -0.92575651 -0.02526237 -0.37727536
vn -0.90410108 -0.02853927 -0.42636456
vn 0.56756167 -0.02714870 0.82288316
vn 0.80412664 -0.00871721 0.59439411
vn 0.21986706 0.07607960 0.97255867
vn 0.21452376 0.47134666 0.85546004
vn 0.08539096 0.55313360 0.82870477
vn 0.39861421 0.57995529 0.71046363
vn -0.94090244 0.05465001 -0.33423939
vn -0.89348600 0.12023045 -0.43269783
vn 0.55216857 0.05534108 0.83189377
vn 0.81982235 0.09870485 0.56404669
vn 0.09826501 0.09487861 0.99062709
vn -0.01907430 0.12912629 0.99144469
vn 0.08939733 0.08603482 0.99227321
vn 0.54838481 0.14785825 0.82305045
vn -0.87502419 0.35905848 -0.32466856
vn -0.82262042 0.41449430 -0.38921731
vn 0.57205101 0.42062431 0.70415398
vn 0.68084649 0.51500864 0.52078226
vn 0.15811204 0.55589657 0.81607573
vn 0.19405387 0.49799491 0.84518883
vn 0.16474285 0.08172785 0.98294474
vn 0.50737330 0.20069434 0.83802990
vn -0.74376330 0.65077637 -0.15266390
vn -0.78105989 0.51907811 -0.34713594
vn -0.84918477 0.40684779 -0.33668992
vn 0.25820797 0.79110904 0.55450440
vn 0.08866294 0.83749696 0.53920101
vn 0.49200959 0.70536490 0.51028123
vn 0.47947487 0.23058142 0.84672077
vn 0.78844648 0.26421304 0.55546702
vn 0.06105447 0.08376462 0.99461341
vn -0.27088956 0.58526592 0.76425300
vn -0.94640419 0.32243366 0.01885844
vn 0.56858390 0.08530175 0.81819067
vn 0.83795389 0.09239517 0.53786282
vn -0.02736668 0.08845772 0.99570392
vn -0.65990358 0.08447015 0.74658694
vn -0.99940298 0.02248418 0.02623238
vn 0.60163793 0.38071298 0.70220327
vn 0.71929009 0.46405555 0.51698570
vn 0.09506618 0.55673830 0.82523020
vn -0.39181533 0.55331741 0.73506503
vn -0.93230291 0.30610463 0.19264277
vn 0.22489394 0.80167317 0.55384370
vn -0.31063042 0.89949208 0.30728282
vn -0.55994108 0.82009637 0.11793189
vn 0.18550283 -0.87503489 -0.44710474
vn -0.36540082 -0.74480010 -0.55835029
vn 0.58520311 -0.77474191 -0.23939986
vn -0.20352059 -0.82048918 -0.53420678
vn -0.77768312 -0.37208226 -0.50671861
vn -0.70730332 -0.44246385 -0.55131457
vn 0.92987258 -0.36305093 0.05942222
vn 0.74012949 -0.66970537 -0.06085263
vn -0.76226260 -0.34969279 -0.54467484
vn -0.78738092 -0.37440257 -0.48974893
vn -0.76055257 -0.36991307 -0.53359546
vn 0.90082290 -0.40073723 0.16711605
vn -0.76778856 -0.41519124 -0.48797230
vn -0.84994293 -0.22009805 -0.47870019
vn -0.82896613 -0.23219852 -0.50882118
vn 0.82114588 -0.51992176 0.23537378
vn 0.88799000 -0.41698079 0.19390918
vn 0.84277108 -0.49759910 0.20526090
vn -0.90395994 -0.07540396 -0.42091647
vn -0.89041726 -0.14212882 -0.43238466
vn 0.88744074 -0.39593879 0.23596908
vn -0.87552227 -0.30138525 -0.37766082
vn -0.83796186 -0.35682659 -0.41291005
vn 0.85389481 -0.40195428 0.33060009
vn 0.90337212 -0.35809700 0.23597744
vn 0.85574866 -0.45340232 0.24923999
vn -0.77294425 -0.48906846 -0.40418959
vn -0.83908430 -0.38983324 -0.37943059
vn -0.82869543 -0.24182418 -0.50476227
vn 0.83747050 -0.40488980 0.36702508
vn 0.83582499 -0.47384957 0.27724207
vn -0.90873559 -0.07437039 -0.41069291
vn -0.87117858 -0.02903408 -0.49010704
vn 0.84526582 -0.40535028 0.34816210
vn 0.89584962 -0.36092447 0.25920452
vn 0.83609462 -0.47827516 0.26869809
vn -0.91225307 0.01991258 -0.40914279
vn -0.90095352 -0.00458777 -0.43389135
vn 0.85555474 -0.25086978 0.45286912
vn 0.83349964 -0.44165633 0.33199101
vn -0.91111839 0.00656461 -0.41209245
vn -0.91451575 -0.00278969 -0.40454069
vn 0.77680503 -0.22243054 0.58915075
vn 0.89939438 -0.26316365 0.34904820
vn 0.81717705 -0.46245926 0.34402485
vn 0.78054003 -0.05983444 0.62223557
vn -0.90796710 -0.01982897 -0.41857204
vn -0.91210955 -0.01090010 -0.40980160
vn 0.72359703 -0.11581127 0.68043743
vn 0.86178509 -0.26307508 0.43372567
vn 0.71382260 -0.03472128 0.69946531
vn -0.90399855 0.05132968 -0.42444303
vn -0.89994871 0.13153121 -0.41568241
vn 0.55469784 -0.18266909 0.81175261
vn 0.72479410 -0.41152430 0.55255883
vn 0.67303864 0.02204535 0.73927869
vn -0.84936567 0.33060081 -0.41143779
vn -0.83658190 0.38157797 -0.39310175
vn 0.56963437 -0.26402582 0.77833608
vn 0.83358800 -0.28023473 0.47602473
vn 0.77357833 -0.43096694 0.46459021
vn 0.23121466 -0.06788457 0.97053154
vn 0.51299600 0.20891734 0.83257952
vn -0.83352421 0.39593701 -0.38531970
vn -0.79370593 0.47534583 -0.37957507
vn -0.86380686 0.29929359 -0.40529132
vn 0.56273982 -0.10664344 0.81972621
vn 0.85217862 -0.06745498 0.51888478
vn 0.11000381 -0.07508206 0.99109124
vn 0.05172697 0.07717944 0.99567447
vn 0.22491077 0.47701790 0.84962878
vn 0.09379407 0.55818551 0.82439773
vn 0.40019775 0.58370928 0.70648796
vn -0.91940409 0.14139872 -0.36701841
vn -0.90566251 0.01476014 -0.42374232
vn 0.55095444 0.08158100 0.83053822
vn 0.84678484 0.10383426 0.52170286
vn 0.09347793 0.12045811 0.98830750
vn -0.05967108 0.11477770 0.99159742
vn -0.00961622 0.13257574 0.99112623
vn 0.09848261 0.09372460 0.99071533
vn 0.54686390 0.15887508 0.82200887
vn -0.94091556 0.01249245 -0.33841077
vn -0.91848964 -0.02218679 -0.39482214
vn 0.57273239 0.42833899 0.69893012
vn 0.68939453 0.50518809 0.51915333
vn 0.13326086 0.57030835 0.81054915
vn -0.00925596 0.60270434 0.79791090
vn 0.20307183 0.49053498 0.84742980
vn 0.17362805 0.07565083 0.98190135
vn 0.51666255 0.16784089 0.83957683
vn -0.90263005 0.37351630 -0.21387980
vn -0.92117440 0.17297619 -0.34859284
vn 0.26996493 0.78448364 0.55830489
vn -0.00812207 0.82900145 0.55918747
vn 0.06942845 0.83959408 0.53875919
vn 0.51078360 0.69127879 0.51111031
vn 0.49531974 0.20676857 0.84374469
vn 0.79453163 0.24901692 0.55381411
vn 0.15523652 0.10338945 0.98245216
vn 0.26172134 0.57187592 0.77747018
vn -0.45672531 0.75946274 0.46326918
vn -0.84609929 0.53186197 -0.03519715
vn 0.55929082 0.10910869 0.82175974
vn 0.84002843 0.09305261 0.53450300
vn -0.00386201 0.12605188 0.99201613
vn -0.45460848 0.56998058 0.68443645
vn -0.68008617 0.73145199 0.04960636
vn -0.77454807 0.62928935 -0.06379810
vn 0.50445584 0.46705322 0.72621319
vn 0.64477713 0.55603947 0.52448313
vn -0.18863494 0.65439459 0.73224626
vn -0.71154206 0.68684999 0.14813839
vn -0.71746149 0.69656742 0.00654580
vn -0.04975424 0.90689750 0.41840343
vn -0.49263831 0.85241150 0.17522022
vn 0.00928983 -0.65260356 -0.75764259
vn 0.73911761 -0.67301643 -0.02745968
vn 0.00167940 -0.91094519 -0.41252399
vn -0.65598866 -0.53626860 -0.53112604
vn -0.69121642 -0.47117325 -0.54791937
vn 0.82629952 -0.53853419 0.16495464
vn 0.89100031 -0.45372508 0.01587457
vn 0.76426844 -0.61774127 -0.18517419
vn -0.77480597 -0.35610858 -0.52236231
vn -0.77613901 -0.37015617 -0.51048276
vn -0.76506143 -0.36878802 -0.52789810
vn 0.88784259 -0.44718894 0.10843243
vn -0.77456363 -0.40982857 -0.48175900
vn -0.82747180 -0.20488775 -0.52279195
vn -0.82845980 -0.26573826 -0.49298838
vn 0.82181185 -0.53387609 0.19900151
vn 0.89471199 -0.42834647 0.12652963
vn 0.83861558 -0.54322418 0.04039059
vn -0.84792664 -0.19283813 -0.49379537
vn -0.84022943 -0.04014097 -0.54074319
vn 0.90415787 -0.41380278 0.10614049
vn -0.73793488 -0.10975626 -0.66588713
vn -0.84361790 -0.10664211 -0.52624738
vn -0.74929854 -0.29330307 -0.59373817
vn 0.80860561 -0.54815205 0.21374353
vn 0.87352994 -0.46165770 0.15432958
vn 0.82363592 -0.56385241 0.06078105
vn -0.72871031 -0.25699847 -0.63477009
vn -0.81347459 -0.35185505 -0.46309515
vn -0.72080940 -0.14505253 -0.67778579
vn 0.86684198 -0.45498984 0.20388532
vn -0.75081466 -0.44522407 -0.48790662
vn -0.82726443 -0.22272072 -0.51578004
vn -0.81940789 -0.19750462 -0.53811025
vn 0.79887759 -0.54370295 0.25725803
vn 0.88840946 -0.41853256 0.18857127
vn 0.82486881 -0.51739789 0.22779567
vn -0.90516907 -0.05922837 -0.42090492
vn -0.87184455 -0.04888679 -0.48733681
vn 0.89014201 -0.39360630 0.22961114
vn -0.91363415 -0.00575648 -0.40649662
vn -0.90054901 -0.02373625 -0.43410606
vn 0.85824030 -0.39644109 0.32597247
vn 0.90872487 -0.35427299 0.22070288
vn 0.86700359 -0.43673476 0.23993232
vn -0.91087151 0.06871742 -0.40692874
vn -0.90486493 0.14123890 -0.40158565
vn 0.84205564 -0.40787991 0.35295364
vn 0.83063653 -0.48282436 0.27735103
vn -0.85501827 0.33724212 -0.39396892
vn -0.83977043 0.39135865 -0.37632969
vn 0.85671021 -0.38324396 0.34521253
vn 0.93401526 -0.26812915 0.23605562
vn 0.83807139 -0.47326333 0.27140038
vn -0.83450568 0.40412305 -0.37454618
vn -0.79686558 0.48375607 -0.36191893
vn -0.86344708 0.31954425 -0.39032118
vn 0.91317104 -0.16477209 0.37278522
vn 0.90511979 -0.25970496 0.33661774
vn -0.90146453 0.12748746 -0.41365282
vn -0.89044622 0.04506668 -0.45285154
vn 0.87277914 -0.10367952 0.47697708
vn 0.81874008 -0.35680014 0.44984258
vn -0.90532998 -0.05085755 -0.42165286
vn -0.86254000 -0.03330302 -0.50489173
vn 0.68979163 -0.19810114 0.69637881
vn 0.81159599 -0.30400236 0.49889330
vn 0.75755145 -0.44136028 0.48095416
vn 0.67356872 0.20915687 0.70891366
vn -0.90665785 0.03118363 -0.42071263
vn -0.85055988 0.10036254 -0.51621240
vn 0.57025594 -0.06273200 0.81906829
vn 0.83660579 0.04601484 0.54586938
vn 0.23884989 0.05802747 0.96932118
vn 0.23079461 0.47599621 0.84862327
vn 0.01248169 0.58590451 0.81028397
vn 0.04699375 0.56552138 0.82339368
vn 0.41348633 0.57729085 0.70410534
vn -0.85727396 0.38821013 -0.33819262
vn -0.81192555 0.37545499 -0.44700163
vn 0.64151863 0.30485305 0.70393072
vn 0.75854949 0.42812528 0.49123459
vn 0.20980323 0.13358833 0.96857460
vn -0.04252924 0.04262617 0.99818549
vn -0.04820696 0.09781832 0.99403605
vn 0.11228073 0.10834408 0.98775230
vn 0.56293024 0.15528005 0.81178670
vn -0.76349257 0.59517161 -0.25069870
vn -0.72603236 0.49141834 -0.48102498
vn -0.81346754 0.49463779 -0.30594775
vn 0.66546077 0.59462772 0.45119822
vn 0.53010110 0.49740953 0.68671434
vn 0.62253435 0.64874293 0.43770263
vn 0.12656732 0.09555847 0.98734457
vn -0.05211771 -0.07467218 0.99584527
vn 0.07703914 -0.03287575 0.99648590
vn 0.52763808 0.21791344 0.82104311
vn -0.81466830 0.54944754 -0.18553425
vn 0.71572909 0.53795491 0.44534973
vn 0.52229208 0.22899391 0.82144554
vn 0.81456870 0.21234670 0.53980248
vn 0.05204775 -0.03890051 0.99788666
vn -0.08539511 -0.01339286 0.99625715
vn -0.01501923 0.17423260 0.98458998
vn -0.24367058 0.72094848 0.64873564
vn -0.64691119 0.75636005 0.09708445
vn -0.70171723 0.70076438 -0.12853876
vn 0.56346065 0.09061594 0.82115823
vn 0.83351486 0.08484704 0.54594318
vn 0.08114366 0.12020421 0.98942744
vn -0.19443291 0.12118780 0.97340093
vn -0.47761566 0.47281782 0.74049078
vn -0.71224489 0.68944766 0.13179202
vn -0.74375290 0.66223329 -0.09098730
vn 0.57282831 0.44201367 0.69028375
vn 0.67861361 0.55388951 0.48237950
vn 0.09324426 0.63903439 0.76350544
vn -0.24991622 0.66960132 0.69941114
vn -0.58928843 0.79835915 0.12394282
vn -0.68495504 0.71693158 -0.12979099
vn 0.23253576 0.93180501 0.27868718
vn -0.14107312 0.98998511 0.00527718
vn -0.28194896 0.95806525 -0.05114450
vn 0.02980351 -0.77340312 -0.63321353
vn 0.27833053 -0.72824712 -0.62624935
vn -0.52346748 -0.38589413 -0.75964960
vn 0.69559860 -0.68883819 -0.20406994
vn -0.15937350 -0.78944189 -0.59277448
vn -0.71888345 -0.38917668 -0.57597578
vn -0.63061636 -0.34197566 -0.69668907
vn -0.71337474 -0.29800316 -0.63426382
vn 0.91561298 -0.38735507 -0.10774468
vn 0.78858293 -0.52700430 -0.31686501
vn -0.74379732 -0.28864957 -0.60286564
vn -0.78417733 -0.38628534 -0.48564344
vn -0.73109452 -0.14242737 -0.66724451
vn 0.86804009 -0.44092218 -0.22824115
vn -0.77820109 -0.42670649 -0.46078696
vn -0.83857947 -0.22720588 -0.49513833
vn -0.82933990 -0.20329157 -0.52044968
vn 0.78282483 -0.62199766 0.01744131
vn 0.77716320 -0.56632153 -0.27440351
vn -0.85659394 -0.20363388 -0.47410976
vn -0.83915489 -0.03323131 -0.54287637
vn 0.80389825 -0.56562048 0.18390507
vn 0.91232722 -0.40892979 -0.02086801
vn 0.76515415 -0.59309628 -0.25055124
vn -0.75897294 -0.12286415 -0.63942512
vn -0.81337175 -0.09549690 -0.57385253
vn -0.75444459 -0.30429601 -0.58156453
vn 0.88811006 -0.45394556 -0.07206909
vn -0.74101208 -0.26118375 -0.61861470
vn -0.76670540 -0.38108317 -0.51666087
vn -0.73138926 -0.15888717 -0.66319275
vn 0.82373105 -0.53771932 0.17979178
vn 0.91930461 -0.39339323 -0.01099119
vn 0.81573455 -0.51097605 -0.27107309
vn -0.74922405 -0.46580665 -0.47083702
vn -0.83155930 -0.25047235 -0.49575471
vn -0.82031450 -0.22102354 -0.52747770
vn 0.88418519 -0.46371674 -0.05642102
vn -0.91249963 -0.00040860 -0.40907733
vn -0.87084727 0.10246589 -0.48075543
vn 0.80215112 -0.56179452 0.20233757
vn 0.91437479 -0.40485136 -0.00375816
vn 0.81320981 -0.52195775 -0.25739057
vn -0.86354218 0.34060900 -0.37186074
vn -0.82967038 0.38074606 -0.40826401
vn 0.89937135 -0.43536902 -0.03981194
vn -0.83175193 0.43047609 -0.35054110
vn -0.73923341 0.46064396 -0.49126480
vn -0.79204907 0.37414457 -0.48236305
vn 0.84597168 -0.45133900 0.28394548
vn 0.92525274 -0.37906367 -0.01476803
vn 0.80729411 -0.53984978 -0.23840814
vn -0.84861030 0.25413178 -0.46398016
vn -0.80278056 0.36556183 -0.47107104
vn 0.84290346 -0.40844561 0.35026554
vn 0.88507252 -0.44891963 -0.12295448
vn -0.75055293 0.23000469 -0.61949023
vn -0.72192362 0.41279271 -0.55536337
vn -0.77481143 0.22140530 -0.59215449
vn -0.78866838 0.05149538 -0.61265847
vn 0.84390267 -0.44710206 0.29652661
vn 0.92023166 -0.39128442 0.00837791
vn 0.83351876 -0.50270857 -0.22919549
vn -0.69259964 0.14051922 -0.70750272
vn -0.80327607 0.14830281 -0.57684820
vn -0.70638911 0.06568672 -0.70476924
vn 0.86565377 -0.21707963 0.45113190
vn 0.89642702 -0.43504070 -0.08460603
vn -0.67113368 0.24540482 -0.69953989
vn -0.77734273 0.31491005 -0.54458235
vn -0.67293337 0.22165988 -0.70571069
vn 0.71469623 -0.25013863 0.65317683
vn 0.94750511 -0.28995092 0.13476845
vn 0.83894558 -0.52503823 -0.14319624
vn 0.67547392 0.21423052 0.70557797
vn -0.67397052 0.33026098 -0.66082632
vn -0.71952148 0.40417943 -0.56473696
vn -0.74506279 0.34623645 -0.57008926
vn -0.66604053 0.34318588 -0.66227899
vn 0.61604781 -0.06790448 0.78477645
vn 0.99940474 -0.02964772 -0.01764007
vn 0.27378817 0.09211819 0.95736841
vn 0.49952618 0.48369322 0.71868941
vn -0.64121646 0.37354371 -0.67030333
vn -0.75589395 0.40919852 -0.51105861
vn -0.71160603 0.39933553 -0.57805536
vn 0.63328352 -0.02049816 0.77364837
vn 0.99994046 0.00638523 0.00884911
vn 0.07897685 -0.05404181 0.99541054
vn 0.18758803 0.11228080 0.97580928
vn 0.61581053 0.37134142 0.69489779
vn -0.58051956 0.55218072 -0.59840914
vn -0.65326386 0.55127191 -0.51898518
vn -0.49480156 0.71224831 -0.49786922
vn -0.66318186 0.52384538 -0.53458006
vn 0.62858799 0.05589053 0.77572765
vn 0.99993729 0.01060621 0.00359450
vn 0.12325538 0.03659622 0.99169997
vn 0.04655732 -0.01979437 0.99871948
vn 0.60706781 0.09089813 0.78943410
vn -0.49242332 0.58616797 -0.64337111
vn -0.50262182 0.61932725 -0.60316255
vn -0.72538908 0.37819936 -0.57513123
vn -0.39982027 0.63716425 -0.65891234
vn -0.34426934 0.74714095 -0.56855872
vn -0.55239665 0.61993118 -0.55726410
vn 0.69078629 0.40984040 0.59568880
vn 0.90808768 0.38793131 -0.15775314
vn 0.30237424 0.53503797 0.78886259
vn 0.01802687 0.20067549 0.97949190
vn 0.29594789 0.52829555 0.79581321
vn -0.51781447 0.66834131 -0.53403003
vn -0.65855572 0.58792815 -0.46972850
vn -0.43402719 0.67703599 -0.59434222
vn 0.47161218 0.87037214 0.14154252
vn 0.46717775 0.88412118 0.00864192
vn 0.00637332 0.58685297 0.80966844
vn 0.86761223 0.49723753 0.00196188
vn -0.89772407 0.43728243 -0.05362431
vn -0.22240023 0.97254474 0.06851912
vn -0.29417102 0.90850541 -0.29678499
vn -0.03506740 0.08159884 0.99604815
vn 0.99778017 0.06548297 -0.01211233
vn -0.99673980 0.07939234 0.01437446
vn 0.28065527 0.45484871 0.84518949
vn 0.89469171 0.34129595 -0.28817325
vn -0.89067019 0.34750653 0.29316519
vn 0.00307591 0.99999353 0.00186311
vn 0.06592372 -0.66745807 -0.74172352
vn 0.56235651 -0.31699745 -0.76371969
vn -0.37792673 -0.36346075 -0.85150905
vn 0.47942876 -0.27003137 -0.83500367
vn -0.11754404 -0.11544084 -0.98633504
vn -0.67970105 -0.30743852 -0.66594898
vn 0.49575006 -0.45241809 -0.74131623
vn 0.12077542 -0.06457080 -0.99057756
vn -0.12155096 0.01803764 -0.99242129
vn -0.61186016 -0.04745673 -0.78954101
vn 0.64269739 -0.28002888 -0.71310862
vn 0.13147994 -0.11869271 -0.98418752
vn 0.03819081 -0.01460631 -0.99916371
vn -0.14386082 0.02172269 -0.98935948
vn -0.59043575 -0.00694243 -0.80705478
vn 0.49468071 -0.27609480 -0.82405258
vn 0.09347050 -0.00912232 -0.99558026
vn -0.00820165 0.02801580 -0.99957383
vn -0.07416301 -0.01484357 -0.99713566
vn -0.51041816 -0.20532581 -0.83505366
vn 0.66649098 -0.25484305 -0.70060316
vn 0.12570838 -0.08132532 -0.98872827
vn -0.00544329 -0.00622601 -0.99996580
vn -0.00434455 0.01835583 -0.99982208
vn 0.02925588 0.01089809 -0.99951254
vn -0.20378040 -0.10780869 -0.97306261
vn -0.63861941 -0.34440641 -0.68814931
vn 0.49982919 -0.29055493 -0.81593420
vn 0.09992337 -0.01753141 -0.99484068
vn -0.03041956 0.01475490 -0.99942831
vn -0.00082441 0.00107045 -0.99999909
vn 0.03266705 0.00216049 -0.99946395
vn -0.13362631 0.03134335 -0.99053602
vn -0.58306964 -0.03859456 -0.81150493
vn 0.66778285 -0.26059543 -0.69724894
vn 0.12950474 -0.08949302 -0.98753204
vn -0.00342508 -0.01101052 -0.99993352
vn -0.01551977 0.00987089 -0.99983084
vn 0.00829990 -0.00900540 -0.99992500
vn -0.01404796 0.02339368 -0.99962763
vn -0.13621886 0.11816534 -0.98360631
vn -0.59421628 0.24401434 -0.76639678
vn 0.50964060 -0.28681472 -0.81117432
vn 0.11118150 -0.01395028 -0.99370220
vn -0.03013078 0.01573045 -0.99942218
vn -0.00161529 0.00231168 -0.99999602
vn 0.01820379 -0.00887551 -0.99979490
vn -0.12648190 0.03008405 -0.99151262
vn -0.44420558 0.26095264 -0.85707942
vn 0.63723643 -0.26924781 -0.72210480
vn 0.14074566 -0.09186462 -0.98577459
vn 0.00875753 -0.01017805 -0.99990985
vn -0.01582388 0.01354136 -0.99978309
vn 0.00832324 -0.00532884 -0.99995116
vn -0.01844518 0.02482534 -0.99952162
vn -0.15626233 0.11534850 -0.98095709
vn -0.58309138 0.28719725 -0.75994880
vn 0.48560417 -0.26613220 -0.83268376
vn 0.11784488 -0.01830189 -0.99286335
vn -0.02271294 0.01658164 -0.99960451
vn -0.00296264 0.00651369 -0.99997440
vn 0.02061529 -0.00766764 -0.99975808
vn -0.11083393 0.00224462 -0.99383641
vn -0.45689606 0.21474405 -0.86320970
vn 0.63445593 -0.28162666 -0.71982782
vn 0.14609219 -0.10130295 -0.98407052
vn 0.01226636 -0.02018369 -0.99972104
vn -0.01603789 0.01027489 -0.99981859
vn 0.00737901 -0.00418812 -0.99996400
vn 0.02764917 -0.00775843 -0.99958758
vn -0.16396023 0.01778187 -0.98630667
vn -0.56796866 0.09123667 -0.81797767
vn 0.47938805 -0.27582221 -0.83313217
vn 0.12270485 -0.02623804 -0.99209631
vn -0.02062483 0.00682014 -0.99976402
vn -0.00648898 -0.00390317 -0.99997133
vn 0.01471808 -0.01742023 -0.99973992
vn -0.01620143 0.02147831 -0.99963803
vn -0.16192172 0.11429233 -0.98016255
vn -0.61538276 0.22352026 -0.75587218
vn 0.66983934 -0.22796463 -0.70664517
vn 0.14525245 -0.11273618 -0.98295080
vn 0.01756357 -0.02682695 -0.99948579
vn -0.01097267 0.00044768 -0.99993970
vn 0.00731071 -0.01165559 -0.99990535
vn 0.01963573 -0.01813100 -0.99964279
vn -0.13602220 0.01907076 -0.99052222
vn -0.45815773 0.24403509 -0.85471537
vn 0.66105327 -0.04329257 -0.74908900
vn 0.15582482 -0.03219991 -0.98725974
vn -0.01776789 -0.00984998 -0.99979362
vn -0.00586166 -0.00966389 -0.99993612
vn -0.02164934 0.02714119 -0.99939715
vn -0.01672543 0.14714475 -0.98897355
vn -0.16802581 0.18078782 -0.96906300
vn -0.57201439 0.29932652 -0.76367740
vn 0.66949383 -0.00978710 -0.74275314
vn 0.14443702 -0.02631759 -0.98916396
vn -0.01941970 -0.03741086 -0.99911126
vn -0.04874392 -0.00177988 -0.99880972
vn -0.09911672 0.09255006 -0.99076252
vn -0.26535689 0.43436737 -0.86076170
vn -0.34419644 0.55625634 -0.75637801
vn 0.63072191 0.11821605 -0.76695165
vn 0.17729060 0.05469064 -0.98263776
vn -0.04655782 -0.00646231 -0.99889469
vn -0.13979596 0.08635547 -0.98640753
vn -0.40902224 0.27061135 -0.87147593
vn 0.48973081 0.63885129 -0.59332349
vn 0.32203799 0.53037836 -0.78421319
vn 0.00110517 0.21302789 -0.97704549
vn -0.30611409 0.50272092 -0.80843419
vn -0.50493480 0.45618496 -0.73275926
vn -0.05416774 0.57077392 -0.81931861
vn 0.03397599 0.12094650 -0.99207740
vn -0.27463437 0.47472363 -0.83618983
f 3//3 2//2 1//1
f 1//1 4//4 3//3
f 1//1 2//2 5//5
f 5//5 2//2 6//6
f 4//4 1//1 7//7
f 7//7 1//1 5//5
f 5//5 6//6 8//8
f 8//8 6//6 9//9
f 7//7 5//5 10//10
f 10//10 5//5 8//8
f 9//9 11//11 8//8
f 8//8 11//11 10//10
f 14//14 13//13 12//12
f 12//12 2//2 14//14
f 2//2 3//3 14//14
f 16//16 15//15 14//14
f 16//16 14//14 3//3
f 4//4 16//16 3//3
f 12//12 13//13 17//17
f 17//17 13//13 18//18
f 17//17 2//2 12//12
f 2//2 17//17 6//6
f 15//15 16//16 19//19
f 20//20 19//19 16//16
f 7//7 20//20 4//4
f 4//4 20//20 16//16
f 17//17 18//18 21//21
f 21//21 18//18 22//22
f 21//21 6//6 17//17
f 6//6 21//21 9//9
f 19//19 20//20 23//23
f 24//24 23//23 20//20
f 10//10 24//24 7//7
f 7//7 24//24 20//20
f 21//21 22//22 25//25
f 25//25 22//22 26//26
f 27//27 23//23 24//24
f 21//21 11//11 9//9
f 11//11 21//21 28//28
f 25//25 28//28 21//21
f 27//27 24//24 29//29
f 24//24 10//10 29//29
f 11//11 28//28 29//29
f 11//11 29//29 10//10
f 26//26 30//30 25//25
f 32//32 31//31 30//30
f 31//31 25//25 30//30
f 31//31 28//28 25//25
f 29//29 28//28 33//33
f 33//33 28//28 31//31
f 31//31 32//32 34//34
f 34//34 32//32 35//35
f 33//33 31//31 36//36
f 31//31 37//37 36//36
f 31//31 34//34 37//37
f 37//37 38//38 36//36
f 34//34 35//35 39//39
f 39//39 35//35 40//40
f 34//34 41//41 37//37
f 34//34 39//39 41//41
f 38//38 37//37 42//42
f 42//42 37//37 41//41
f 40//40 43//43 39//39
f 39//39 43//43 41//41
f 41//41 43//43 44//44
f 41//41 44//44 42//42
f 45//45 13//13 14//14
f 15//15 45//45 14//14
f 46//46 18//18 45//45
f 45//45 18//18 13//13
f 19//19 46//46 15//15
f 15//15 46//46 45//45
f 47//47 22//22 46//46
f 46//46 22//22 18//18
f 23//23 47//47 19//19
f 19//19 47//47 46//46
f 49//49 48//48 47//47
f 48//48 22//22 47//47
f 48//48 26//26 22//22
f 51//51 49//49 50//50
f 50//50 49//49 27//27
f 49//49 47//47 27//27
f 47//47 23//23 27//27
f 29//29 50//50 27//27
f 30//30 26//26 52//52
f 26//26 53//53 52//52
f 26//26 48//48 53//53
f 50//50 54//54 51//51
f 32//32 30//30 52//52
f 50//50 29//29 54//54
f 29//29 55//55 54//54
f 29//29 33//33 55//55
f 52//52 53//53 56//56
f 56//56 53//53 57//57
f 56//56 35//35 32//32
f 56//56 32//32 52//52
f 33//33 36//36 58//58
f 59//59 33//33 58//58
f 55//55 33//33 59//59
f 38//38 58//58 36//36
f 56//56 57//57 60//60
f 60//60 57//57 61//61
f 60//60 40//40 35//35
f 60//60 35//35 56//56
f 59//59 58//58 62//62
f 59//59 62//62 63//63
f 42//42 62//62 38//38
f 38//38 62//62 58//58
f 60//60 61//61 64//64
f 64//64 61//61 65//65
f 66//66 43//43 40//40
f 60//60 66//66 40//40
f 64//64 66//66 60//60
f 43//43 67//67 44//44
f 43//43 62//62 67//67
f 62//62 43//43 63//63
f 66//66 63//63 43//43
f 63//63 66//66 68//68
f 67//67 68//68 66//66
f 66//66 69//69 67//67
f 67//67 69//69 44//44
f 62//62 68//68 67//67
f 68//68 62//62 70//70
f 62//62 42//42 70//70
f 44//44 69//69 70//70
f 44//44 70//70 42//42
f 65//65 71//71 64//64
f 73//73 72//72 71//71
f 72//72 64//64 71//71
f 72//72 66//66 64//64
f 66//66 74//74 69//69
f 66//66 72//72 74//74
f 70//70 69//69 75//75
f 75//75 69//69 74//74
f 73//73 76//76 72//72
f 72//72 76//76 74//74
f 74//74 76//76 77//77
f 74//74 77//77 75//75
f 80//80 79//79 78//78
f 78//78 48//48 80//80
f 48//48 49//49 80//80
f 82//82 81//81 80//80
f 82//82 80//80 49//49
f 51//51 82//82 49//49
f 78//78 79//79 83//83
f 83//83 79//79 84//84
f 48//48 85//85 53//53
f 85//85 82//82 53//53
f 86//86 53//53 82//82
f 53//53 86//86 83//83
f 81//81 83//83 86//86
f 83//83 81//81 85//85
f 85//85 78//78 83//83
f 48//48 78//78 85//85
f 85//85 81//81 82//82
f 88//88 86//86 87//87
f 87//87 86//86 54//54
f 86//86 82//82 54//54
f 82//82 51//51 54//54
f 55//55 87//87 54//54
f 83//83 84//84 89//89
f 89//89 84//84 90//90
f 89//89 57//57 53//53
f 89//89 53//53 83//83
f 88//88 87//87 91//91
f 88//88 91//91 92//92
f 59//59 91//91 55//55
f 55//55 91//91 87//87
f 89//89 90//90 93//93
f 93//93 90//90 94//94
f 93//93 61//61 57//57
f 93//93 57//57 89//89
f 95//95 92//92 91//91
f 91//91 59//59 95//95
f 59//59 96//96 95//95
f 59//59 63//63 96//96
f 93//93 94//94 97//97
f 97//97 94//94 98//98
f 97//97 65//65 61//61
f 97//97 61//61 93//93
f 63//63 68//68 99//99
f 100//100 63//63 99//99
f 96//96 63//63 100//100
f 70//70 99//99 68//68
f 97//97 98//98 101//101
f 101//101 98//98 102//102
f 103//103 71//71 65//65
f 97//97 103//103 65//65
f 101//101 103//103 97//97
f 103//103 73//73 71//71
f 104//104 100//100 99//99
f 99//99 70//70 104//104
f 70//70 105//105 104//104
f 70//70 75//75 105//105
f 102//102 106//106 101//101
f 101//101 106//106 103//103
f 103//103 106//106 107//107
f 107//107 109//109 108//108
f 107//107 108//108 76//76
f 103//103 107//107 76//76
f 73//73 103//103 76//76
f 110//110 77//77 76//76
f 110//110 76//76 108//108
f 110//110 111//111 77//77
f 111//111 75//75 77//77
f 111//111 105//105 75//75
f 108//108 109//109 112//112
f 112//112 109//109 113//113
f 108//108 114//114 110//110
f 108//108 112//112 114//114
f 111//111 110//110 115//115
f 115//115 110//110 114//114
f 113//113 116//116 112//112
f 112//112 116//116 114//114
f 114//114 116//116 117//117
f 114//114 117//117 115//115
f 120//120 119//119 118//118
f 118//118 79//79 120//120
f 79//79 80//80 120//120
f 122//122 121//121 120//120
f 122//122 120//120 80//80
f 81//81 122//122 80//80
f 118//118 119//119 123//123
f 123//123 119//119 124//124
f 79//79 125//125 84//84
f 125//125 122//122 84//84
f 126//126 84//84 122//122
f 84//84 126//126 123//123
f 121//121 123//123 126//126
f 123//123 121//121 125//125
f 125//125 118//118 123//123
f 79//79 118//118 125//125
f 125//125 121//121 122//122
f 128//128 126//126 127//127
f 127//127 126//126 86//86
f 126//126 122//122 86//86
f 122//122 81//81 86//86
f 88//88 127//127 86//86
f 123//123 124//124 129//129
f 129//129 124//124 130//130
f 129//129 90//90 84//84
f 129//129 84//84 123//123
f 128//128 127//127 131//131
f 128//128 131//131 132//132
f 92//92 131//131 88//88
f 88//88 131//131 127//127
f 129//129 130//130 133//133
f 133//133 130//130 134//134
f 133//133 94//94 90//90
f 133//133 90//90 129//129
f 135//135 132//132 131//131
f 137//137 135//135 136//136
f 136//136 135//135 95//95
f 135//135 131//131 95//95
f 131//131 92//92 95//95
f 96//96 136//136 95//95
f 133//133 134//134 138//138
f 138//138 134//134 139//139
f 138//138 98//98 94//94
f 138//138 94//94 133//133
f 137//137 136//136 140//140
f 137//137 140//140 141//141
f 100//100 140//140 96//96
f 96//96 140//140 136//136
f 138//138 139//139 142//142
f 142//142 139//139 143//143
f 142//142 102//102 98//98
f 142//142 98//98 138//138
f 144//144 141//141 140//140
f 146//146 144//144 145//145
f 145//145 144//144 104//104
f 144//144 140//140 104//104
f 140//140 100//100 104//104
f 105//105 145//145 104//104
f 142//142 143//143 147//147
f 147//147 143//143 148//148
f 149//149 106//106 102//102
f 142//142 149//149 102//102
f 147//147 149//149 142//142
f 150//150 107//107 106//106
f 150//150 106//106 149//149
f 150//150 109//109 107//107
f 146//146 145//145 151//151
f 146//146 151//151 152//152
f 111//111 151//151 105//105
f 105//105 151//151 145//145
f 147//147 148//148 153//153
f 153//153 148//148 154//154
f 147//147 155//155 149//149
f 147//147 153//153 155//155
f 149//149 156//156 150//150
f 149//149 155//155 156//156
f 156//156 113//113 109//109
f 156//156 109//109 150//150
f 152//152 151//151 157//157
f 152//152 157//157 158//158
f 115//115 157//157 111//111
f 111//111 157//157 151//151
f 154//154 159//159 153//153
f 153//153 159//159 155//155
f 155//155 159//159 160//160
f 162//162 161//161 160//160
f 161//161 155//155 160//160
f 161//161 156//156 155//155
f 163//163 116//116 113//113
f 156//156 163//163 113//113
f 161//161 163//163 156//156
f 164//164 158//158 157//157
f 116//116 164//164 157//157
f 117//117 116//116 157//157
f 164//164 116//116 163//163
f 117//117 157//157 115//115
f 161//161 162//162 165//165
f 165//165 162//162 166//166
f 161//161 167//167 163//163
f 161//161 165//165 167//167
f 164//164 163//163 168//168
f 163//163 169//169 168//168
f 163//163 167//167 169//169
f 169//169 170//170 168//168
f 165//165 166//166 171//171
f 171//171 166//166 172//172
f 165//165 173//173 167//167
f 165//165 171//171 173//173
f 167//167 174//174 169//169
f 167//167 173//173 174//174
f 170//170 169//169 175//175
f 175//175 169//169 174//174
f 172//172 176//176 171//171
f 171//171 176//176 173//173
f 173//173 176//176 177//177
f 173//173 177//177 174//174
f 174//174 177//177 178//178
f 174//174 178//178 175//175
f 179//179 119//119 120//120
f 121//121 179//179 120//120
f 181//181 180//180 179//179
f 180//180 119//119 179//179
f 180//180 124//124 119//119
f 183//183 181//181 182//182
f 182//182 181//181 126//126
f 181//181 179//179 126//126
f 179//179 121//121 126//126
f 128//128 182//182 126//126
f 186//186 185//185 184//184
f 180//180 186//186 184//184
f 130//130 180//180 184//184
f 124//124 180//180 130//130
f 183//183 182//182 187//187
f 183//183 187//187 188//188
f 132//132 187//187 128//128
f 128//128 187//187 182//182
f 184//184 185//185 189//189
f 189//189 185//185 190//190
f 189//189 134//134 130//130
f 189//189 130//130 184//184
f 191//191 188//188 187//187
f 193//193 191//191 192//192
f 192//192 191//191 135//135
f 191//191 187//187 135//135
f 187//187 132//132 135//135
f 137//137 192//192 135//135
f 189//189 190//190 194//194
f 194//194 190//190 195//195
f 194//194 139//139 134//134
f 194//194 134//134 189//189
f 193//193 192//192 196//196
f 193//193 196//196 197//197
f 141//141 196//196 137//137
f 137//137 196//196 192//192
f 194//194 195//195 198//198
f 198//198 195//195 199//199
f 198//198 143//143 139//139
f 198//198 139//139 194//194
f 200//200 197//197 196//196
f 202//202 200//200 201//201
f 201//201 200//200 144//144
f 200//200 196//196 144//144
f 196//196 141//141 144//144
f 146//146 201//201 144//144
f 205//205 204//204 203//203
f 205//205 203//203 199//199
f 203//203 198//198 199//199
f 203//203 206//206 198//198
f 206//206 148//148 143//143
f 206//206 143//143 198//198
f 202//202 201//201 207//207
f 202//202 207//207 208//208
f 152//152 207//207 146//146
f 146//146 207//207 201//201
f 203//203 204//204 209//209
f 209//209 204//204 210//210
f 203//203 211//211 206//206
f 203//203 209//209 211//211
f 211//211 154//154 148//148
f 211//211 148//148 206//206
f 208//208 207//207 212//212
f 208//208 212//212 213//213
f 158//158 212//212 152//152
f 152//152 212//212 207//207
f 209//209 210//210 214//214
f 214//214 210//210 215//215
f 209//209 216//216 211//211
f 209//209 214//214 216//216
f 217//217 159//159 154//154
f 211//211 217//217 154//154
f 216//216 217//217 211//211
f 218//218 160//160 159//159
f 218//218 159//159 217//217
f 218//218 162//162 160//160
f 213//213 212//212 219//219
f 213//213 219//219 220//220
f 164//164 219//219 158//158
f 158//158 219//219 212//212
f 214//214 215//215 221//221
f 221//221 215//215 222//222
f 214//214 223//223 216//216
f 214//214 221//221 223//223
f 216//216 224//224 217//217
f 216//216 223//223 224//224
f 217//217 225//225 218//218
f 217//217 224//224 225//225
f 225//225 166//166 162//162
f 225//225 162//162 218//218
f 226//226 220//220 219//219
f 228//228 226//226 227//227
f 227//227 226//226 168//168
f 226//226 219//219 168//168
f 219//219 164//164 168//168
f 170//170 227//227 168//168
f 222//222 229//229 221//221
f 231//231 230//230 229//229
f 230//230 221//221 229//229
f 230//230 223//223 221//221
f 223//223 232//232 224//224
f 223//223 230//230 232//232
f 224//224 233//233 225//225
f 224//224 232//232 233//233
f 233//233 172//172 166//166
f 233//233 166//166 225//225
f 228//228 227//227 234//234
f 228//228 234//234 235//235
f 175//175 234//234 170//170
f 170//170 234//234 227//227
f 231//231 236//236 230//230
f 230//230 236//236 232//232
f 232//232 236//236 237//237
f 239//239 238//238 237//237
f 238//238 232//232 237//237
f 238//238 233//233 232//232
f 240//240 176//176 172//172
f 233//233 240//240 172//172
f 238//238 240//240 233//233
f 241//241 177//177 176//176
f 241//241 176//176 240//240
f 242//242 235//235 234//234
f 177//177 242//242 234//234
f 178//178 177//177 234//234
f 242//242 177//177 241//241
f 178//178 234//234 175//175
f 238//238 239//239 243//243
f 243//243 239//239 244//244
f 238//238 245//245 240//240
f 238//238 243//243 245//245
f 240//240 246//246 241//241
f 240//240 245//245 246//246
f 242//242 241//241 247//247
f 247//247 241//241 246//246
f 243//243 244//244 248//248
f 248//248 244//244 249//249
f 243//243 250//250 245//245
f 243//243 248//248 250//250
f 252//252 246//246 251//251
f 246//246 250//250 251//251
f 246//246 245//245 250//250
f 246//246 252//252 247//247
f 249//249 253//253 248//248
f 248//248 253//253 250//250
f 250//250 253//253 254//254
f 250//250 254//254 251//251
f 257//257 256//256 255//255
f 255//255 180//180 257//257
f 180//180 181//181 257//257
f 259//259 258//258 257//257
f 259//259 257//257 181//181
f 183//183 259//259 181//181
f 255//255 256//256 186//186
f 256//256 185//185 186//186
f 256//256 260//260 185//185
f 258//258 262//262 261//261
f 262//262 255//255 261//261
f 186//186 261//261 255//255
f 261//261 186//186 263//263
f 180//180 263//263 186//186
f 263//263 180//180 262//262
f 262//262 259//259 263//263
f 258//258 259//259 262//262
f 262//262 180//180 255//255
f 188//188 263//263 183//183
f 183//183 263//263 259//259
f 260//260 190//190 185//185
f 264//264 190//190 260//260
f 265//265 261//261 263//263
f 267//267 265//265 266//266
f 266//266 265//265 191//191
f 265//265 263//263 191//191
f 263//263 188//188 191//191
f 193//193 266//266 191//191
f 270//270 269//269 268//268
f 264//264 270//270 268//268
f 195//195 264//264 268//268
f 190//190 264//264 195//195
f 267//267 266//266 271//271
f 267//267 271//271 272//272
f 197//197 271//271 193//193
f 193//193 271//271 266//266
f 268//268 269//269 273//273
f 273//273 269//269 274//274
f 273//273 199//199 195//195
f 273//273 195//195 268//268
f 275//275 272//272 271//271
f 277//277 275//275 276//276
f 276//276 275//275 200//200
f 275//275 271//271 200//200
f 271//271 197//197 200//200
f 202//202 276//276 200//200
f 273//273 274//274 205//205
f 274//274 204//204 205//205
f 274//274 278//278 204//204
f 273//273 205//205 199//199
f 277//277 276//276 279//279
f 277//277 279//279 280//280
f 208//208 279//279 202//202
f 202//202 279//279 276//276
f 283//283 282//282 281//281
f 278//278 283//283 281//281
f 210//210 278//278 281//281
f 204//204 278//278 210//210
f 280//280 279//279 284//284
f 280//280 284//284 285//285
f 213//213 284//284 208//208
f 208//208 284//284 279//279
f 281//281 282//282 286//286
f 286//286 282//282 287//287
f 286//286 215//215 210//210
f 286//286 210//210 281//281
f 285//285 284//284 288//288
f 285//285 288//288 289//289
f 220//220 288//288 213//213
f 213//213 288//288 284//284
f 286//286 287//287 290//290
f 290//290 287//287 291//291
f 290//290 222//222 215//215
f 290//290 215//215 286//286
f 292//292 289//289 288//288
f 294//294 292//292 293//293
f 293//293 292//292 226//226
f 292//292 288//288 226//226
f 288//288 220//220 226//226
f 228//228 293//293 226//226
f 290//290 291//291 295//295
f 295//295 291//291 296//296
f 297//297 229//229 222//222
f 290//290 297//297 222//222
f 295//295 297//297 290//290
f 297//297 231//231 229//229
f 294//294 293//293 298//298
f 294//294 298//298 299//299
f 235//235 298//298 228//228
f 228//228 298//298 293//293
f 295//295 296//296 300//300
f 300//300 296//296 301//301
f 295//295 302//302 297//297
f 295//295 300//300 302//302
f 303//303 236//236 231//231
f 297//297 303//303 231//231
f 302//302 303//303 297//297
f 304//304 237//237 236//236
f 304//304 236//236 303//303
f 304//304 239//239 237//237
f 299//299 298//298 305//305
f 299//299 305//305 306//306
f 242//242 305//305 235//235
f 235//235 305//305 298//298
f 300//300 301//301 307//307
f 307//307 301//301 308//308
f 300//300 309//309 302//302
f 300//300 307//307 309//309
f 302//302 310//310 303//303
f 302//302 309//309 310//310
f 303//303 311//311 304//304
f 303//303 310//310 311//311
f 311//311 244//244 239//239
f 311//311 239//239 304//304
f 306//306 305//305 312//312
f 306//306 312//312 313//313
f 247//247 312//312 242//242
f 242//242 312//312 305//305
f 307//307 308//308 314//314
f 314//314 308//308 315//315
f 307//307 316//316 309//309
f 307//307 314//314 316//316
f 309//309 317//317 310//310
f 309//309 316//316 317//317
f 310//310 318//318 311//311
f 310//310 317//317 318//318
f 318//318 249//249 244//244
f 318//318 244//244 311//311
f 313//313 312//312 252//252
f 251//251 313//313 252//252
f 319//319 313//313 251//251
f 252//252 312//312 247//247
f 315//315 320//320 314//314
f 314//314 320//320 316//316
f 316//316 320//320 321//321
f 316//316 321//321 317//317
f 317//317 321//321 322//322
f 324//324 323//323 322//322
f 323//323 317//317 322//322
f 323//323 318//318 317//317
f 325//325 253//253 249//249
f 318//318 325//325 249//249
f 323//323 325//325 318//318
f 326//326 254//254 253//253
f 326//326 253//253 325//325
f 326//326 327//327 254//254
f 327//327 251//251 254//254
f 327//327 319//319 251//251
f 323//323 324//324 328//328
f 328//328 324//324 329//329
f 323//323 330//330 325//325
f 323//323 328//328 330//330
f 325//325 331//331 326//326
f 325//325 330//330 331//331
f 327//327 326//326 332//332
f 332//332 326//326 331//331
f 328//328 329//329 333//333
f 333//333 329//329 334//334
f 328//328 335//335 330//330
f 328//328 333//333 335//335
f 337//337 331//331 336//336
f 331//331 335//335 336//336
f 331//331 330//330 335//335
f 331//331 337//337 332//332
f 334//334 338//338 333//333
f 333//333 338//338 335//335
f 335//335 338//338 339//339
f 335//335 339//339 336//336
f 340//340 256//256 257//257
f 258//258 340//340 257//257
f 341//341 260//260 340//340
f 340//340 260//260 256//256
f 261//261 341//341 258//258
f 258//258 341//341 340//340
f 344//344 343//343 342//342
f 345//345 344//344 341//341
f 344//344 264//264 341//341
f 264//264 260//260 341//341
f 344//344 342//342 264//264
f 347//347 345//345 346//346
f 346//346 345//345 265//265
f 345//345 341//341 265//265
f 341//341 261//261 265//265
f 267//267 346//346 265//265
f 342//342 343//343 270//270
f 343//343 269//269 270//270
f 343//343 348//348 269//269
f 342//342 270//270 264//264
f 347//347 346//346 349//349
f 347//347 349//349 350//350
f 272//272 349//349 267//267
f 267//267 349//349 346//346
f 353//353 352//352 351//351
f 348//348 353//353 351//351
f 274//274 348//348 351//351
f 269//269 348//348 274//274
f 354//354 350//350 349//349
f 356//356 354//354 355//355
f 355//355 354//354 275//275
f 354//354 349//349 275//275
f 349//349 272//272 275//275
f 277//277 355//355 275//275
f 351//351 352//352 357//357
f 357//357 352//352 358//358
f 357//357 278//278 274//274
f 357//357 274//274 351//351
f 356//356 355//355 359//359
f 356//356 359//359 360//360
f 280//280 359//359 277//277
f 277//277 359//359 355//355
f 357//357 358//358 283//283
f 358//358 282//282 283//283
f 358//358 361//361 282//282
f 357//357 283//283 278//278
f 360//360 359//359 362//362
f 360//360 362//362 363//363
f 285//285 362//362 280//280
f 280//280 362//362 359//359
f 366//366 365//365 364//364
f 361//361 366//366 364//364
f 287//287 361//361 364//364
f 282//282 361//361 287//287
f 363//363 362//362 367//367
f 363//363 367//367 368//368
f 289//289 367//367 285//285
f 285//285 367//367 362//362
f 364//364 365//365 369//369
f 369//369 365//365 370//370
f 369//369 291//291 287//287
f 369//369 287//287 364//364
f 371//371 368//368 367//367
f 373//373 371//371 372//372
f 372//372 371//371 292//292
f 371//371 367//367 292//292
f 367//367 289//289 292//292
f 294//294 372//372 292//292
f 369//369 370//370 374//374
f 374//374 370//370 375//375
f 374//374 296//296 291//291
f 374//374 291//291 369//369
f 373//373 372//372 376//376
f 373//373 376//376 377//377
f 299//299 376//376 294//294
f 294//294 376//376 372//372
f 380//380 379//379 378//378
f 380//380 378//378 375//375
f 378//378 374//374 375//375
f 378//378 381//381 374//374
f 381//381 301//301 296//296
f 381//381 296//296 374//374
f 377//377 376//376 382//382
f 377//377 382//382 383//383
f 306//306 382//382 299//299
f 299//299 382//382 376//376
f 378//378 379//379 384//384
f 384//384 379//379 385//385
f 378//378 386//386 381//381
f 378//378 384//384 386//386
f 386//386 308//308 301//301
f 386//386 301//301 381//381
f 383//383 382//382 387//387
f 383//383 387//387 388//388
f 313//313 387//387 306//306
f 306//306 387//387 382//382
f 384//384 385//385 389//389
f 389//389 385//385 390//390
f 384//384 391//391 386//386
f 384//384 389//389 391//391
f 391//391 315//315 308//308
f 391//391 308//308 386//386
f 388//388 387//387 392//392
f 388//388 392//392 393//393
f 319//319 392//392 313//313
f 313//313 392//392 387//387
f 389//389 390//390 394//394
f 394//394 390//390 395//395
f 389//389 396//396 391//391
f 389//389 394//394 396//396
f 397//397 320//320 315//315
f 391//391 397//397 315//315
f 396//396 397//397 391//391
f 398//398 321//321 320//320
f 398//398 320//320 397//397
f 399//399 322//322 321//321
f 399//399 321//321 398//398
f 399//399 324//324 322//322
f 393//393 392//392 400//400
f 393//393 400//400 401//401
f 327//327 400//400 319//319
f 319//319 400//400 392//392
f 394//394 395//395 402//402
f 402//402 395//395 403//403
f 394//394 404//404 396//396
f 394//394 402//402 404//404
f 396//396 405//405 397//397
f 396//396 404//404 405//405
f 397//397 406//406 398//398
f 397//397 405//405 406//406
f 398//398 407//407 399//399
f 398//398 406//406 407//407
f 407//407 329//329 324//324
f 407//407 324//324 399//399
f 401//401 400//400 408//408
f 401//401 408//408 409//409
f 332//332 408//408 327//327
f 327//327 408//408 400//400
f 402//402 403//403 410//410
f 410//410 403//403 411//411
f 402//402 412//412 404//404
f 402//402 410//410 412//412
f 404//404 413//413 405//405
f 404//404 412//412 413//413
f 405//405 414//414 406//406
f 405//405 413//413 414//414
f 406//406 415//415 407//407
f 406//406 414//414 415//415
f 415//415 334//334 329//329
f 415//415 329//329 407//407
f 418//418 417//417 416//416
f 416//416 417//417 409//409
f 416//416 409//409 408//408
f 336//336 416//416 408//408
f 337//337 336//336 408//408
f 337//337 408//408 332//332
f 411//411 419//419 410//410
f 410//410 419//419 412//412
f 412//412 419//419 420//420
f 412//412 420//420 413//413
f 413//413 420//420 421//421
f 423//423 422//422 421//421
f 422//422 413//413 421//421
f 422//422 414//414 413//413
f 414//414 424//424 415//415
f 414//414 422//422 424//424
f 425//425 338//338 334//334
f 415//415 425//425 334//334
f 424//424 425//425 415//415
f 426//426 418//418 416//416
f 338//338 426//426 416//416
f 339//339 338//338 416//416
f 426//426 338//338 425//425
f 339//339 416//416 336//336
f 422//422 423//423 427//427
f 427//427 423//423 428//428
f 422//422 429//429 424//424
f 422//422 427//427 429//429
f 424//424 430//430 425//425
f 424//424 429//429 430//430
f 426//426 425//425 431//431
f 431//431 425//425 430//430
f 427//427 428//428 432//432
f 432//432 428//428 433//433
f 427//427 434//434 429//429
f 427//427 432//432 434//434
f 429//429 435//435 430//430
f 429//429 434//434 435//435
f 431//431 430//430 436//436
f 436//436 430//430 435//435
f 433//433 437//437 432//432
f 432//432 437//437 434//434
f 434//434 437//437 438//438
f 434//434 438//438 435//435
f 435//435 438//438 439//439
f 435//435 439//439 436//436
f 440//440 343//343 344//344
f 345//345 441//441 344//344
f 344//344 441//441 440//440
f 347//347 441//441 345//345
f 443//443 442//442 440//440
f 442//442 343//343 440//440
f 442//442 348//348 343//343
f 445//445 444//444 443//443
f 440//440 445//445 443//443
f 441//441 445//445 440//440
f 350//350 445//445 347//347
f 347//347 445//445 441//441
f 447//447 446//446 353//353
f 353//353 446//446 352//352
f 353//353 348//348 442//442
f 353//353 442//442 447//447
f 444//444 445//445 448//448
f 444//444 448//448 449//449
f 354//354 450//450 350//350
f 450//450 445//445 350//350
f 450//450 448//448 445//445
f 356//356 450//450 354//354
f 446//446 358//358 352//352
f 451//451 358//358 446//446
f 452//452 449//449 448//448
f 454//454 453//453 452//452
f 448//448 454//454 452//452
f 450//450 454//454 448//448
f 360//360 454//454 356//356
f 356//356 454//454 450//450
f 457//457 456//456 455//455
f 451//451 457//457 455//455
f 361//361 451//451 455//455
f 358//358 451//451 361//361
f 453//453 454//454 458//458
f 453//453 458//458 459//459
f 363//363 458//458 360//360
f 360//360 458//458 454//454
f 455//455 456//456 366//366
f 456//456 365//365 366//366
f 456//456 460//460 365//365
f 455//455 366//366 361//361
f 459//459 458//458 461//461
f 459//459 461//461 462//462
f 368//368 461//461 363//363
f 363//363 461//461 458//458
f 465//465 464//464 463//463
f 460//460 465//465 463//463
f 370//370 460//460 463//463
f 365//365 460//460 370//370
f 466//466 462//462 461//461
f 468//468 466//466 467//467
f 467//467 466//466 371//371
f 466//466 461//461 371//371
f 461//461 368//368 371//371
f 373//373 467//467 371//371
f 463//463 464//464 469//469
f 469//469 464//464 470//470
f 469//469 375//375 370//370
f 469//469 370//370 463//463
f 468//468 467//467 471//471
f 468//468 471//471 472//472
f 377//377 471//471 373//373
f 373//373 471//471 467//467
f 475//475 474//474 473//473
f 475//475 473//473 470//470
f 470//470 473//473 469//469
f 473//473 379//379 469//469
f 379//379 380//380 469//469
f 469//469 380//380 375//375
f 472//472 471//471 476//476
f 472//472 476//476 477//477
f 383//383 476//476 377//377
f 377//377 476//476 471//471
f 473//473 474//474 478//478
f 478//478 474//474 479//479
f 478//478 385//385 379//379
f 478//478 379//379 473//473
f 477//477 476//476 480//480
f 477//477 480//480 481//481
f 388//388 480//480 383//383
f 383//383 480//480 476//476
f 484//484 483//483 482//482
f 484//484 482//482 479//479
f 482//482 478//478 479//479
f 482//482 485//485 478//478
f 485//485 390//390 385//385
f 485//485 385//385 478//478
f 481//481 480//480 486//486
f 481//481 486//486 487//487
f 393//393 486//486 388//388
f 388//388 486//486 480//480
f 482//482 483//483 488//488
f 488//488 483//483 489//489
f 482//482 490//490 485//485
f 482//482 488//488 490//490
f 490//490 395//395 390//390
f 490//490 390//390 485//485
f 487//487 486//486 491//491
f 487//487 491//491 492//492
f 401//401 491//491 393//393
f 393//393 491//491 486//486
f 488//488 489//489 493//493
f 493//493 489//489 494//494
f 488//488 495//495 490//490
f 488//488 493//493 495//495
f 495//495 403//403 395//395
f 495//495 395//395 490//490
f 492//492 491//491 496//496
f 492//492 496//496 497//497
f 409//409 496//496 401//401
f 401//401 496//496 491//491
f 500//500 499//499 498//498
f 500//500 498//498 494//494
f 498//498 493//493 494//494
f 498//498 501//501 493//493
f 493//493 502//502 495//495
f 493//493 501//501 502//502
f 502//502 411//411 403//403
f 502//502 403//403 495//495
f 505//505 504//504 503//503
f 503//503 504//504 497//497
f 503//503 497//497 496//496
f 418//418 503//503 496//496
f 417//417 418//418 496//496
f 417//417 496//496 409//409
f 498//498 499//499 506//506
f 506//506 499//499 507//507
f 498//498 508//508 501//501
f 498//498 506//506 508//508
f 501//501 509//509 502//502
f 501//501 508//508 509//509
f 510//510 419//419 411//411
f 502//502 510//510 411//411
f 509//509 510//510 502//502
f 511//511 420//420 419//419
f 511//511 419//419 510//510
f 512//512 421//421 420//420
f 512//512 420//420 511//511
f 512//512 423//423 421//421
f 505//505 503//503 513//513
f 505//505 513//513 514//514
f 426//426 513//513 418//418
f 418//418 513//513 503//503
f 506//506 507//507 515//515
f 515//515 507//507 516//516
f 506//506 517//517 508//508
f 506//506 515//515 517//517
f 508//508 518//518 509//509
f 508//508 517//517 518//518
f 509//509 519//519 510//510
f 509//509 518//518 519//519
f 510//510 520//520 511//511
f 510//510 519//519 520//520
f 511//511 521//521 512//512
f 511//511 520//520 521//521
f 521//521 428//428 423//423
f 521//521 423//423 512//512
f 514//514 513//513 522//522
f 514//514 522//522 523//523
f 431//431 522//522 426//426
f 426//426 522//522 513//513
f 515//515 516//516 524//524
f 524//524 516//516 525//525
f 515//515 526//526 517//517
f 515//515 524//524 526//526
f 517//517 527//527 518//518
f 517//517 526//526 527//527
f 518//518 528//528 519//519
f 518//518 527//527 528//528
f 519//519 529//529 520//520
f 519//519 528//528 529//529
f 520//520 530//530 521//521
f 520//520 529//529 530//530
f 530//530 433//433 428//428
f 530//530 428//428 521//521
f 523//523 522//522 531//531
f 523//523 531//531 532//532
f 436//436 531//531 431//431
f 431//431 531//531 522//522
f 525//525 533//533 524//524
f 524//524 533//533 526//526
f 526//526 533//533 534//534
f 526//526 534//534 527//527
f 527//527 534//534 535//535
f 527//527 535//535 528//528
f 528//528 535//535 536//536
f 538//538 537//537 536//536
f 537//537 528//528 536//536
f 537//537 529//529 528//528
f 529//529 539//539 530//530
f 529//529 537//537 539//539
f 540//540 437//437 433//433
f 530//530 540//540 433//433
f 539//539 540//540 530//530
f 541//541 438//438 437//437
f 541//541 437//437 540//540
f 542//542 532//532 531//531
f 438//438 542//542 531//531
f 439//439 438//438 531//531
f 542//542 438//438 541//541
f 439//439 531//531 436//436
f 537//537 538//538 543//543
f 543//543 538//538 544//544
f 537//537 545//545 539//539
f 537//537 543//543 545//545
f 539//539 546//546 540//540
f 539//539 545//545 546//546
f 548//548 541//541 547//547
f 541//541 546//546 547//547
f 541//541 540//540 546//546
f 541//541 548//548 542//542
f 543//543 544//544 549//549
f 549//549 544//544 550//550
f 543//543 551//551 545//545
f 543//543 549//549 551//551
f 553//553 546//546 552//552
f 546//546 551//551 552//552
f 546//546 545//545 551//551
f 546//546 553//553 547//547
f 550//550 554//554 549//549
f 549//549 554//554 551//551
f 551//551 554//554 555//555
f 551//551 555//555 552//552
f 556//556 442//442 443//443
f 444//444 556//556 443//443
f 558//558 557//557 447//447
f 447//447 557//557 446//446
f 558//558 447//447 442//442
f 559//559 558//558 442//442
f 556//556 559//559 442//442
f 558//558 559//559 560//560
f 449//449 559//559 444//444
f 444//444 559//559 556//556
f 563//563 562//562 561//561
f 557//557 563//563 561//561
f 451//451 557//557 561//561
f 446//446 557//557 451//451
f 560//560 559//559 564//564
f 560//560 564//564 565//565
f 452//452 566//566 449//449
f 566//566 559//559 449//449
f 566//566 564//564 559//559
f 453//453 566//566 452//452
f 561//561 562//562 457//457
f 562//562 456//456 457//457
f 562//562 567//567 456//456
f 561//561 457//457 451//451
f 568//568 565//565 564//564
f 570//570 569//569 568//568
f 564//564 570//570 568//568
f 566//566 570//570 564//564
f 459//459 570//570 453//453
f 453//453 570//570 566//566
f 573//573 572//572 571//571
f 567//567 573//573 571//571
f 460//460 567//567 571//571
f 456//456 567//567 460//460
f 569//569 570//570 574//574
f 569//569 574//574 575//575
f 462//462 574//574 459//459
f 459//459 574//574 570//570
f 571//571 572//572 465//465
f 572//572 464//464 465//465
f 572//572 576//576 464//464
f 571//571 465//465 460//460
f 575//575 574//574 577//577
f 575//575 577//577 578//578
f 466//466 579//579 462//462
f 579//579 574//574 462//462
f 579//579 577//577 574//574
f 468//468 579//579 466//466
f 582//582 581//581 580//580
f 576//576 582//582 580//580
f 470//470 576//576 580//580
f 464//464 576//576 470//470
f 578//578 577//577 583//583
f 578//578 583//583 584//584
f 585//585 577//577 579//579
f 583//583 577//577 585//585
f 472//472 585//585 468//468
f 468//468 585//585 579//579
f 580//580 581//581 475//475
f 581//581 474//474 475//475
f 581//581 586//586 474//474
f 580//580 475//475 470//470
f 587//587 584//584 583//583
f 589//589 588//588 587//587
f 583//583 589//589 587//587
f 585//585 589//589 583//583
f 477//477 589//589 472//472
f 472//472 589//589 585//585
f 592//592 591//591 590//590
f 586//586 592//592 590//590
f 479//479 586//586 590//590
f 474//474 586//586 479//479
f 588//588 589//589 593//593
f 588//588 593//593 594//594
f 481//481 593//593 477//477
f 477//477 593//593 589//589
f 590//590 591//591 484//484
f 591//591 483//483 484//484
f 591//591 595//595 483//483
f 590//590 484//484 479//479
f 594//594 593//593 596//596
f 594//594 596//596 597//597
f 487//487 596//596 481//481
f 481//481 596//596 593//593
f 600//600 599//599 598//598
f 595//595 600//600 598//598
f 489//489 595//595 598//598
f 483//483 595//595 489//489
f 597//597 596//596 601//601
f 597//597 601//601 602//602
f 492//492 601//601 487//487
f 487//487 601//601 596//596
f 598//598 599//599 603//603
f 603//603 599//599 604//604
f 603//603 494//494 489//489
f 603//603 489//489 598//598
f 602//602 601//601 605//605
f 602//602 605//605 606//606
f 497//497 605//605 492//492
f 492//492 605//605 601//601
f 609//609 608//608 607//607
f 609//609 607//607 604//604
f 604//604 607//607 603//603
f 607//607 499//499 603//603
f 499//499 500//500 603//603
f 603//603 500//500 494//494
f 612//612 611//611 610//610
f 610//610 611//611 606//606
f 610//610 606//606 605//605
f 505//505 610//610 605//605
f 504//504 505//505 605//605
f 504//504 605//605 497//497
f 607//607 608//608 613//613
f 613//613 608//608 614//614
f 613//613 507//507 499//499
f 613//613 499//499 607//607
f 612//612 610//610 615//615
f 612//612 615//615 616//616
f 514//514 615//615 505//505
f 505//505 615//615 610//610
f 613//613 614//614 617//617
f 617//617 614//614 618//618
f 617//617 516//516 507//507
f 617//617 507//507 613//613
f 616//616 615//615 619//619
f 616//616 619//619 620//620
f 523//523 619//619 514//514
f 514//514 619//619 615//615
f 623//623 622//622 621//621
f 623//623 621//621 618//618
f 621//621 617//617 618//618
f 621//621 624//624 617//617
f 624//624 525//525 516//516
f 624//624 516//516 617//617
f 620//620 619//619 625//625
f 620//620 625//625 626//626
f 532//532 625//625 523//523
f 523//523 625//625 619//619
f 621//621 622//622 627//627
f 627//627 622//622 628//628
f 621//621 629//629 624//624
f 621//621 627//627 629//629
f 630//630 533//533 525//525
f 624//624 630//630 525//525
f 629//629 630//630 624//624
f 631//631 534//534 533//533
f 631//631 533//533 630//630
f 632//632 535//535 534//534
f 632//632 534//534 631//631
f 633//633 536//536 535//535
f 633//633 535//535 632//632
f 633//633 538//538 536//536
f 626//626 625//625 634//634
f 626//626 634//634 635//635
f 542//542 634//634 532//532
f 532//532 634//634 625//625
f 627//627 628//628 636//636
f 636//636 628//628 637//637
f 627//627 638//638 629//629
f 627//627 636//636 638//638
f 629//629 639//639 630//630
f 629//629 638//638 639//639
f 630//630 640//640 631//631
f 630//630 639//639 640//640
f 631//631 641//641 632//632
f 631//631 640//640 641//641
f 632//632 642//642 633//633
f 632//632 641//641 642//642
f 642//642 544//544 538//538
f 642//642 538//538 633//633
f 645//645 644//644 643//643
f 643//643 644//644 635//635
f 643//643 635//635 634//634
f 547//547 643//643 634//634
f 548//548 547//547 634//634
f 548//548 634//634 542//542
f 637//637 646//646 636//636
f 648//648 647//647 646//646
f 647//647 636//636 646//646
f 647//647 638//638 636//636
f 638//638 649//649 639//639
f 638//638 647//647 649//649
f 639//639 650//650 640//640
f 639//639 649//649 650//650
f 640//640 651//651 641//641
f 640//640 650//650 651//651
f 641//641 652//652 642//642
f 641//641 651//651 652//652
f 652//652 550//550 544//544
f 652//652 544//544 642//642
f 645//645 643//643 553//553
f 552//552 645//645 553//553
f 653//653 645//645 552//552
f 553//553 643//643 547//547
f 648//648 654//654 647//647
f 656//656 655//655 654//654
f 655//655 647//647 654//654
f 655//655 649//649 647//647
f 649//649 657//657 650//650
f 649//649 655//655 657//657
f 650//650 658//658 651//651
f 650//650 657//657 658//658
f 651//651 659//659 652//652
f 651//651 658//658 659//659
f 660//660 554//554 550//550
f 652//652 660//660 550//550
f 659//659 660//660 652//652
f 554//554 660//660 661//661
f 662//662 554//554 661//661
f 555//555 554//554 662//662
f 552//552 555//555 653//653
f 653//653 555//555 662//662
f 655//655 656//656 663//663
f 663//663 656//656 664//664
f 655//655 665//665 657//657
f 655//655 663//663 665//665
f 657//657 666//666 658//658
f 657//657 665//665 666//666
f 658//658 667//667 659//659
f 658//658 666//666 667//667
f 669//669 660//660 668//668
f 660//660 667//667 668//668
f 660//660 659//659 667//667
f 660//660 669//669 661//661
f 663//663 664//664 670//670
f 670//670 664//664 671//671
f 663//663 672//672 665//665
f 663//663 670//670 672//672
f 665//665 673//673 666//666
f 665//665 672//672 673//673
f 675//675 667//667 674//674
f 667//667 673//673 674//674
f 667//667 666//666 673//673
f 667//667 675//675 668//668
f 671//671 676//676 670//670
f 670//670 676//676 672//672
f 672//672 676//676 677//677
f 672//672 677//677 673//673
f 673//673 677//677 678//678
f 673//673 678//678 674//674
f 679//679 557//557 558//558
f 560//560 679//679 558//558
f 680//680 562//562 563//563
f 557//557 679//679 563//563
f 679//679 680//680 563//563
f 679//679 681//681 680//680
f 565//565 681//681 560//560
f 560//560 681//681 679//679
f 683//683 682//682 680//680
f 682//682 562//562 680//680
f 682//682 567//567 562//562
f 685//685 684//684 683//683
f 680//680 685//685 683//683
f 681//681 685//685 680//680
f 568//568 686//686 565//565
f 686//686 681//681 565//565
f 686//686 685//685 681//681
f 569//569 686//686 568//568
f 688//688 687//687 573//573
f 573//573 687//687 572//572
f 573//573 567//567 682//682
f 573//573 682//682 688//688
f 684//684 685//685 689//689
f 684//684 689//689 690//690
f 691//691 685//685 686//686
f 689//689 685//685 691//691
f 575//575 691//691 569//569
f 569//569 691//691 686//686
f 687//687 576//576 572//572
f 692//692 576//576 687//687
f 693//693 690//690 689//689
f 695//695 694//694 693//693
f 689//689 695//695 693//693
f 691//691 695//695 689//689
f 578//578 695//695 575//575
f 575//575 695//695 691//691
f 697//697 696//696 582//582
f 582//582 696//696 581//581
f 582//582 576//576 692//692
f 582//582 692//692 697//697
f 694//694 695//695 698//698
f 694//694 698//698 699//699
f 584//584 698//698 578//578
f 578//578 698//698 695//695
f 702//702 701//701 700//700
f 696//696 702//702 700//700
f 586//586 696//696 700//700
f 581//581 696//696 586//586
f 699//699 698//698 703//703
f 699//699 703//703 704//704
f 587//587 705//705 584//584
f 705//705 698//698 584//584
f 705//705 703//703 698//698
f 588//588 705//705 587//587
f 700//700 701//701 592//592
f 701//701 591//591 592//592
f 701//701 706//706 591//591
f 700//700 592//592 586//586
f 704//704 703//703 707//707
f 704//704 707//707 708//708
f 709//709 703//703 705//705
f 707//707 703//703 709//709
f 594//594 709//709 588//588
f 588//588 709//709 705//705
f 712//712 711//711 710//710
f 706//706 712//712 710//710
f 595//595 706//706 710//710
f 591//591 706//706 595//595
f 713//713 708//708 707//707
f 715//715 714//714 713//713
f 707//707 715//715 713//713
f 709//709 715//715 707//707
f 597//597 715//715 594//594
f 594//594 715//715 709//709
f 710//710 711//711 600//600
f 711//711 599//599 600//600
f 711//711 716//716 599//599
f 710//710 600//600 595//595
f 714//714 715//715 717//717
f 714//714 717//717 718//718
f 602//602 717//717 597//597
f 597//597 717//717 715//715
f 721//721 720//720 719//719
f 716//716 721//721 719//719
f 604//604 716//716 719//719
f 599//599 716//716 604//604
f 718//718 717//717 722//722
f 718//718 722//722 723//723
f 606//606 722//722 602//602
f 602//602 722//722 717//717
f 719//719 720//720 609//609
f 720//720 608//608 609//609
f 720//720 724//724 608//608
f 719//719 609//609 604//604
f 727//727 726//726 725//725
f 725//725 726//726 723//723
f 725//725 723//723 722//722
f 612//612 725//725 722//722
f 611//611 612//612 722//722
f 611//611 722//722 606//606
f 730//730 729//729 728//728
f 724//724 730//730 728//728
f 614//614 724//724 728//728
f 608//608 724//724 614//614
f 727//727 725//725 731//731
f 727//727 731//731 732//732
f 616//616 731//731 612//612
f 612//612 731//731 725//725
f 728//728 729//729 733//733
f 733//733 729//729 734//734
f 733//733 618//618 614//614
f 733//733 614//614 728//728
f 737//737 736//736 735//735
f 735//735 736//736 732//732
f 731//731 735//735 732//732
f 738//738 735//735 731//731
f 620//620 738//738 616//616
f 616//616 738//738 731//731
f 741//741 740//740 739//739
f 741//741 739//739 734//734
f 734//734 739//739 733//733
f 739//739 622//622 733//733
f 622//622 623//623 733//733
f 733//733 623//623 618//618
f 737//737 735//735 742//742
f 737//737 742//742 743//743
f 744//744 735//735 738//738
f 742//742 735//735 744//744
f 626//626 744//744 620//620
f 620//620 744//744 738//738
f 739//739 740//740 745//745
f 745//745 740//740 746//746
f 745//745 628//628 622//622
f 745//745 622//622 739//739
f 743//743 742//742 747//747
f 743//743 747//747 748//748
f 749//749 742//742 744//744
f 747//747 742//742 749//749
f 635//635 749//749 626//626
f 626//626 749//749 744//744
f 752//752 751//751 750//750
f 752//752 750//750 746//746
f 750//750 745//745 746//746
f 750//750 753//753 745//745
f 753//753 637//637 628//628
f 753//753 628//628 745//745
f 756//756 755//755 754//754
f 754//754 755//755 748//748
f 747//747 754//754 748//748
f 757//757 754//754 747//747
f 645//645 757//757 644//644
f 757//757 749//749 644//644
f 757//757 747//747 749//749
f 644//644 749//749 635//635
f 750//750 751//751 758//758
f 758//758 751//751 759//759
f 750//750 760//760 753//753
f 750//750 758//758 760//760
f 761//761 646//646 637//637
f 753//753 761//761 637//637
f 760//760 761//761 753//753
f 761//761 648//648 646//646
f 756//756 754//754 762//762
f 756//756 762//762 763//763
f 764//764 754//754 757//757
f 762//762 754//754 764//764
f 653//653 764//764 645//645
f 645//645 764//764 757//757
f 758//758 759//759 765//765
f 765//765 759//759 766//766
f 758//758 767//767 760//760
f 758//758 765//765 767//767
f 760//760 768//768 761//761
f 760//760 767//767 768//768
f 769//769 654//654 648//648
f 761//761 769//769 648//648
f 768//768 769//769 761//761
f 769//769 656//656 654//654
f 772//772 771//771 770//770
f 770//770 771//771 763//763
f 762//762 770//770 763//763
f 773//773 770//770 762//762
f 661//661 773//773 662//662
f 773//773 764//764 662//662
f 773//773 762//762 764//764
f 662//662 764//764 653//653
f 765//765 766//766 774//774
f 774//774 766//766 775//775
f 765//765 776//776 767//767
f 765//765 774//774 776//776
f 767//767 777//777 768//768
f 767//767 776//776 777//777
f 768//768 778//778 769//769
f 768//768 777//777 778//778
f 778//778 664//664 656//656
f 778//778 656//656 769//769
f 781//781 780//780 779//779
f 783//783 782//782 779//779
f 783//783 779//779 780//780
f 782//782 783//783 772//772
f 770//770 782//782 772//772
f 784//784 782//782 770//770
f 668//668 784//784 669//669
f 784//784 773//773 669//669
f 784//784 770//770 773//773
f 669//669 773//773 661//661
f 774//774 775//775 785//785
f 785//785 775//775 786//786
f 774//774 787//787 776//776
f 774//774 785//785 787//787
f 776//776 788//788 777//777
f 776//776 787//787 788//788
f 777//777 789//789 778//778
f 777//777 788//788 789//789
f 789//789 671//671 664//664
f 789//789 664//664 778//778
f 781//781 779//779 790//790
f 781//781 790//790 791//791
f 792//792 779//779 782//782
f 790//790 779//779 792//792
f 674//674 792//792 675//675
f 792//792 784//784 675//675
f 792//792 782//782 784//784
f 675//675 784//784 668//668
f 786//786 793//793 785//785
f 785//785 793//793 787//787
f 787//787 793//793 794//794
f 796//796 795//795 794//794
f 795//795 787//787 794//794
f 795//795 788//788 787//787
f 798//798 789//789 797//797
f 789//789 795//795 797//797
f 789//789 788//788 795//795
f 789//789 798//798 671//671
f 798//798 676//676 671//671
f 798//798 799//799 676//676
f 790//790 677//677 791//791
f 677//677 799//799 791//791
f 677//677 676//676 799//799
f 677//677 790//790 678//678
f 678//678 790//790 792//792
f 678//678 792//792 674//674
f 795//795 796//796 800//800
f 800//800 796//796 801//801
f 797//797 795//795 802//802
f 802//802 795//795 800//800
f 800//800 801//801 803//803
f 803//803 801//801 804//804
f 802//802 800//800 805//805
f 805//805 800//800 803//803
f 804//804 806//806 803//803
f 803//803 806//806 805//805
f 807//807 682//682 683//683
f 684//684 807//807 683//683
f 808//808 687//687 688//688
f 682//682 807//807 688//688
f 807//807 808//808 688//688
f 807//807 809//809 808//808
f 690//690 809//809 684//684
f 684//684 809//809 807//807
f 810//810 692//692 808//808
f 808//808 692//692 687//687
f 811//811 808//808 809//809
f 810//810 808//808 811//811
f 693//693 812//812 690//690
f 812//812 809//809 690//690
f 812//812 811//811 809//809
f 694//694 812//812 693//693
f 813//813 696//696 697//697
f 692//692 810//810 697//697
f 810//810 813//813 697//697
f 810//810 814//814 813//813
f 815//815 810//810 811//811
f 814//814 810//810 815//815
f 816//816 811//811 812//812
f 815//815 811//811 816//816
f 699//699 816//816 694//694
f 694//694 816//816 812//812
f 817//817 701//701 702//702
f 696//696 813//813 702//702
f 813//813 817//817 702//702
f 813//813 818//818 817//817
f 819//819 813//813 814//814
f 818//818 813//813 819//819
f 820//820 814//814 815//815
f 819//819 814//814 820//820
f 821//821 815//815 816//816
f 820//820 815//815 821//821
f 704//704 821//821 699//699
f 699//699 821//821 816//816
f 822//822 706//706 817//817
f 817//817 706//706 701//701
f 823//823 817//817 818//818
f 822//822 817//817 823//823
f 824//824 818//818 819//819
f 823//823 818//818 824//824
f 825//825 819//819 820//820
f 824//824 819//819 825//825
f 826//826 820//820 821//821
f 825//825 820//820 826//826
f 708//708 826//826 704//704
f 704//704 826//826 821//821
f 827//827 711//711 712//712
f 706//706 822//822 712//712
f 822//822 827//827 712//712
f 822//822 828//828 827//827
f 829//829 822//822 823//823
f 828//828 822//822 829//829
f 830//830 823//823 824//824
f 829//829 823//823 830//830
f 831//831 824//824 825//825
f 830//830 824//824 831//831
f 832//832 825//825 826//826
f 831//831 825//825 832//832
f 713//713 833//833 708//708
f 833//833 826//826 708//708
f 833//833 832//832 826//826
f 714//714 833//833 713//713
f 834//834 716//716 827//827
f 827//827 716//716 711//711
f 835//835 827//827 828//828
f 834//834 827//827 835//835
f 836//836 828//828 829//829
f 835//835 828//828 836//836
f 837//837 829//829 830//830
f 836//836 829//829 837//837
f 838//838 830//830 831//831
f 837//837 830//830 838//838
f 839//839 831//831 832//832
f 838//838 831//831 839//839
f 840//840 832//832 833//833
f 839//839 832//832 840//840
f 718//718 840//840 714//714
f 714//714 840//840 833//833
f 841//841 720//720 721//721
f 716//716 834//834 721//721
f 834//834 841//841 721//721
f 834//834 842//842 841//841
f 843//843 834//834 835//835
f 842//842 834//834 843//843
f 844//844 835//835 836//836
f 843//843 835//835 844//844
f 845//845 836//836 837//837
f 844//844 836//836 845//845
f 846//846 837//837 838//838
f 845//845 837//837 846//846
f 847//847 838//838 839//839
f 846//846 838//838 847//847
f 848//848 839//839 840//840
f 847//847 839//839 848//848
f 723//723 848//848 718//718
f 718//718 848//848 840//840
f 849//849 724//724 841//841
f 841//841 724//724 720//720
f 850//850 841//841 842//842
f 849//849 841//841 850//850
f 851//851 842//842 843//843
f 850//850 842//842 851//851
f 852//852 843//843 844//844
f 851//851 843//843 852//852
f 853//853 844//844 845//845
f 852//852 844//844 853//853
f 854//854 845//845 846//846
f 853//853 845//845 854//854
f 855//855 846//846 847//847
f 854//854 846//846 855//855
f 727//727 855//855 726//726
f 855//855 848//848 726//726
f 855//855 847//847 848//848
f 726//726 848//848 723//723
f 856//856 729//729 730//730
f 724//724 849//849 730//730
f 849//849 856//856 730//730
f 849//849 857//857 856//856
f 858//858 849//849 850//850
f 857//857 849//849 858//858
f 859//859 850//850 851//851
f 858//858 850//850 859//859
f 860//860 851//851 852//852
f 859//859 851//851 860//860
f 861//861 852//852 853//853
f 860//860 852//852 861//861
f 862//862 853//853 854//854
f 861//861 853//853 862//862
f 863//863 854//854 855//855
f 862//862 854//854 863//863
f 732//732 863//863 727//727
f 727//727 863//863 855//855
f 864//864 734//734 856//856
f 856//856 734//734 729//729
f 865//865 856//856 857//857
f 864//864 856//856 865//865
f 866//866 857//857 858//858
f 865//865 857//857 866//866
f 867//867 858//858 859//859
f 866//866 858//858 867//867
f 868//868 859//859 860//860
f 867//867 859//859 868//868
f 869//869 860//860 861//861
f 868//868 860//860 869//869
f 870//870 861//861 862//862
f 869//869 861//861 870//870
f 737//737 870//870 736//736
f 870//870 863//863 736//736
f 870//870 862//862 863//863
f 736//736 863//863 732//732
f 871//871 740//740 741//741
f 734//734 864//864 741//741
f 864//864 871//871 741//741
f 864//864 872//872 871//871
f 873//873 864//864 865//865
f 872//872 864//864 873//873
f 874//874 865//865 866//866
f 873//873 865//865 874//874
f 875//875 866//866 867//867
f 874//874 866//866 875//875
f 876//876 867//867 868//868
f 875//875 867//867 876//876
f 877//877 868//868 869//869
f 876//876 868//868 877//877
f 878//878 869//869 870//870
f 877//877 869//869 878//878
f 743//743 878//878 737//737
f 737//737 878//878 870//870
f 879//879 746//746 871//871
f 871//871 746//746 740//740
f 880//880 871//871 872//872
f 879//879 871//871 880//880
f 881//881 872//872 873//873
f 880//880 872//872 881//881
f 882//882 873//873 874//874
f 881//881 873//873 882//882
f 883//883 874//874 875//875
f 882//882 874//874 883//883
f 884//884 875//875 876//876
f 883//883 875//875 884//884
f 885//885 876//876 877//877
f 884//884 876//876 885//885
f 886//886 877//877 878//878
f 885//885 877//877 886//886
f 748//748 886//886 743//743
f 743//743 886//886 878//878
f 887//887 751//751 752//752
f 746//746 879//879 752//752
f 879//879 887//887 752//752
f 879//879 888//888 887//887
f 889//889 879//879 880//880
f 888//888 879//879 889//889
f 890//890 880//880 881//881
f 889//889 880//880 890//890
f 891//891 881//881 882//882
f 890//890 881//881 891//891
f 892//892 882//882 883//883
f 891//891 882//882 892//892
f 893//893 883//883 884//884
f 892//892 883//883 893//893
f 894//894 884//884 885//885
f 893//893 884//884 894//894
f 756//756 894//894 755//755
f 894//894 886//886 755//755
f 894//894 885//885 886//886
f 755//755 886//886 748//748
f 895//895 759//759 887//887
f 887//887 759//759 751//751
f 896//896 887//887 888//888
f 895//895 887//887 896//896
f 897//897 888//888 889//889
f 896//896 888//888 897//897
f 898//898 889//889 890//890
f 897//897 889//889 898//898
f 899//899 890//890 891//891
f 898//898 890//890 899//899
f 900//900 891//891 892//892
f 899//899 891//891 900//900
f 901//901 892//892 893//893
f 900//900 892//892 901//901
f 902//902 893//893 894//894
f 901//901 893//893 902//902
f 763//763 902//902 756//756
f 756//756 902//902 894//894
f 903//903 766//766 895//895
f 895//895 766//766 759//759
f 904//904 895//895 896//896
f 903//903 895//895 904//904
f 905//905 896//896 897//897
f 904//904 896//896 905//905
f 906//906 897//897 898//898
f 905//905 897//897 906//906
f 907//907 898//898 899//899
f 906//906 898//898 907//907
f 908//908 899//899 900//900
f 907//907 899//899 908//908
f 909//909 900//900 901//901
f 908//908 900//900 909//909
f 772//772 909//909 771//771
f 909//909 902//902 771//771
f 909//909 901//901 902//902
f 771//771 902//902 763//763
f 910//910 775//775 903//903
f 903//903 775//775 766//766
f 911//911 903//903 904//904
f 910//910 903//903 911//911
f 912//912 904//904 905//905
f 911//911 904//904 912//912
f 913//913 905//905 906//906
f 912//912 905//905 913//913
f 914//914 906//906 907//907
f 913//913 906//906 914//914
f 781//781 914//914 780//780
f 914//914 908//908 780//780
f 914//914 907//907 908//908
f 780//780 908//908 783//783
f 783//783 908//908 909//909
f 783//783 909//909 772//772
f 915//915 786//786 910//910
f 910//910 786//786 775//775
f 916//916 910//910 911//911
f 915//915 910//910 916//916
f 917//917 911//911 912//912
f 916//916 911//911 917//917
f 918//918 912//912 913//913
f 917//917 912//912 918//918
f 919//919 913//913 914//914
f 918//918 913//913 919//919
f 791//791 919//919 781//781
f 781//781 919//919 914//914
f 915//915 793//793 786//786
f 793//793 915//915 794//794
f 794//794 915//915 916//916
f 794//794 916//916 796//796
f 916//916 920//920 796//796
f 916//916 917//917 920//920
f 797//797 920//920 798//798
f 920//920 918//918 798//798
f 920//920 917//917 918//918
f 798//798 918//918 799//799
f 799//799 918//918 919//919
f 799//799 919//919 791//791
f 921//921 801//801 920//920
f 920//920 801//801 796//796
f 802//802 921//921 797//797
f 797//797 921//921 920//920
f 922//922 804//804 921//921
f 921//921 804//804 801//801
f 805//805 922//922 802//802
f 802//802 922//922 921//921
f 922//922 806//806 804//804
f 806//806 922//922 805//805

